-- =====================================================================
-- app_database — CLEANED EXPORT (OpenDental mirror tables removed)
-- =====================================================================
-- Generated: 2026-05-12
-- Source schema: latest2.sql (canonical merge of latest1.sql MariaDB dump
--                + dump_b_canonical_migrations.sql, post-migration 069)
-- Authority for OD comparison: https://www.opendental.com/OpenDentalDocumentation26-1.xml
--                              (OpenDental v26.1.0.0 — 427 native tables)
-- Target: MySQL 8.0 / MariaDB 10.11+ compatible
-- Engine/charset: InnoDB, utf8mb4 (mixed utf8mb4_unicode_ci and
--                 utf8mb4_0900_ai_ci collations preserved per original)
-- =====================================================================
-- DEEP-SCHEMA COMPARISON SUMMARY
-- ---------------------------------------------------------------------
--   Total app_database tables analyzed:                117
--   Native OpenDental tables found (set intersection):   0
--   Mirror/cache tables of OpenDental data EXCLUDED:     2
--   Custom application tables RETAINED:                115
--   Views / triggers / stored procedures / functions:    0   (none in source)
--   Seed INSERT statements added (end-of-file section): 16
--     • 6 system roles (super_admin, admin_user, payroll_manager,
--       payroll_user, insurance_specialist, viewer)
--     • 56 permissions — 54 EXACT @Permissions('...') strings from
--       nest-dental-app/src/**/*.controller.ts + 2 extras only found
--       via hasPermission() / frontend usePermission() (era.post,
--       payroll.view_own) — verified by union-grep on backend + frontend
--     • role_permissions matrix (super_admin gets all; others scoped
--       by actual permission names the code checks for)
--     • 1 sample provider record
--     • 3 default super_admin users — admin / gary / matthew
--       (initial password for all three: "ChangeMe123!"; each has its own
--        bcrypt salt+hash; force_password_change = 1; MUST be rotated)
--     • 15 practice_rule_settings defaults (from migrations 008 + 011)
--     • 6 system_settings entries (app name, timezone, retention, etc.)
--     • 1 stedi_poll_state singleton row (id = 1)
--     • 12 grooming_settings defaults (thresholds + feature flags)
--     • 74 migration_history rows — marks every migration in
--       nest-dental-app/migrations/ as already executed so the runtime
--       migration runner (database-init.service.ts) does not re-apply
--       non-idempotent ALTER statements on first boot. WITHOUT this,
--       the app would attempt to re-run every migration and crash.
-- ---------------------------------------------------------------------
-- EXCLUDED TABLES (OpenDental-derived mirrors)
-- ---------------------------------------------------------------------
--   1. od_insurance_payments
--      Purpose: local cache of OpenDental claimpayment rows
--      PK od_claimpayment_id maps to OD claimpayment.ClaimPaymentNum
--      Columns mirror OD: payment_date, amount, carrier_name, check_number,
--                         payment_type, note, is_partial, claim_count
--      Sync source:  OD REST API (axios via ODFHIR token in database_connections)
--      No FK constraints reference this table (verified line-by-line in source)
--
--   2. od_patient_payments
--      Purpose: local cache of OpenDental payment rows
--      PK od_paynum maps to OD payment.PayNum
--      Columns mirror OD: payment_date, amount, patient_name, pat_num,
--                         check_number, payment_type, payment_type_name,
--                         pay_note, retref, auth_code
--      Sync source:  OD REST API (per migrations 041, 047, 049)
--      No FK constraints reference this table (verified line-by-line in source)
-- ---------------------------------------------------------------------
-- DEPENDENCY ANALYSIS (post-exclusion)
-- ---------------------------------------------------------------------
-- Tables that contain soft-link integer columns (od_claimpayment_id,
-- od_paynum, od_claim_num, od_claimproc_num, od_payment_id, patnum, AptNum,
-- PatNum, ProvNum, FeeSchedNum) remain in this export. These columns are
-- cross-database pointers to the SEPARATE OpenDental MySQL instance
-- (accessed at runtime via mysqlClient.queryOpenDental()). They are NOT
-- enforced foreign keys in app_database, so removing the two local cache
-- mirrors does NOT orphan any FK constraints. No dependency fixes required.
--
-- Tables that retain soft links to OpenDental (for reference):
--   era_payments, era_claims, era_service_lines, era_match_log,
--   era_posting_overrides, posting_results, posting_errors,
--   follow_up_actions, cob_calculation_log, recon_links, recon_links_archive,
--   recon_exceptions, recon_exceptions_archive, remote_deposits,
--   batch_payroll_reports, providers, users, refund_requests, check_register,
--   phi_access_log, grooming_recommendations, grooming_audit_log,
--   grooming_feedback, grooming_membership_verifications,
--   fee_schedule_settings  (PK fee_sched_num shadows OD FeeSchedNum)
--
-- These are CUSTOM application tables (audit, ERA processing, banking
-- reconciliation, payroll, grooming workflow, refund processing, security
-- logs) — not OpenDental tables.
-- ---------------------------------------------------------------------
-- IMPORT VALIDATION
-- ---------------------------------------------------------------------
-- • All CREATE TABLE statements use `IF NOT EXISTS` (idempotent re-import).
-- • FOREIGN_KEY_CHECKS / UNIQUE_CHECKS toggled correctly at file boundaries
--   (matches the original dump's session-restore semantics).
-- • Two collations coexist (utf8mb4_unicode_ci legacy, utf8mb4_0900_ai_ci
--   modern) — both supported by MySQL 8.0+ and MariaDB 10.6+.
-- • Generated columns, JSON CHECK constraints, and ENUM definitions
--   preserved exactly as in source.
-- • Money columns preserved at full DECIMAL precision (no narrowing).
-- =====================================================================

-- =====================================================================
-- CANONICAL SCHEMA — merged from latest1.sql (MariaDB 10.11) and
-- dump_b_canonical_migrations.sql (MySQL 8.0, post-migration 061).
-- Authority: dump_b for tables present in both; latest1 for tables
-- only in latest1 (grooming_*, payroll_settings, phi_access_log,
-- ortho_lab_fees). Charset/collation upgraded to utf8mb4_0900_ai_ci
-- where dump_b uses it; legacy utf8mb4_unicode_ci preserved for tables
-- inherited from latest1 (R3 only upgrades, never downgrades).
-- Money columns preserved at full precision (R1a, no narrowing).
-- All tables use ENGINE=InnoDB, CHARSET=utf8mb4 (R6).
-- =====================================================================

/*!40101 SET @OLD_CHARACTER_SET_CLIENT=@@CHARACTER_SET_CLIENT */;
/*!40101 SET @OLD_CHARACTER_SET_RESULTS=@@CHARACTER_SET_RESULTS */;
/*!40101 SET @OLD_COLLATION_CONNECTION=@@COLLATION_CONNECTION */;
/*!40101 SET NAMES utf8mb4 */;
/*!40103 SET @OLD_TIME_ZONE=@@TIME_ZONE */;
/*!40103 SET TIME_ZONE='+00:00' */;
/*!40014 SET @OLD_UNIQUE_CHECKS=@@UNIQUE_CHECKS, UNIQUE_CHECKS=0 */;
/*!40014 SET @OLD_FOREIGN_KEY_CHECKS=@@FOREIGN_KEY_CHECKS, FOREIGN_KEY_CHECKS=0 */;
/*!40101 SET @OLD_SQL_MODE=@@SQL_MODE, SQL_MODE='NO_AUTO_VALUE_ON_ZERO' */;

-- ---------------------------------------------------------------
-- Section 1: Identity / RBAC parents (users, providers, roles, permissions)
-- ---------------------------------------------------------------

CREATE TABLE IF NOT EXISTS `providers` (
  `id` int NOT NULL AUTO_INCREMENT,
  `name` varchar(255) NOT NULL,
  `open_dental_provnum` int DEFAULT NULL,
  `provider_type` enum('endodontist','general_dentist','oral_surgeon','hygienist') NOT NULL,
  `is_active` tinyint(1) DEFAULT '1',
  `created_at` timestamp NULL DEFAULT CURRENT_TIMESTAMP,
  `updated_at` timestamp NULL DEFAULT CURRENT_TIMESTAMP ON UPDATE CURRENT_TIMESTAMP,
  PRIMARY KEY (`id`),
  UNIQUE KEY `open_dental_provnum` (`open_dental_provnum`),
  KEY `idx_provider_type` (`provider_type`),
  KEY `idx_active_providers` (`is_active`),
  KEY `idx_open_dental_provnum` (`open_dental_provnum`)
) ENGINE=InnoDB AUTO_INCREMENT=24 DEFAULT CHARSET=utf8mb4 COLLATE=utf8mb4_unicode_ci;

CREATE TABLE IF NOT EXISTS `users` (
  `id` int NOT NULL AUTO_INCREMENT,
  `username` varchar(50) NOT NULL COMMENT 'Unique username for login',
  `email` varchar(100) DEFAULT NULL COMMENT 'User email address (optional)',
  `password_hash` varchar(255) NOT NULL COMMENT 'bcrypt hashed password with individual salt',
  `salt` varchar(255) NOT NULL COMMENT 'Individual password salt for enhanced security',
  `first_name` varchar(50) NOT NULL,
  `last_name` varchar(50) NOT NULL,
  `is_active` tinyint(1) DEFAULT '1',
  `failed_login_attempts` int DEFAULT '0',
  `locked_until` timestamp NULL DEFAULT NULL,
  `last_login` timestamp NULL DEFAULT NULL,
  `password_changed_at` timestamp NULL DEFAULT CURRENT_TIMESTAMP,
  `password_history` longtext CHARACTER SET utf8mb4 COLLATE utf8mb4_bin COMMENT 'History of last 5 password hashes to prevent reuse',
  `force_password_change` tinyint(1) DEFAULT '0',
  `created_at` timestamp NULL DEFAULT CURRENT_TIMESTAMP,
  `updated_at` timestamp NULL DEFAULT CURRENT_TIMESTAMP ON UPDATE CURRENT_TIMESTAMP,
  `created_by_user_id` int DEFAULT NULL,
  `updated_by_user_id` int DEFAULT NULL,
  `provider_id` int DEFAULT NULL,
  `open_dental_usernum` int DEFAULT NULL COMMENT 'Links to userod.UserNum in Open Dental',
  `open_dental_tasklistnum` int DEFAULT NULL COMMENT 'Links to tasklist.TaskListNum (personal inbox) — present in production via manual ALTER, not in repo migrations',
  `entra_object_id` varchar(36) DEFAULT NULL COMMENT 'Azure Entra ID object ID (GUID) for EasyAuth SSO — production column from migration 029 (depends on open_dental_tasklistnum)',
  `open_dental_username` varchar(255) DEFAULT NULL COMMENT 'Links to userod.UserName in Open Dental',
  PRIMARY KEY (`id`),
  UNIQUE KEY `username` (`username`),
  UNIQUE KEY `email` (`email`),
  UNIQUE KEY `idx_od_usernum` (`open_dental_usernum`),
  UNIQUE KEY `idx_entra_object_id` (`entra_object_id`),
  KEY `idx_username` (`username`),
  KEY `idx_email` (`email`),
  KEY `idx_active_users` (`is_active`,`username`),
  KEY `idx_lockout_check` (`locked_until`,`failed_login_attempts`),
  KEY `idx_login_lookup` (`username`,`is_active`,`locked_until`),
  KEY `idx_provider_id` (`provider_id`),
  KEY `idx_od_username` (`open_dental_username`),
  KEY `idx_od_tasklistnum` (`open_dental_tasklistnum`),
  CONSTRAINT `users_provider_fk` FOREIGN KEY (`provider_id`) REFERENCES `providers` (`id`) ON DELETE SET NULL,
  CONSTRAINT `users_chk_1` CHECK (json_valid(`password_history`))
) ENGINE=InnoDB AUTO_INCREMENT=13 DEFAULT CHARSET=utf8mb4 COLLATE=utf8mb4_unicode_ci COMMENT='User accounts for authentication and authorization system';

CREATE TABLE IF NOT EXISTS `roles` (
  `id` int NOT NULL AUTO_INCREMENT,
  `role_name` varchar(50) NOT NULL,
  `display_name` varchar(100) NOT NULL,
  `description` text,
  `is_system_role` tinyint(1) DEFAULT '0',
  `created_at` timestamp NULL DEFAULT CURRENT_TIMESTAMP,
  `updated_at` timestamp NULL DEFAULT CURRENT_TIMESTAMP ON UPDATE CURRENT_TIMESTAMP,
  `last_reviewed_at` timestamp NULL DEFAULT NULL,
  `review_frequency_days` int DEFAULT '90',
  PRIMARY KEY (`id`),
  UNIQUE KEY `role_name` (`role_name`),
  KEY `idx_role_name` (`role_name`),
  KEY `idx_system_roles` (`is_system_role`)
) ENGINE=InnoDB AUTO_INCREMENT=30 DEFAULT CHARSET=utf8mb4 COLLATE=utf8mb4_unicode_ci COMMENT='User roles for role-based authorization system';

CREATE TABLE IF NOT EXISTS `permissions` (
  `id` int NOT NULL AUTO_INCREMENT,
  `permission_name` varchar(100) NOT NULL,
  `display_name` varchar(150) NOT NULL,
  `description` text,
  `category` varchar(50) NOT NULL,
  `resource_type` varchar(50) DEFAULT NULL,
  `created_at` timestamp NULL DEFAULT CURRENT_TIMESTAMP,
  `is_active` tinyint(1) NOT NULL DEFAULT '1',
  PRIMARY KEY (`id`),
  UNIQUE KEY `permission_name` (`permission_name`),
  KEY `idx_permission_name` (`permission_name`),
  KEY `idx_category` (`category`),
  KEY `idx_resource_type` (`resource_type`),
  KEY `idx_category_resource` (`category`,`resource_type`)
) ENGINE=InnoDB AUTO_INCREMENT=61 DEFAULT CHARSET=utf8mb4 COLLATE=utf8mb4_unicode_ci COMMENT='System permissions for granular access control';

CREATE TABLE IF NOT EXISTS `role_permissions` (
  `role_id` int NOT NULL,
  `permission_id` int NOT NULL,
  `granted_at` timestamp NULL DEFAULT CURRENT_TIMESTAMP,
  `granted_by_user_id` int DEFAULT NULL,
  PRIMARY KEY (`role_id`,`permission_id`),
  KEY `idx_role_permissions` (`role_id`),
  KEY `idx_permission_roles` (`permission_id`),
  CONSTRAINT `role_permissions_ibfk_1` FOREIGN KEY (`role_id`) REFERENCES `roles` (`id`) ON DELETE CASCADE,
  CONSTRAINT `role_permissions_ibfk_2` FOREIGN KEY (`permission_id`) REFERENCES `permissions` (`id`) ON DELETE CASCADE
) ENGINE=InnoDB DEFAULT CHARSET=utf8mb4 COLLATE=utf8mb4_unicode_ci;

CREATE TABLE IF NOT EXISTS `role_hierarchy` (
  `id` int NOT NULL AUTO_INCREMENT,
  `parent_role_id` int NOT NULL,
  `child_role_id` int NOT NULL,
  `created_by_user_id` int NOT NULL,
  `created_at` timestamp NULL DEFAULT CURRENT_TIMESTAMP,
  `updated_at` timestamp NULL DEFAULT CURRENT_TIMESTAMP ON UPDATE CURRENT_TIMESTAMP,
  PRIMARY KEY (`id`),
  UNIQUE KEY `unique_hierarchy_relationship` (`parent_role_id`,`child_role_id`),
  KEY `idx_parent_role` (`parent_role_id`),
  KEY `idx_child_role` (`child_role_id`),
  KEY `idx_created_by` (`created_by_user_id`)
) ENGINE=InnoDB DEFAULT CHARSET=utf8mb4 COLLATE=utf8mb4_unicode_ci;

CREATE TABLE IF NOT EXISTS `role_permission_cache` (
  `id` int NOT NULL AUTO_INCREMENT,
  `role_id` int NOT NULL,
  `permission_name` varchar(100) NOT NULL,
  `cached_at` timestamp NULL DEFAULT CURRENT_TIMESTAMP,
  PRIMARY KEY (`id`),
  UNIQUE KEY `unique_role_permission_cache` (`role_id`,`permission_name`),
  KEY `idx_role_cache` (`role_id`),
  KEY `idx_permission_cache` (`permission_name`),
  KEY `idx_cached_at` (`cached_at`)
) ENGINE=InnoDB DEFAULT CHARSET=utf8mb4 COLLATE=utf8mb4_unicode_ci;

CREATE TABLE IF NOT EXISTS `permission_conflicts` (
  `id` int NOT NULL AUTO_INCREMENT,
  `role_id` int NOT NULL,
  `permission_name` varchar(100) NOT NULL,
  `conflict_type` enum('REDUNDANT_DIRECT','MULTIPLE_INHERITANCE','CIRCULAR_DEPENDENCY') NOT NULL,
  `conflicting_role_id` int DEFAULT NULL,
  `details` longtext CHARACTER SET utf8mb4 COLLATE utf8mb4_bin,
  `severity` enum('LOW','MEDIUM','HIGH') DEFAULT 'MEDIUM',
  `status` enum('ACTIVE','RESOLVED','IGNORED') DEFAULT 'ACTIVE',
  `created_at` timestamp NULL DEFAULT CURRENT_TIMESTAMP,
  `resolved_at` timestamp NULL DEFAULT NULL,
  `resolved_by_user_id` int DEFAULT NULL,
  `resolution_details` longtext CHARACTER SET utf8mb4 COLLATE utf8mb4_bin,
  PRIMARY KEY (`id`),
  KEY `conflicting_role_id` (`conflicting_role_id`),
  KEY `resolved_by_user_id` (`resolved_by_user_id`),
  KEY `idx_role_conflict` (`role_id`),
  KEY `idx_permission_conflict` (`permission_name`),
  KEY `idx_conflict_status` (`status`),
  KEY `idx_conflict_severity` (`severity`),
  KEY `idx_created_at` (`created_at`),
  CONSTRAINT `permission_conflicts_chk_1` CHECK (json_valid(`details`)),
  CONSTRAINT `permission_conflicts_chk_2` CHECK (json_valid(`resolution_details`))
) ENGINE=InnoDB DEFAULT CHARSET=utf8mb4 COLLATE=utf8mb4_unicode_ci;

CREATE TABLE IF NOT EXISTS `permission_reviews` (
  `id` int NOT NULL AUTO_INCREMENT,
  `role_id` int NOT NULL,
  `reviewer_user_id` int NOT NULL,
  `status` enum('IN_PROGRESS','COMPLETED','CANCELLED') DEFAULT 'IN_PROGRESS',
  `started_at` timestamp NULL DEFAULT CURRENT_TIMESTAMP,
  `completed_at` timestamp NULL DEFAULT NULL,
  `findings` text,
  `recommendations` text,
  `approved_permissions` longtext CHARACTER SET utf8mb4 COLLATE utf8mb4_bin,
  `created_at` timestamp NULL DEFAULT CURRENT_TIMESTAMP,
  PRIMARY KEY (`id`),
  KEY `idx_role_review` (`role_id`),
  KEY `idx_reviewer` (`reviewer_user_id`),
  KEY `idx_review_status` (`status`),
  KEY `idx_started_at` (`started_at`),
  CONSTRAINT `permission_reviews_chk_1` CHECK (json_valid(`approved_permissions`))
) ENGINE=InnoDB DEFAULT CHARSET=utf8mb4 COLLATE=utf8mb4_unicode_ci;

CREATE TABLE IF NOT EXISTS `user_roles` (
  `user_id` int NOT NULL,
  `role_id` int NOT NULL,
  `assigned_at` timestamp NULL DEFAULT CURRENT_TIMESTAMP,
  `assigned_by_user_id` int DEFAULT NULL,
  `expires_at` timestamp NULL DEFAULT NULL,
  PRIMARY KEY (`user_id`,`role_id`),
  KEY `idx_user_roles` (`user_id`),
  KEY `idx_role_users` (`role_id`),
  KEY `idx_assigned_by` (`assigned_by_user_id`),
  KEY `idx_role_expiration` (`expires_at`),
  CONSTRAINT `user_roles_ibfk_1` FOREIGN KEY (`user_id`) REFERENCES `users` (`id`) ON DELETE CASCADE,
  CONSTRAINT `user_roles_ibfk_2` FOREIGN KEY (`role_id`) REFERENCES `roles` (`id`) ON DELETE CASCADE
) ENGINE=InnoDB DEFAULT CHARSET=utf8mb4 COLLATE=utf8mb4_unicode_ci;

CREATE TABLE IF NOT EXISTS `user_providers` (
  `id` int NOT NULL AUTO_INCREMENT,
  `user_id` int NOT NULL,
  `provider_id` int NOT NULL,
  `relationship_type` enum('self','manager','assistant','admin') DEFAULT 'self',
  `is_primary` tinyint(1) DEFAULT '0',
  `permissions` longtext CHARACTER SET utf8mb4 COLLATE utf8mb4_bin,
  `created_at` timestamp NULL DEFAULT CURRENT_TIMESTAMP,
  `updated_at` timestamp NULL DEFAULT CURRENT_TIMESTAMP ON UPDATE CURRENT_TIMESTAMP,
  `created_by_user_id` int DEFAULT NULL,
  PRIMARY KEY (`id`),
  UNIQUE KEY `unique_user_provider` (`user_id`,`provider_id`),
  KEY `idx_user_providers` (`user_id`),
  KEY `idx_provider_users` (`provider_id`),
  KEY `idx_relationship_type` (`relationship_type`),
  KEY `idx_primary_relationships` (`is_primary`,`user_id`),
  CONSTRAINT `user_providers_ibfk_1` FOREIGN KEY (`user_id`) REFERENCES `users` (`id`) ON DELETE CASCADE,
  CONSTRAINT `user_providers_ibfk_2` FOREIGN KEY (`provider_id`) REFERENCES `providers` (`id`) ON DELETE CASCADE,
  CONSTRAINT `user_providers_chk_1` CHECK (json_valid(`permissions`))
) ENGINE=InnoDB DEFAULT CHARSET=utf8mb4 COLLATE=utf8mb4_unicode_ci;

CREATE TABLE IF NOT EXISTS `user_sessions` (
  `session_id` varchar(128) NOT NULL,
  `user_id` int DEFAULT NULL,
  `expires` bigint NOT NULL COMMENT 'Session expiration timestamp in milliseconds',
  `data` text,
  `ip_address` varchar(45) DEFAULT NULL,
  `user_agent` text,
  `created_at` timestamp NULL DEFAULT CURRENT_TIMESTAMP,
  `updated_at` timestamp NULL DEFAULT CURRENT_TIMESTAMP ON UPDATE CURRENT_TIMESTAMP,
  PRIMARY KEY (`session_id`),
  KEY `idx_user_sessions` (`user_id`),
  KEY `idx_session_expires` (`expires`),
  KEY `idx_session_cleanup` (`expires`,`created_at`),
  KEY `idx_ip_tracking` (`ip_address`,`created_at`),
  CONSTRAINT `user_sessions_ibfk_1` FOREIGN KEY (`user_id`) REFERENCES `users` (`id`) ON DELETE CASCADE
) ENGINE=InnoDB DEFAULT CHARSET=utf8mb4 COLLATE=utf8mb4_unicode_ci;

CREATE TABLE IF NOT EXISTS `sessions` (
  `session_id` varchar(128) CHARACTER SET utf8mb4 COLLATE utf8mb4_bin NOT NULL,
  `expires` int unsigned NOT NULL,
  `data` mediumtext CHARACTER SET utf8mb4 COLLATE utf8mb4_bin,
  PRIMARY KEY (`session_id`),
  KEY `idx_sessions_expires` (`expires`)
) ENGINE=InnoDB DEFAULT CHARSET=utf8mb4 COLLATE=utf8mb4_unicode_ci;

CREATE TABLE IF NOT EXISTS `session_metadata` (
  `session_id` varchar(128) CHARACTER SET utf8mb4 COLLATE utf8mb4_bin NOT NULL,
  `user_id` int DEFAULT NULL,
  `ip_address` varchar(45) DEFAULT NULL,
  `user_agent` text,
  `created_at` timestamp NULL DEFAULT CURRENT_TIMESTAMP,
  PRIMARY KEY (`session_id`),
  KEY `user_id` (`user_id`)
) ENGINE=InnoDB DEFAULT CHARSET=utf8mb4 COLLATE=utf8mb4_unicode_ci;

CREATE TABLE IF NOT EXISTS `password_resets` (
  `id` int NOT NULL AUTO_INCREMENT,
  `user_id` int NOT NULL,
  `reset_by_user_id` int DEFAULT NULL,
  `reset_type` enum('ADMIN_RESET','USER_REQUEST','SYSTEM_FORCED') NOT NULL DEFAULT 'USER_REQUEST',
  `reason` text,
  `temporary_password_set` tinyint(1) NOT NULL DEFAULT '0',
  `force_change_required` tinyint(1) NOT NULL DEFAULT '1',
  `token` varchar(255) DEFAULT NULL,
  `token_expires_at` datetime DEFAULT NULL,
  `used_at` datetime DEFAULT NULL,
  `created_at` datetime NOT NULL DEFAULT CURRENT_TIMESTAMP,
  PRIMARY KEY (`id`),
  KEY `fk_password_resets_reset_by` (`reset_by_user_id`),
  KEY `idx_password_resets_user_id` (`user_id`),
  KEY `idx_password_resets_created_at` (`created_at`),
  KEY `idx_password_resets_token` (`token`(250)),
  KEY `idx_password_resets_token_expires` (`token_expires_at`)
) ENGINE=InnoDB DEFAULT CHARSET=utf8mb4 COLLATE=utf8mb4_unicode_ci;

CREATE TABLE IF NOT EXISTS `login_attempts` (
  `id` int NOT NULL AUTO_INCREMENT,
  `username` varchar(50) NOT NULL,
  `ip_address` varchar(45) NOT NULL,
  `success` tinyint(1) NOT NULL,
  `failure_reason` varchar(100) DEFAULT NULL,
  `user_agent` text,
  `session_id` varchar(128) DEFAULT NULL,
  `timestamp` timestamp NULL DEFAULT CURRENT_TIMESTAMP,
  PRIMARY KEY (`id`),
  KEY `idx_username_attempts` (`username`,`timestamp`),
  KEY `idx_ip_attempts` (`ip_address`,`timestamp`),
  KEY `idx_failed_attempts` (`success`,`timestamp`),
  KEY `idx_cleanup_attempts` (`timestamp`),
  KEY `idx_security_monitoring` (`ip_address`,`success`,`timestamp`),
  KEY `idx_login_attempts_username_timestamp` (`username`,`timestamp`)
) ENGINE=InnoDB DEFAULT CHARSET=utf8mb4 COLLATE=utf8mb4_unicode_ci;

CREATE TABLE IF NOT EXISTS `audit_logs` (
  `id` int NOT NULL AUTO_INCREMENT,
  `user_id` int DEFAULT NULL,
  `action_type` varchar(50) NOT NULL,
  `resource_type` varchar(50) DEFAULT NULL,
  `resource_id` varchar(100) DEFAULT NULL,
  `details` longtext CHARACTER SET utf8mb4 COLLATE utf8mb4_bin,
  `ip_address` varchar(45) DEFAULT NULL,
  `user_agent` text,
  `session_id` varchar(128) DEFAULT NULL,
  `timestamp` timestamp NULL DEFAULT CURRENT_TIMESTAMP,
  `record_hash` varchar(64) DEFAULT NULL COMMENT 'SHA-256 hash of record content for tamper detection — present in production, not in repo migrations',
  PRIMARY KEY (`id`),
  KEY `idx_user_audit` (`user_id`,`timestamp`),
  KEY `idx_action_audit` (`action_type`,`timestamp`),
  KEY `idx_resource_audit` (`resource_type`,`resource_id`),
  KEY `idx_timestamp_audit` (`timestamp`),
  KEY `idx_session_audit` (`session_id`,`timestamp`),
  KEY `idx_audit_logs_timestamp` (`timestamp`),
  KEY `idx_audit_logs_user_timestamp` (`user_id`,`timestamp`),
  KEY `idx_audit_record_hash` (`record_hash`),
  KEY `idx_audit_ip_address` (`ip_address`,`timestamp`),
  CONSTRAINT `audit_logs_ibfk_1` FOREIGN KEY (`user_id`) REFERENCES `users` (`id`) ON DELETE SET NULL,
  CONSTRAINT `audit_logs_chk_1` CHECK (json_valid(`details`))
) ENGINE=InnoDB AUTO_INCREMENT=2385 DEFAULT CHARSET=utf8mb4 COLLATE=utf8mb4_unicode_ci;

CREATE TABLE IF NOT EXISTS `user_activity` (
  `id` int NOT NULL AUTO_INCREMENT,
  `user_id` int NOT NULL,
  `activity_type` varchar(50) NOT NULL,
  `description` text NOT NULL,
  `metadata` longtext CHARACTER SET utf8mb4 COLLATE utf8mb4_bin,
  `ip_address` varchar(45) DEFAULT NULL,
  `user_agent` text,
  `created_at` timestamp NULL DEFAULT CURRENT_TIMESTAMP,
  PRIMARY KEY (`id`),
  KEY `idx_user_activity_user_id` (`user_id`),
  KEY `idx_user_activity_type` (`activity_type`),
  KEY `idx_user_activity_created_at` (`created_at`),
  KEY `idx_user_activity_user_created` (`user_id`,`created_at`),
  CONSTRAINT `user_activity_chk_1` CHECK (json_valid(`metadata`))
) ENGINE=InnoDB AUTO_INCREMENT=5 DEFAULT CHARSET=utf8mb4 COLLATE=utf8mb4_unicode_ci;

CREATE TABLE IF NOT EXISTS `phi_access_log` (
  `log_id` bigint NOT NULL AUTO_INCREMENT,
  `timestamp` datetime NOT NULL DEFAULT CURRENT_TIMESTAMP COMMENT 'When the action occurred',
  `username` varchar(50) NOT NULL,
  `user_id` int DEFAULT NULL COMMENT 'FK to users table (NULL if user deleted)',
  `action_type` varchar(50) NOT NULL,
  `PatNum` bigint DEFAULT NULL,
  `description` varchar(500) NOT NULL,
  `success` tinyint(1) NOT NULL DEFAULT '1',
  `error_message` varchar(255) DEFAULT NULL,
  `ip_address` varchar(45) DEFAULT NULL,
  `created_at` timestamp NULL DEFAULT CURRENT_TIMESTAMP,
  PRIMARY KEY (`log_id`),
  KEY `idx_phi_log_timestamp` (`timestamp`),
  KEY `idx_phi_log_username` (`username`),
  KEY `idx_phi_log_patnum` (`PatNum`),
  KEY `idx_phi_log_action_type` (`action_type`),
  KEY `idx_phi_log_success` (`success`),
  KEY `idx_phi_log_patnum_timestamp` (`PatNum`,`timestamp`),
  KEY `idx_phi_log_username_timestamp` (`username`,`timestamp`)
) ENGINE=InnoDB AUTO_INCREMENT=13790 DEFAULT CHARSET=utf8mb4 COLLATE=utf8mb4_unicode_ci COMMENT='HIPAA audit trail for PHI access via API operations - 6 year retention required';

CREATE TABLE IF NOT EXISTS `system_settings` (
  `id` int NOT NULL AUTO_INCREMENT,
  `setting_key` varchar(100) NOT NULL,
  `setting_value` text,
  `setting_type` enum('string','number','boolean','json') DEFAULT 'string',
  `description` text,
  `is_encrypted` tinyint(1) DEFAULT '0',
  `created_at` timestamp NULL DEFAULT CURRENT_TIMESTAMP,
  `updated_at` timestamp NULL DEFAULT CURRENT_TIMESTAMP ON UPDATE CURRENT_TIMESTAMP,
  PRIMARY KEY (`id`),
  UNIQUE KEY `setting_key` (`setting_key`),
  KEY `idx_setting_key` (`setting_key`)
) ENGINE=InnoDB AUTO_INCREMENT=35 DEFAULT CHARSET=utf8mb4 COLLATE=utf8mb4_unicode_ci;

CREATE TABLE IF NOT EXISTS `database_connections` (
  `id` int NOT NULL AUTO_INCREMENT,
  `connection_label` varchar(100) NOT NULL,
  `connection_type` enum('database','api') NOT NULL DEFAULT 'database',
  `system_type` varchar(100) NOT NULL,
  `access_level` enum('read-only','read-write') DEFAULT 'read-only',
  `is_default` tinyint(1) DEFAULT '0',
  `is_active` tinyint(1) DEFAULT '0',
  `description` text,
  `db_host` varchar(255) DEFAULT NULL,
  `db_port` int DEFAULT '3306',
  `db_name` varchar(100) DEFAULT NULL,
  `db_user` varchar(100) DEFAULT NULL,
  `db_password_encrypted` text,
  `api_base_url` varchar(255) DEFAULT NULL,
  `api_auth_type` enum('odfhir','bearer-token','api-key','basic-auth','oauth','custom-header') DEFAULT NULL,
  `api_token_encrypted` text,
  `api_username` varchar(100) DEFAULT NULL,
  `api_password_encrypted` text,
  `api_custom_auth_value_encrypted` text,
  `oauth_client_id` varchar(255) DEFAULT NULL,
  `oauth_client_secret_encrypted` text,
  `oauth_refresh_token_encrypted` text,
  `oauth_redirect_uri` varchar(255) DEFAULT NULL,
  `api_test_endpoint` varchar(255) DEFAULT '/ping',
  `api_test_method` enum('GET','POST','PUT','DELETE') DEFAULT 'GET',
  `api_test_expected_response` text,
  `configuration_json` longtext CHARACTER SET utf8mb4 COLLATE utf8mb4_bin,
  `test_status` enum('pending','success','failed') DEFAULT 'pending',
  `test_results` longtext CHARACTER SET utf8mb4 COLLATE utf8mb4_bin,
  `last_tested_at` timestamp NULL DEFAULT NULL,
  `created_at` timestamp NULL DEFAULT CURRENT_TIMESTAMP,
  `updated_at` timestamp NULL DEFAULT CURRENT_TIMESTAMP ON UPDATE CURRENT_TIMESTAMP,
  `created_by` int DEFAULT NULL,
  PRIMARY KEY (`id`),
  KEY `idx_connection_label` (`connection_label`),
  KEY `idx_system_type` (`system_type`),
  KEY `idx_connection_type` (`connection_type`),
  KEY `idx_active_connections` (`is_active`),
  KEY `idx_test_status` (`test_status`),
  CONSTRAINT `database_connections_chk_1` CHECK (json_valid(`configuration_json`)),
  CONSTRAINT `database_connections_chk_2` CHECK (json_valid(`test_results`))
) ENGINE=InnoDB AUTO_INCREMENT=5 DEFAULT CHARSET=utf8mb4 COLLATE=utf8mb4_unicode_ci;

CREATE TABLE IF NOT EXISTS `migration_history` (
  `id` int NOT NULL AUTO_INCREMENT,
  `migration_name` varchar(255) NOT NULL,
  `executed_at` timestamp NULL DEFAULT CURRENT_TIMESTAMP,
  `execution_time_ms` int DEFAULT NULL,
  `success` tinyint(1) DEFAULT '1',
  `error_message` text,
  PRIMARY KEY (`id`),
  UNIQUE KEY `idx_migration_name` (`migration_name`),
  KEY `idx_executed_at` (`executed_at`)
) ENGINE=InnoDB AUTO_INCREMENT=17 DEFAULT CHARSET=utf8mb4 COLLATE=utf8mb4_unicode_ci;

CREATE TABLE IF NOT EXISTS `migration_log` (
  `id` int NOT NULL AUTO_INCREMENT,
  `migration_name` varchar(255) NOT NULL,
  `executed_at` timestamp NULL DEFAULT CURRENT_TIMESTAMP,
  `description` text,
  PRIMARY KEY (`id`),
  UNIQUE KEY `migration_name` (`migration_name`)
) ENGINE=InnoDB DEFAULT CHARSET=utf8mb4 COLLATE=utf8mb4_unicode_ci;

-- ---------------------------------------------------------------
-- Section 2: Payroll / compensation / audit tables
-- ---------------------------------------------------------------

CREATE TABLE IF NOT EXISTS `compensation_rates` (
  `id` int NOT NULL AUTO_INCREMENT,
  `provider_id` int NOT NULL,
  `rate_type` enum('compensation','daily_guarantee') NOT NULL DEFAULT 'compensation',
  `procedure_category` enum('standard','hygiene','restorative','ortho') NOT NULL DEFAULT 'standard',
  `compensation_percentage` decimal(5,2) NOT NULL DEFAULT '0.00',
  `daily_guarantee_rate` decimal(10,2) NOT NULL DEFAULT '0.00',
  `effective_date` date NOT NULL,
  `notes` text,
  `is_active` tinyint(1) DEFAULT '1',
  `created_at` timestamp NULL DEFAULT CURRENT_TIMESTAMP,
  `updated_at` timestamp NULL DEFAULT CURRENT_TIMESTAMP ON UPDATE CURRENT_TIMESTAMP,
  PRIMARY KEY (`id`),
  KEY `idx_provider_rates` (`provider_id`,`effective_date`,`is_active`),
  KEY `idx_rate_type` (`rate_type`,`procedure_category`),
  KEY `idx_active_rates` (`is_active`,`effective_date`),
  CONSTRAINT `compensation_rates_ibfk_1` FOREIGN KEY (`provider_id`) REFERENCES `providers` (`id`) ON DELETE CASCADE
) ENGINE=InnoDB AUTO_INCREMENT=38 DEFAULT CHARSET=utf8mb4 COLLATE=utf8mb4_unicode_ci;

CREATE TABLE IF NOT EXISTS `doctor_days_worked` (
  `id` int NOT NULL AUTO_INCREMENT,
  `provider_id` int NOT NULL,
  `pay_period_start` date NOT NULL,
  `pay_period_end` date NOT NULL,
  `days_worked` int NOT NULL DEFAULT '0',
  `notes` text,
  `created_at` timestamp NULL DEFAULT CURRENT_TIMESTAMP,
  `updated_at` timestamp NULL DEFAULT CURRENT_TIMESTAMP ON UPDATE CURRENT_TIMESTAMP,
  PRIMARY KEY (`id`),
  UNIQUE KEY `unique_provider_pay_period` (`provider_id`,`pay_period_start`,`pay_period_end`),
  KEY `idx_provider_periods` (`provider_id`,`pay_period_start`,`pay_period_end`),
  KEY `idx_pay_period_range` (`pay_period_start`,`pay_period_end`),
  KEY `idx_doctor_days_provider_period` (`provider_id`,`pay_period_start`),
  CONSTRAINT `doctor_days_worked_ibfk_1` FOREIGN KEY (`provider_id`) REFERENCES `providers` (`id`) ON DELETE CASCADE,
  CONSTRAINT `chk_days_worked_positive` CHECK ((`days_worked` >= 0)),
  CONSTRAINT `chk_days_worked_reasonable` CHECK ((`days_worked` <= 31)),
  CONSTRAINT `chk_pay_period_order` CHECK ((`pay_period_start` <= `pay_period_end`))
) ENGINE=InnoDB AUTO_INCREMENT=12 DEFAULT CHARSET=utf8mb4 COLLATE=utf8mb4_unicode_ci;

CREATE TABLE IF NOT EXISTS `hygienist_bonus_rates` (
  `id` int NOT NULL AUTO_INCREMENT,
  `bonus_type` varchar(50) NOT NULL,
  `procedure_code` varchar(20) DEFAULT NULL,
  `bonus_name` varchar(100) NOT NULL,
  `bonus_rate` decimal(10,2) NOT NULL DEFAULT '0.00',
  `is_active` tinyint(1) NOT NULL DEFAULT '1',
  `calculation_method` enum('per_procedure','per_patient','flat_rate') NOT NULL DEFAULT 'per_procedure',
  `description` text,
  `created_at` timestamp NOT NULL DEFAULT CURRENT_TIMESTAMP,
  `updated_at` timestamp NOT NULL DEFAULT CURRENT_TIMESTAMP ON UPDATE CURRENT_TIMESTAMP,
  `excluded_carriers` text,
  PRIMARY KEY (`id`),
  UNIQUE KEY `bonus_type` (`bonus_type`),
  KEY `is_active` (`is_active`),
  KEY `procedure_code` (`procedure_code`)
) ENGINE=InnoDB AUTO_INCREMENT=16 DEFAULT CHARSET=utf8mb4 COLLATE=utf8mb4_unicode_ci;

CREATE TABLE IF NOT EXISTS `hygienist_extra_patients` (
  `id` int NOT NULL AUTO_INCREMENT,
  `provider_id` int NOT NULL,
  `work_date` date NOT NULL,
  `extra_patient_count` int NOT NULL,
  `rate_per_patient` decimal(10,2) NOT NULL,
  `bonus_amount` decimal(10,2) GENERATED ALWAYS AS ((`extra_patient_count` * `rate_per_patient`)) STORED,
  `pay_period_start` date NOT NULL,
  `pay_period_end` date NOT NULL,
  `notes` text,
  `approved_by` int DEFAULT NULL,
  `approved_at` datetime DEFAULT NULL,
  `created_by` int DEFAULT NULL,
  `created_at` timestamp NULL DEFAULT CURRENT_TIMESTAMP,
  `updated_at` timestamp NULL DEFAULT CURRENT_TIMESTAMP ON UPDATE CURRENT_TIMESTAMP,
  `is_active` tinyint(1) NOT NULL DEFAULT '1',
  PRIMARY KEY (`id`),
  UNIQUE KEY `unique_provider_date` (`provider_id`,`work_date`),
  KEY `idx_provider_date` (`provider_id`,`work_date`),
  KEY `idx_provider_period` (`provider_id`,`pay_period_start`,`pay_period_end`),
  KEY `idx_period` (`pay_period_start`,`pay_period_end`),
  KEY `idx_approved` (`approved_by`,`approved_at`),
  KEY `idx_hygienist_extra_patients_active` (`is_active`),
  KEY `idx_hygienist_extra_patients_period_active` (`pay_period_start`,`pay_period_end`,`is_active`),
  KEY `idx_hygienist_extra_provider_date` (`provider_id`,`work_date`),
  CONSTRAINT `chk_extra_patients` CHECK (((`extra_patient_count` > 0) and (`extra_patient_count` <= 8))),
  CONSTRAINT `chk_rate` CHECK ((`rate_per_patient` > 0)),
  CONSTRAINT `chk_work_date_in_period` CHECK (((`work_date` >= `pay_period_start`) and (`work_date` <= `pay_period_end`)))
) ENGINE=InnoDB AUTO_INCREMENT=233 DEFAULT CHARSET=utf8mb4 COLLATE=utf8mb4_unicode_ci;

CREATE TABLE IF NOT EXISTS `oral_surgeon_settings` (
  `id` int NOT NULL AUTO_INCREMENT,
  `setting_type` enum('flat_rate','production_exclusion','general_setting') NOT NULL,
  `setting_key` varchar(100) NOT NULL,
  `setting_value` text NOT NULL,
  `display_name` varchar(255) DEFAULT NULL,
  `description` text,
  `metadata` longtext CHARACTER SET utf8mb4 COLLATE utf8mb4_bin,
  `is_active` tinyint(1) DEFAULT '1',
  `created_at` timestamp NULL DEFAULT CURRENT_TIMESTAMP,
  `updated_at` timestamp NULL DEFAULT CURRENT_TIMESTAMP ON UPDATE CURRENT_TIMESTAMP,
  PRIMARY KEY (`id`),
  UNIQUE KEY `unique_setting` (`setting_type`,`setting_key`),
  KEY `idx_setting_type` (`setting_type`),
  KEY `idx_is_active` (`is_active`),
  KEY `idx_setting_key` (`setting_key`),
  CONSTRAINT `oral_surgeon_settings_chk_1` CHECK (json_valid(`metadata`))
) ENGINE=InnoDB AUTO_INCREMENT=25 DEFAULT CHARSET=utf8mb4 COLLATE=utf8mb4_unicode_ci;

CREATE TABLE IF NOT EXISTS `ortho_lab_fees` (
  `id` int NOT NULL AUTO_INCREMENT,
  `procedure_name` varchar(255) NOT NULL,
  `procedure_code` varchar(50) NOT NULL,
  `fee_amount` decimal(10,2) NOT NULL DEFAULT '0.00',
  `effective_date` date NOT NULL DEFAULT (curdate()),
  `end_date` date DEFAULT NULL,
  `description` text,
  `is_active` tinyint(1) DEFAULT '1',
  `created_at` timestamp NULL DEFAULT CURRENT_TIMESTAMP,
  `updated_at` timestamp NULL DEFAULT CURRENT_TIMESTAMP ON UPDATE CURRENT_TIMESTAMP,
  PRIMARY KEY (`id`),
  KEY `idx_procedure_code` (`procedure_code`),
  KEY `idx_active_fees` (`is_active`),
  KEY `idx_procedure_name` (`procedure_name`),
  KEY `idx_ortho_fees_temporal` (`procedure_code`,`effective_date`,`end_date`),
  KEY `idx_ortho_fees_active` (`procedure_code`,`end_date`)
) ENGINE=InnoDB AUTO_INCREMENT=43 DEFAULT CHARSET=utf8mb4 COLLATE=utf8mb4_unicode_ci;

CREATE TABLE IF NOT EXISTS `payroll_settings` (
  `id` int NOT NULL AUTO_INCREMENT,
  `setting_type` enum('provider_specific','provider_type','adjustment_rule','procedure_codes') NOT NULL,
  `setting_category` varchar(50) NOT NULL,
  `setting_key` varchar(100) NOT NULL,
  `provider_id` int DEFAULT NULL,
  `provider_type` varchar(50) DEFAULT NULL,
  `setting_value` text NOT NULL,
  `display_name` varchar(255) DEFAULT NULL,
  `description` text,
  `metadata` longtext CHARACTER SET utf8mb4 COLLATE utf8mb4_bin,
  `effective_date` date NOT NULL DEFAULT (curdate()),
  `end_date` date DEFAULT NULL,
  `is_active` tinyint(1) DEFAULT '1',
  `created_by` int DEFAULT NULL,
  `created_at` timestamp NULL DEFAULT CURRENT_TIMESTAMP,
  `updated_at` timestamp NULL DEFAULT CURRENT_TIMESTAMP ON UPDATE CURRENT_TIMESTAMP,
  PRIMARY KEY (`id`),
  KEY `idx_provider_settings` (`provider_id`,`setting_type`,`effective_date`),
  KEY `idx_provider_type_settings` (`provider_type`,`setting_category`,`effective_date`),
  KEY `idx_temporal_lookup` (`effective_date`,`end_date`),
  KEY `idx_active_settings` (`is_active`,`setting_type`,`setting_category`),
  KEY `idx_setting_search` (`setting_category`,`setting_key`),
  CONSTRAINT `payroll_settings_ibfk_1` FOREIGN KEY (`provider_id`) REFERENCES `providers` (`id`) ON DELETE CASCADE,
  CONSTRAINT `payroll_settings_chk_1` CHECK (json_valid(`metadata`))
) ENGINE=InnoDB AUTO_INCREMENT=1488 DEFAULT CHARSET=utf8mb4 COLLATE=utf8mb4_unicode_ci;

CREATE TABLE IF NOT EXISTS `provider_additions` (
  `id` int NOT NULL AUTO_INCREMENT,
  `provider_id` int NOT NULL,
  `provider_type` varchar(50) DEFAULT 'oral_surgeon',
  `date` date NOT NULL,
  `amount` decimal(10,2) NOT NULL DEFAULT '0.00',
  `note` text,
  `category` varchar(50) DEFAULT 'manual_addition',
  `reference_id` varchar(100) DEFAULT NULL,
  `created_by` int DEFAULT NULL,
  `created_at` timestamp NULL DEFAULT CURRENT_TIMESTAMP,
  `updated_at` timestamp NULL DEFAULT CURRENT_TIMESTAMP ON UPDATE CURRENT_TIMESTAMP,
  `is_active` tinyint(1) DEFAULT '1',
  PRIMARY KEY (`id`),
  KEY `idx_provider_date` (`provider_id`,`date`),
  KEY `idx_provider_type_date` (`provider_type`,`date`),
  KEY `idx_date_range` (`date`)
) ENGINE=InnoDB AUTO_INCREMENT=77 DEFAULT CHARSET=utf8mb4 COLLATE=utf8mb4_unicode_ci;

CREATE TABLE IF NOT EXISTS `provider_adjustment_settings` (
  `id` int NOT NULL AUTO_INCREMENT,
  `provider_type` enum('endodontist','general_dentist','oral_surgeon','hygienist') NOT NULL,
  `procedure_category` varchar(50) NOT NULL DEFAULT 'all',
  `adjustment_type` varchar(100) DEFAULT NULL,
  `adjustment_category` varchar(50) DEFAULT NULL,
  `adjustment_type_id` int NOT NULL,
  `adjustment_name` varchar(100) DEFAULT NULL,
  `is_included` tinyint(1) DEFAULT '1',
  `created_at` timestamp NULL DEFAULT CURRENT_TIMESTAMP,
  `updated_at` timestamp NULL DEFAULT CURRENT_TIMESTAMP ON UPDATE CURRENT_TIMESTAMP,
  `procedure_codes` longtext CHARACTER SET utf8mb4 COLLATE utf8mb4_bin,
  PRIMARY KEY (`id`),
  UNIQUE KEY `unique_provider_category_adjustment` (`provider_type`,`procedure_category`,`adjustment_type_id`),
  KEY `idx_provider_type_adj` (`provider_type`),
  KEY `idx_adjustment_type` (`adjustment_type_id`),
  KEY `idx_provider_settings_covering` (`provider_type`,`adjustment_type_id`,`is_included`,`procedure_category`,`adjustment_name`),
  KEY `idx_provider_inclusion_lookup` (`provider_type`,`is_included`,`adjustment_type_id`),
  CONSTRAINT `provider_adjustment_settings_chk_1` CHECK (json_valid(`procedure_codes`))
) ENGINE=InnoDB AUTO_INCREMENT=2845 DEFAULT CHARSET=utf8mb4 COLLATE=utf8mb4_unicode_ci;

CREATE TABLE IF NOT EXISTS `provider_time_entries` (
  `id` int NOT NULL AUTO_INCREMENT,
  `provider_id` int NOT NULL,
  `entry_date` date NOT NULL,
  `pay_period_start` date NOT NULL,
  `pay_period_end` date NOT NULL,
  `time_type` enum('base','education','sick','vacation','other') NOT NULL,
  `hours` decimal(4,2) NOT NULL,
  `notes` text,
  `created_by` int DEFAULT NULL,
  `created_at` timestamp NULL DEFAULT CURRENT_TIMESTAMP,
  `updated_at` timestamp NULL DEFAULT CURRENT_TIMESTAMP ON UPDATE CURRENT_TIMESTAMP,
  `is_active` tinyint(1) DEFAULT '1',
  PRIMARY KEY (`id`),
  UNIQUE KEY `unique_provider_date_type` (`provider_id`,`entry_date`,`time_type`),
  KEY `idx_provider_period` (`provider_id`,`pay_period_start`,`pay_period_end`),
  KEY `idx_time_type` (`time_type`),
  KEY `idx_entry_date` (`entry_date`),
  KEY `idx_active_entries` (`is_active`,`entry_date`),
  KEY `idx_provider_active` (`provider_id`,`is_active`),
  CONSTRAINT `provider_time_entries_ibfk_1` FOREIGN KEY (`provider_id`) REFERENCES `providers` (`id`) ON DELETE CASCADE,
  CONSTRAINT `chk_date_in_period` CHECK ((`entry_date` between `pay_period_start` and `pay_period_end`)),
  CONSTRAINT `chk_hours_positive` CHECK ((`hours` > 0)),
  CONSTRAINT `chk_hours_reasonable` CHECK ((`hours` <= 8))
) ENGINE=InnoDB AUTO_INCREMENT=680 DEFAULT CHARSET=utf8mb4 COLLATE=utf8mb4_unicode_ci;

CREATE TABLE IF NOT EXISTS `payroll_calculations` (
  `id` int NOT NULL AUTO_INCREMENT,
  `provider_id` int NOT NULL,
  `calculation_date` datetime DEFAULT CURRENT_TIMESTAMP,
  `start_date` date NOT NULL,
  `end_date` date NOT NULL,
  `gross_production` decimal(10,2) DEFAULT '0.00',
  `net_production` decimal(10,2) DEFAULT '0.00',
  `adjustments_total` decimal(10,2) DEFAULT '0.00',
  `writeoffs_total` decimal(10,2) DEFAULT '0.00',
  `final_compensation` decimal(10,2) NOT NULL,
  `total_payment` decimal(10,2) NOT NULL,
  `calculation_method` varchar(50) DEFAULT NULL,
  `calculation_data` longtext CHARACTER SET utf8mb4 COLLATE utf8mb4_bin,
  `created_at` timestamp NULL DEFAULT CURRENT_TIMESTAMP,
  `created_by` int DEFAULT NULL,
  PRIMARY KEY (`id`),
  KEY `idx_calc_provider` (`provider_id`),
  KEY `idx_calc_period` (`start_date`,`end_date`),
  KEY `idx_calc_created` (`created_at`),
  CONSTRAINT `payroll_calculations_ibfk_1` FOREIGN KEY (`provider_id`) REFERENCES `providers` (`id`) ON DELETE CASCADE,
  CONSTRAINT `payroll_calculations_chk_1` CHECK (json_valid(`calculation_data`))
) ENGINE=InnoDB AUTO_INCREMENT=329 DEFAULT CHARSET=utf8mb4 COLLATE=utf8mb4_unicode_ci;

CREATE TABLE IF NOT EXISTS `payroll_reports` (
  `id` int NOT NULL AUTO_INCREMENT,
  `provider_id` int NOT NULL,
  `period_start_date` date NOT NULL,
  `period_end_date` date NOT NULL,
  `gross_production` decimal(10,2) DEFAULT '0.00',
  `adjustments` decimal(10,2) DEFAULT '0.00',
  `writeoffs` decimal(10,2) DEFAULT '0.00',
  `net_production` decimal(10,2) DEFAULT '0.00',
  `production_pay` decimal(10,2) NOT NULL,
  `daily_guarantee` decimal(10,2) NOT NULL,
  `pto_pay` decimal(10,2) DEFAULT '0.00',
  `total_pay` decimal(10,2) NOT NULL,
  `report_status` enum('draft','finalized','approved','paid') DEFAULT 'draft',
  `notes` text,
  `created_by` int DEFAULT NULL,
  `created_at` timestamp NULL DEFAULT CURRENT_TIMESTAMP,
  `updated_at` timestamp NULL DEFAULT CURRENT_TIMESTAMP ON UPDATE CURRENT_TIMESTAMP,
  PRIMARY KEY (`id`),
  KEY `provider_id` (`provider_id`),
  KEY `idx_report_period` (`period_start_date`,`period_end_date`),
  KEY `idx_report_status` (`report_status`),
  CONSTRAINT `payroll_reports_ibfk_1` FOREIGN KEY (`provider_id`) REFERENCES `providers` (`id`) ON DELETE CASCADE
) ENGINE=InnoDB DEFAULT CHARSET=utf8mb4 COLLATE=utf8mb4_unicode_ci;

CREATE TABLE IF NOT EXISTS `adjustment_settings` (
  `id` int NOT NULL AUTO_INCREMENT,
  `adjustment_type_id` int NOT NULL,
  `adjustment_name` varchar(255) NOT NULL,
  `is_included_by_default` tinyint(1) DEFAULT '1',
  `category` enum('discount','credit','insurance','other') DEFAULT 'other',
  `description` text,
  `created_at` timestamp NULL DEFAULT CURRENT_TIMESTAMP,
  `updated_at` timestamp NULL DEFAULT CURRENT_TIMESTAMP ON UPDATE CURRENT_TIMESTAMP,
  PRIMARY KEY (`id`),
  UNIQUE KEY `adjustment_type_id` (`adjustment_type_id`),
  KEY `idx_adjustment_type_settings` (`adjustment_type_id`),
  KEY `idx_adjustment_category` (`category`)
) ENGINE=InnoDB DEFAULT CHARSET=utf8mb4 COLLATE=utf8mb4_unicode_ci;

-- ---------------------------------------------------------------
-- Section 3: Quarterly audit, batch payroll, audit_adjustments
-- ---------------------------------------------------------------

CREATE TABLE IF NOT EXISTS `quarterly_audit_runs` (
  `id` int NOT NULL AUTO_INCREMENT,
  `quarter` tinyint NOT NULL,
  `year` int NOT NULL,
  `start_date` date NOT NULL,
  `end_date` date NOT NULL,
  `status` enum('pending','processing','completed','failed','cancelled') NOT NULL DEFAULT 'pending',
  `progress` int DEFAULT '0',
  `total_providers` int DEFAULT '0',
  `processed_providers` int DEFAULT '0',
  `zip_file_path` varchar(500) DEFAULT NULL,
  `summary_pdf_path` varchar(500) DEFAULT NULL,
  `error_message` text,
  `created_by` int DEFAULT NULL,
  `created_at` timestamp NULL DEFAULT CURRENT_TIMESTAMP,
  `updated_at` timestamp NULL DEFAULT CURRENT_TIMESTAMP ON UPDATE CURRENT_TIMESTAMP,
  PRIMARY KEY (`id`),
  UNIQUE KEY `unique_quarter_year` (`quarter`,`year`),
  KEY `idx_quarter_year` (`quarter`,`year`),
  KEY `idx_status` (`status`),
  KEY `idx_created_by` (`created_by`),
  KEY `idx_created_at` (`created_at`),
  CONSTRAINT `fk_audit_created_by` FOREIGN KEY (`created_by`) REFERENCES `users` (`id`) ON DELETE SET NULL,
  CONSTRAINT `chk_progress_range` CHECK (((`progress` >= 0) and (`progress` <= 100))),
  CONSTRAINT `chk_providers_count` CHECK ((`processed_providers` <= `total_providers`)),
  CONSTRAINT `chk_quarter_valid` CHECK (((`quarter` >= 1) and (`quarter` <= 4))),
  CONSTRAINT `chk_year_valid` CHECK (((`year` >= 2024) and (`year` <= 2099)))
) ENGINE=InnoDB AUTO_INCREMENT=14 DEFAULT CHARSET=utf8mb4 COLLATE=utf8mb4_unicode_ci;

CREATE TABLE IF NOT EXISTS `batch_payroll_runs` (
  `id` varchar(36) NOT NULL,
  `requested_by` int DEFAULT NULL,
  `requested_at` timestamp NULL DEFAULT CURRENT_TIMESTAMP,
  `pay_period_start` date NOT NULL,
  `pay_period_end` date NOT NULL,
  `provider_ids` longtext CHARACTER SET utf8mb4 COLLATE utf8mb4_bin NOT NULL,
  `total_providers` int NOT NULL,
  `status` enum('queued','processing','completed','failed','cancelled') NOT NULL DEFAULT 'queued',
  `report_type` enum('regular','quarterly_audit') DEFAULT 'regular',
  `providers_processed` int DEFAULT '0',
  `providers_failed` int DEFAULT '0',
  `current_provider_id` int DEFAULT NULL,
  `current_provider_name` varchar(255) DEFAULT NULL,
  `started_at` timestamp NULL DEFAULT NULL,
  `completed_at` timestamp NULL DEFAULT NULL,
  `estimated_completion` timestamp NULL DEFAULT NULL,
  `options` longtext CHARACTER SET utf8mb4 COLLATE utf8mb4_bin,
  `fail_fast` tinyint(1) DEFAULT '1',
  `total_compensation` decimal(10,2) DEFAULT NULL,
  `total_base_pay` decimal(10,2) DEFAULT NULL,
  `total_bonuses` decimal(10,2) DEFAULT NULL,
  `total_deductions` decimal(10,2) DEFAULT NULL,
  `error_message` text,
  `error_provider_id` int DEFAULT NULL,
  `error_details` longtext CHARACTER SET utf8mb4 COLLATE utf8mb4_bin,
  `processing_duration_ms` int DEFAULT NULL,
  `avg_provider_duration_ms` int DEFAULT NULL,
  `memory_usage_mb` int DEFAULT NULL,
  `created_at` timestamp NULL DEFAULT CURRENT_TIMESTAMP,
  `updated_at` timestamp NULL DEFAULT CURRENT_TIMESTAMP ON UPDATE CURRENT_TIMESTAMP,
  `summary_pdf_path` varchar(500) DEFAULT NULL,
  `batch_zip_path` varchar(500) DEFAULT NULL,
  `pdf_generation_started_at` timestamp NULL DEFAULT NULL,
  `pdf_generation_completed_at` timestamp NULL DEFAULT NULL,
  `pdf_generation_duration_ms` int DEFAULT NULL,
  `pdf_error_message` text,
  `pdf_error_details` longtext CHARACTER SET utf8mb4 COLLATE utf8mb4_bin,
  `total_pdfs_generated` int DEFAULT '0',
  `total_pdf_failures` int DEFAULT '0',
  `pdf_generation_status` enum('pending','processing','completed','failed') DEFAULT 'pending',
  `audit_adjustments_applied` tinyint(1) DEFAULT '0',
  `audit_run_id` int DEFAULT NULL,
  PRIMARY KEY (`id`),
  KEY `idx_batch_status` (`status`),
  KEY `idx_batch_requested_at` (`requested_at`),
  KEY `idx_batch_pay_period` (`pay_period_start`,`pay_period_end`),
  KEY `idx_batch_user` (`requested_by`),
  KEY `idx_batch_current_provider` (`current_provider_id`),
  KEY `idx_batch_runs_pdf_status` (`pdf_generation_status`),
  KEY `idx_batch_runs_pdf_timing` (`pdf_generation_started_at`,`pdf_generation_completed_at`),
  KEY `idx_batch_runs_status_created` (`status`,`created_at`),
  KEY `idx_report_type` (`report_type`),
  KEY `idx_audit_adjustments_applied` (`audit_adjustments_applied`),
  KEY `idx_audit_run_id` (`audit_run_id`),
  CONSTRAINT `fk_batch_audit_run` FOREIGN KEY (`audit_run_id`) REFERENCES `quarterly_audit_runs` (`id`) ON DELETE SET NULL,
  CONSTRAINT `batch_payroll_runs_chk_1` CHECK (json_valid(`provider_ids`)),
  CONSTRAINT `batch_payroll_runs_chk_2` CHECK (json_valid(`options`)),
  CONSTRAINT `batch_payroll_runs_chk_3` CHECK (json_valid(`error_details`)),
  CONSTRAINT `batch_payroll_runs_chk_4` CHECK (json_valid(`pdf_error_details`))
) ENGINE=InnoDB DEFAULT CHARSET=utf8mb4 COLLATE=utf8mb4_unicode_ci;

CREATE TABLE IF NOT EXISTS `batch_payroll_reports` (
  `id` int NOT NULL AUTO_INCREMENT,
  `batch_run_id` varchar(36) NOT NULL,
  `provider_id` int NOT NULL,
  `provider_name` varchar(255) NOT NULL,
  `provider_type` varchar(100) NOT NULL,
  `open_dental_provnum` int DEFAULT NULL,
  `pay_period_start` date NOT NULL,
  `pay_period_end` date NOT NULL,
  `total_pay` decimal(10,2) DEFAULT '0.00',
  `base_pay` decimal(10,2) DEFAULT '0.00',
  `bonuses` decimal(10,2) DEFAULT '0.00',
  `deductions` decimal(10,2) DEFAULT '0.00',
  `calculation_status` enum('pending','processing','completed','failed') NOT NULL DEFAULT 'pending',
  `error_message` text,
  `error_details` longtext CHARACTER SET utf8mb4 COLLATE utf8mb4_bin,
  `calculation_started_at` timestamp NULL DEFAULT NULL,
  `calculation_completed_at` timestamp NULL DEFAULT NULL,
  `calculation_duration_ms` int DEFAULT NULL,
  `provider_specific_data` longtext CHARACTER SET utf8mb4 COLLATE utf8mb4_bin,
  `calculation_metadata` longtext CHARACTER SET utf8mb4 COLLATE utf8mb4_bin,
  `adapter_version` varchar(50) DEFAULT '1.0.0',
  `created_at` timestamp NULL DEFAULT CURRENT_TIMESTAMP,
  `updated_at` timestamp NULL DEFAULT CURRENT_TIMESTAMP ON UPDATE CURRENT_TIMESTAMP,
  `pdf_file_path` varchar(500) DEFAULT NULL,
  `pdf_generation_started_at` timestamp NULL DEFAULT NULL,
  `pdf_generation_completed_at` timestamp NULL DEFAULT NULL,
  `pdf_generation_error` text,
  `pdf_generation_status` enum('pending','processing','completed','failed') DEFAULT 'pending',
  PRIMARY KEY (`id`),
  KEY `idx_batch_reports_batch_run` (`batch_run_id`),
  KEY `idx_batch_reports_provider` (`provider_id`),
  KEY `idx_batch_reports_status` (`calculation_status`),
  KEY `idx_batch_reports_processed_at` (`calculation_completed_at`),
  KEY `idx_batch_reports_pdf_timing` (`pdf_generation_started_at`,`pdf_generation_completed_at`),
  KEY `idx_batch_reports_pdf_status` (`batch_run_id`,`pdf_generation_status`),
  KEY `idx_batch_reports_provider_category` (`batch_run_id`,`provider_type`),
  KEY `idx_batch_reports_file_path` (`pdf_file_path`),
  KEY `idx_batch_reports_pdf_errors` (`pdf_generation_status`,`pdf_generation_error`(255)),
  CONSTRAINT `batch_payroll_reports_chk_1` CHECK (json_valid(`error_details`)),
  CONSTRAINT `batch_payroll_reports_chk_2` CHECK (json_valid(`provider_specific_data`)),
  CONSTRAINT `batch_payroll_reports_chk_3` CHECK (json_valid(`calculation_metadata`))
) ENGINE=InnoDB AUTO_INCREMENT=1121 DEFAULT CHARSET=utf8mb4 COLLATE=utf8mb4_unicode_ci;

CREATE TABLE IF NOT EXISTS `batch_pdf_files` (
  `id` bigint NOT NULL AUTO_INCREMENT,
  `batch_id` varchar(36) NOT NULL,
  `provider_id` int DEFAULT NULL,
  `file_name` varchar(255) NOT NULL,
  `file_path` varchar(500) NOT NULL,
  `file_size` bigint DEFAULT NULL,
  `file_type` enum('individual','summary','archive') NOT NULL DEFAULT 'individual',
  `employment_category` enum('Employees','Independent_Contractors','Hygienists') DEFAULT NULL,
  `provider_type` varchar(50) DEFAULT NULL,
  `pay_period_start` date NOT NULL,
  `pay_period_end` date NOT NULL,
  `generation_status` enum('pending','processing','completed','failed') NOT NULL DEFAULT 'pending',
  `generation_started_at` timestamp NULL DEFAULT NULL,
  `generation_completed_at` timestamp NULL DEFAULT NULL,
  `generation_duration_ms` int DEFAULT NULL,
  `error_message` text,
  `error_details` longtext CHARACTER SET utf8mb4 COLLATE utf8mb4_bin,
  `file_hash` varchar(64) DEFAULT NULL,
  `is_archived` tinyint(1) DEFAULT '0',
  `archive_path` varchar(500) DEFAULT NULL,
  `template_version` varchar(20) DEFAULT NULL,
  `generation_metadata` longtext CHARACTER SET utf8mb4 COLLATE utf8mb4_bin,
  `is_downloadable` tinyint(1) DEFAULT '1',
  `download_count` int DEFAULT '0',
  `last_downloaded_at` timestamp NULL DEFAULT NULL,
  `created_at` timestamp NULL DEFAULT CURRENT_TIMESTAMP,
  `updated_at` timestamp NULL DEFAULT CURRENT_TIMESTAMP ON UPDATE CURRENT_TIMESTAMP,
  PRIMARY KEY (`id`),
  KEY `idx_batch_pdf_files_batch` (`batch_id`),
  KEY `idx_batch_pdf_files_provider` (`provider_id`),
  KEY `idx_batch_pdf_files_category` (`employment_category`),
  KEY `idx_batch_pdf_files_status` (`generation_status`),
  KEY `idx_batch_pdf_files_pay_period` (`pay_period_start`,`pay_period_end`),
  KEY `idx_batch_pdf_files_file_type` (`file_type`),
  KEY `idx_batch_pdf_files_provider_type` (`provider_type`),
  CONSTRAINT `batch_pdf_files_chk_1` CHECK (json_valid(`error_details`)),
  CONSTRAINT `batch_pdf_files_chk_2` CHECK (json_valid(`generation_metadata`))
) ENGINE=InnoDB AUTO_INCREMENT=402 DEFAULT CHARSET=utf8mb4 COLLATE=utf8mb4_unicode_ci;

CREATE TABLE IF NOT EXISTS `quarterly_audit_providers` (
  `id` int NOT NULL AUTO_INCREMENT,
  `audit_run_id` int NOT NULL,
  `provider_id` int NOT NULL,
  `provider_name` varchar(255) NOT NULL,
  `provider_type` varchar(50) NOT NULL,
  `daily_rate` decimal(10,2) DEFAULT NULL,
  `period_1_batch_id` varchar(36) DEFAULT NULL,
  `period_1_date_range` varchar(100) DEFAULT NULL,
  `period_1_amount` decimal(10,2) DEFAULT '0.00',
  `period_2_batch_id` varchar(36) DEFAULT NULL,
  `period_2_date_range` varchar(100) DEFAULT NULL,
  `period_2_amount` decimal(10,2) DEFAULT '0.00',
  `period_3_batch_id` varchar(36) DEFAULT NULL,
  `period_3_date_range` varchar(100) DEFAULT NULL,
  `period_3_amount` decimal(10,2) DEFAULT '0.00',
  `period_4_batch_id` varchar(36) DEFAULT NULL,
  `period_4_date_range` varchar(100) DEFAULT NULL,
  `period_4_amount` decimal(10,2) DEFAULT '0.00',
  `period_5_batch_id` varchar(36) DEFAULT NULL,
  `period_5_date_range` varchar(100) DEFAULT NULL,
  `period_5_amount` decimal(10,2) DEFAULT '0.00',
  `period_6_batch_id` varchar(36) DEFAULT NULL,
  `period_6_date_range` varchar(100) DEFAULT NULL,
  `period_6_amount` decimal(10,2) DEFAULT '0.00',
  `total_paid_across_periods` decimal(10,2) DEFAULT '0.00',
  `missing_periods_count` int DEFAULT '0',
  `missing_periods_warning` text,
  `quarterly_production` decimal(10,2) DEFAULT '0.00',
  `quarterly_days_worked` int DEFAULT '0',
  `quarterly_calculated_amount` decimal(10,2) DEFAULT '0.00',
  `difference` decimal(10,2) DEFAULT '0.00',
  `difference_percentage` decimal(5,2) DEFAULT '0.00',
  `pdf_file_path` varchar(500) DEFAULT NULL,
  `status` enum('pending','processing','completed','failed') DEFAULT 'pending',
  `error_message` text,
  `created_at` timestamp NULL DEFAULT CURRENT_TIMESTAMP,
  `updated_at` timestamp NULL DEFAULT CURRENT_TIMESTAMP ON UPDATE CURRENT_TIMESTAMP,
  `hygiene_paid_amount` decimal(10,2) DEFAULT '0.00',
  `hygiene_quarterly_amount` decimal(10,2) DEFAULT '0.00',
  `hygiene_difference` decimal(10,2) DEFAULT '0.00',
  `restorative_paid_amount` decimal(10,2) DEFAULT '0.00',
  `restorative_quarterly_amount` decimal(10,2) DEFAULT '0.00',
  `restorative_difference` decimal(10,2) DEFAULT '0.00',
  `ortho_paid_amount` decimal(10,2) DEFAULT '0.00',
  `ortho_quarterly_amount` decimal(10,2) DEFAULT '0.00',
  `ortho_difference` decimal(10,2) DEFAULT '0.00',
  `production_paid_amount` decimal(10,2) DEFAULT '0.00',
  `production_quarterly_amount` decimal(10,2) DEFAULT '0.00',
  `production_difference` decimal(10,2) DEFAULT '0.00',
  `bone_graft_paid_count` int DEFAULT '0',
  `bone_graft_quarterly_count` int DEFAULT '0',
  `bone_graft_count_difference` int DEFAULT '0',
  `bone_graft_paid_amount` decimal(10,2) DEFAULT '0.00',
  `bone_graft_quarterly_amount` decimal(10,2) DEFAULT '0.00',
  `bone_graft_difference` decimal(10,2) DEFAULT '0.00',
  `sedation_paid_count` int DEFAULT '0',
  `sedation_quarterly_count` int DEFAULT '0',
  `sedation_count_difference` int DEFAULT '0',
  `sedation_paid_amount` decimal(10,2) DEFAULT '0.00',
  `sedation_quarterly_amount` decimal(10,2) DEFAULT '0.00',
  `sedation_difference` decimal(10,2) DEFAULT '0.00',
  `additions_paid_amount` decimal(10,2) DEFAULT '0.00',
  `additions_quarterly_amount` decimal(10,2) DEFAULT '0.00',
  `additions_difference` decimal(10,2) DEFAULT '0.00',
  `category_breakdown` json DEFAULT NULL,
  `hygiene_adjustment_amount` decimal(10,2) DEFAULT '0.00',
  `restorative_adjustment_amount` decimal(10,2) DEFAULT '0.00',
  `ortho_adjustment_amount` decimal(10,2) DEFAULT '0.00',
  `production_adjustment_amount` decimal(10,2) DEFAULT '0.00',
  `bone_graft_adjustment_amount` decimal(10,2) DEFAULT '0.00',
  `sedation_adjustment_amount` decimal(10,2) DEFAULT '0.00',
  `additions_adjustment_amount` decimal(10,2) DEFAULT '0.00',
  `total_adjustment_amount` decimal(10,2) DEFAULT '0.00',
  `hygiene_commission_rate` decimal(5,4) DEFAULT NULL,
  `restorative_commission_rate` decimal(5,4) DEFAULT NULL,
  `ortho_commission_rate` decimal(5,4) DEFAULT NULL,
  `production_commission_rate` decimal(5,4) DEFAULT NULL,
  `applied_batch_id` varchar(36) DEFAULT NULL,
  `applied_at` datetime DEFAULT NULL,
  PRIMARY KEY (`id`),
  KEY `period_1_batch_id` (`period_1_batch_id`),
  KEY `period_2_batch_id` (`period_2_batch_id`),
  KEY `period_3_batch_id` (`period_3_batch_id`),
  KEY `period_4_batch_id` (`period_4_batch_id`),
  KEY `period_5_batch_id` (`period_5_batch_id`),
  KEY `period_6_batch_id` (`period_6_batch_id`),
  KEY `idx_audit_run` (`audit_run_id`),
  KEY `idx_provider` (`provider_id`),
  KEY `idx_status` (`status`),
  KEY `idx_audit_provider` (`audit_run_id`,`provider_id`),
  KEY `idx_audit_providers_applied` (`applied_batch_id`),
  CONSTRAINT `fk_qap_audit_run` FOREIGN KEY (`audit_run_id`) REFERENCES `quarterly_audit_runs` (`id`) ON DELETE CASCADE,
  CONSTRAINT `fk_qap_provider` FOREIGN KEY (`provider_id`) REFERENCES `providers` (`id`) ON DELETE CASCADE,
  CONSTRAINT `qap_period_1_fk` FOREIGN KEY (`period_1_batch_id`) REFERENCES `batch_payroll_runs` (`id`) ON DELETE SET NULL,
  CONSTRAINT `qap_period_2_fk` FOREIGN KEY (`period_2_batch_id`) REFERENCES `batch_payroll_runs` (`id`) ON DELETE SET NULL,
  CONSTRAINT `qap_period_3_fk` FOREIGN KEY (`period_3_batch_id`) REFERENCES `batch_payroll_runs` (`id`) ON DELETE SET NULL,
  CONSTRAINT `qap_period_4_fk` FOREIGN KEY (`period_4_batch_id`) REFERENCES `batch_payroll_runs` (`id`) ON DELETE SET NULL,
  CONSTRAINT `qap_period_5_fk` FOREIGN KEY (`period_5_batch_id`) REFERENCES `batch_payroll_runs` (`id`) ON DELETE SET NULL,
  CONSTRAINT `qap_period_6_fk` FOREIGN KEY (`period_6_batch_id`) REFERENCES `batch_payroll_runs` (`id`) ON DELETE SET NULL,
  CONSTRAINT `chk_missing_periods_range` CHECK (((`missing_periods_count` >= 0) and (`missing_periods_count` <= 6)))
) ENGINE=InnoDB AUTO_INCREMENT=67 DEFAULT CHARSET=utf8mb4 COLLATE=utf8mb4_unicode_ci;

CREATE TABLE IF NOT EXISTS `audit_adjustments` (
  `id` int NOT NULL AUTO_INCREMENT,
  `audit_run_id` int NOT NULL,
  `provider_id` int NOT NULL,
  `batch_run_id` varchar(36) DEFAULT NULL,
  `category` varchar(50) NOT NULL,
  `adjustment_amount` decimal(10,2) NOT NULL,
  `quarter` int NOT NULL,
  `year` int NOT NULL,
  `applied_at` timestamp NULL DEFAULT NULL,
  `created_at` timestamp NULL DEFAULT CURRENT_TIMESTAMP,
  `updated_at` timestamp NULL DEFAULT CURRENT_TIMESTAMP ON UPDATE CURRENT_TIMESTAMP,
  `production_difference` decimal(10,2) DEFAULT NULL,
  `commission_rate` decimal(5,4) DEFAULT NULL,
  PRIMARY KEY (`id`),
  UNIQUE KEY `unique_audit_provider_category` (`audit_run_id`,`provider_id`,`category`),
  KEY `idx_audit_run` (`audit_run_id`),
  KEY `idx_provider` (`provider_id`),
  KEY `idx_batch_run` (`batch_run_id`),
  KEY `idx_category` (`category`),
  KEY `idx_applied_at` (`applied_at`),
  KEY `idx_provider_unapplied` (`provider_id`,`applied_at`),
  CONSTRAINT `fk_aa_audit_run` FOREIGN KEY (`audit_run_id`) REFERENCES `quarterly_audit_runs` (`id`) ON DELETE CASCADE,
  CONSTRAINT `fk_aa_provider` FOREIGN KEY (`provider_id`) REFERENCES `providers` (`id`) ON DELETE CASCADE,
  CONSTRAINT `fk_aa_batch_run` FOREIGN KEY (`batch_run_id`) REFERENCES `batch_payroll_runs` (`id`) ON DELETE SET NULL
) ENGINE=InnoDB AUTO_INCREMENT=114 DEFAULT CHARSET=utf8mb4 COLLATE=utf8mb4_unicode_ci;

-- ---------------------------------------------------------------
-- Section 4: Grooming module (latest1.sql only)
-- ---------------------------------------------------------------

CREATE TABLE IF NOT EXISTS `grooming_runs` (
  `run_id` bigint NOT NULL AUTO_INCREMENT,
  `target_date` date NOT NULL,
  `end_date` date DEFAULT NULL,
  `start_time` datetime NOT NULL,
  `end_time` datetime DEFAULT NULL,
  `last_checked_timestamp` datetime DEFAULT NULL,
  `total_appointments` int NOT NULL DEFAULT '0',
  `new_appointments` int NOT NULL DEFAULT '0',
  `total_flags` int NOT NULL DEFAULT '0',
  `status` varchar(20) NOT NULL DEFAULT 'running',
  `triggered_by` int NOT NULL,
  `is_delta_run` tinyint(1) NOT NULL DEFAULT '0',
  `error_message` text,
  `created_at` timestamp NULL DEFAULT CURRENT_TIMESTAMP,
  `viewed_at` datetime DEFAULT NULL,
  `viewed_by` int DEFAULT NULL,
  PRIMARY KEY (`run_id`),
  KEY `idx_grooming_runs_target_date` (`target_date`),
  KEY `idx_grooming_runs_status` (`status`),
  KEY `idx_grooming_runs_created` (`created_at`),
  KEY `idx_grooming_runs_triggered_by` (`triggered_by`),
  KEY `idx_grooming_runs_date_range` (`target_date`,`end_date`),
  KEY `fk_grooming_runs_viewed_by` (`viewed_by`),
  CONSTRAINT `fk_grooming_runs_viewed_by` FOREIGN KEY (`viewed_by`) REFERENCES `users` (`id`) ON DELETE SET NULL,
  CONSTRAINT `grooming_runs_ibfk_1` FOREIGN KEY (`triggered_by`) REFERENCES `users` (`id`),
  CONSTRAINT `chk_grooming_runs_status` CHECK (`status` in ('running','complete','failed'))
) ENGINE=InnoDB AUTO_INCREMENT=1062 DEFAULT CHARSET=utf8mb4 COLLATE=utf8mb4_unicode_ci;

CREATE TABLE IF NOT EXISTS `grooming_recommendations` (
  `recommendation_id` bigint NOT NULL AUTO_INCREMENT,
  `run_id` bigint DEFAULT NULL,
  `AptNum` bigint NOT NULL,
  `PatNum` bigint NOT NULL,
  `patient_name` varchar(100) NOT NULL,
  `apt_datetime` datetime NOT NULL,
  `apt_DateTStamp` datetime NOT NULL,
  `xray_status` varchar(255) DEFAULT NULL,
  `xray_recommendation` varchar(200) DEFAULT NULL,
  `probing_status` varchar(255) DEFAULT NULL,
  `probing_recommendation` varchar(200) DEFAULT NULL,
  `pano_status` varchar(255) DEFAULT NULL,
  `pano_recommendation` varchar(200) DEFAULT NULL,
  `insurance_status` varchar(100) DEFAULT NULL,
  `insurance_recommendation` varchar(200) DEFAULT NULL,
  `balance_status` varchar(200) DEFAULT NULL,
  `balance_recommendation` varchar(200) DEFAULT NULL,
  `credit_status` varchar(200) DEFAULT NULL,
  `credit_recommendation` varchar(200) DEFAULT NULL,
  `fluoride_status` varchar(100) DEFAULT NULL,
  `fluoride_recommendation` varchar(200) DEFAULT NULL,
  `age_code_status` varchar(100) DEFAULT NULL,
  `age_code_recommendation` varchar(200) DEFAULT NULL,
  `exam_status` varchar(255) DEFAULT NULL,
  `exam_recommendation` varchar(200) DEFAULT NULL,
  `scheduled_exam_codes` varchar(100) DEFAULT NULL,
  `scheduled_exam_procnums` longtext CHARACTER SET utf8mb4 COLLATE utf8mb4_bin,
  `scheduled_bwx_codes` varchar(100) DEFAULT NULL,
  `scheduled_bwx_procnums` longtext CHARACTER SET utf8mb4 COLLATE utf8mb4_bin,
  `scheduled_probing_codes` varchar(100) DEFAULT NULL,
  `scheduled_probing_procnums` longtext CHARACTER SET utf8mb4 COLLATE utf8mb4_bin,
  `scheduled_pano_codes` varchar(100) DEFAULT NULL,
  `scheduled_pano_procnums` longtext CHARACTER SET utf8mb4 COLLATE utf8mb4_bin,
  `has_flags` tinyint(1) NOT NULL DEFAULT '0',
  `is_new` tinyint(1) NOT NULL DEFAULT '0',
  `is_new_patient` tinyint(1) NOT NULL DEFAULT '0',
  `is_lapsed_patient` tinyint(1) DEFAULT '0',
  `action_status` varchar(20) NOT NULL DEFAULT 'pending',
  `reviewed_by` int DEFAULT NULL,
  `reviewed_at` datetime DEFAULT NULL,
  `patient_portion` decimal(10,2) DEFAULT NULL,
  `patient_portion_note` varchar(255) DEFAULT NULL,
  `annual_max_remaining` decimal(10,2) DEFAULT NULL,
  `annual_max_status` varchar(20) DEFAULT NULL,
  `waiting_periods` text,
  `membership_status` varchar(20) DEFAULT NULL,
  `generated_note` text,
  `od_appointment_note` text,
  `target_date` date NOT NULL,
  `last_run_id` bigint DEFAULT NULL,
  `is_delta_add` tinyint(1) NOT NULL DEFAULT '0',
  `groomed_at` datetime DEFAULT NULL,
  `groomed_by` int DEFAULT NULL,
  `note_written` tinyint(1) DEFAULT '0',
  `note_written_at` datetime DEFAULT NULL,
  `created_at` timestamp NULL DEFAULT CURRENT_TIMESTAMP,
  `updated_at` timestamp NULL DEFAULT CURRENT_TIMESTAMP ON UPDATE CURRENT_TIMESTAMP,
  `pp_calculation_detail` text,
  `standard_codes_status` varchar(50) DEFAULT NULL,
  `standard_codes_recommendation` varchar(200) DEFAULT NULL,
  `hygiene_status` varchar(50) DEFAULT NULL,
  `hygiene_recommendation` varchar(200) DEFAULT NULL,
  `scheduled_hygiene_codes` varchar(100) DEFAULT NULL,
  `scheduled_hygiene_procnums` longtext CHARACTER SET utf8mb4 COLLATE utf8mb4_bin,
  `last_hygiene_code` varchar(10) DEFAULT NULL,
  `scheduled_hygiene_code` varchar(10) DEFAULT NULL,
  `duplicate_tp_status` varchar(50) DEFAULT NULL,
  `duplicate_tp_recommendation` text,
  `duplicate_tp_procnums` text,
  PRIMARY KEY (`recommendation_id`),
  UNIQUE KEY `uq_grooming_rec_date_apt` (`target_date`,`AptNum`),
  KEY `idx_grooming_rec_run` (`run_id`),
  KEY `idx_grooming_rec_aptnum` (`AptNum`),
  KEY `idx_grooming_rec_patnum` (`PatNum`),
  KEY `idx_grooming_rec_has_flags` (`has_flags`),
  KEY `idx_grooming_rec_apt_datetime` (`apt_datetime`),
  KEY `idx_grooming_rec_is_new` (`is_new`),
  KEY `idx_grooming_rec_is_new_patient` (`is_new_patient`),
  KEY `idx_grooming_rec_run_flags` (`run_id`,`has_flags`),
  KEY `idx_grooming_rec_run_apt` (`run_id`,`apt_datetime`),
  KEY `idx_grooming_rec_target_date` (`target_date`),
  KEY `idx_grooming_rec_membership_status` (`membership_status`),
  KEY `idx_grooming_recommendations_lapsed` (`is_lapsed_patient`),
  KEY `idx_grooming_rec_groomed` (`target_date`,`groomed_at`),
  KEY `fk_grooming_rec_last_run` (`last_run_id`),
  KEY `fk_grooming_rec_groomed_by` (`groomed_by`),
  KEY `idx_grooming_rec_standard_codes` (`standard_codes_status`),
  KEY `idx_grooming_rec_hygiene` (`hygiene_status`),
  KEY `idx_grooming_rec_duplicate_tp` (`duplicate_tp_status`),
  CONSTRAINT `fk_grooming_rec_groomed_by` FOREIGN KEY (`groomed_by`) REFERENCES `users` (`id`) ON DELETE SET NULL,
  CONSTRAINT `fk_grooming_rec_last_run` FOREIGN KEY (`last_run_id`) REFERENCES `grooming_runs` (`run_id`) ON DELETE SET NULL,
  CONSTRAINT `chk_grooming_rec_action_status` CHECK (`action_status` in ('pending','approved','executed','skipped'))
) ENGINE=InnoDB AUTO_INCREMENT=36625 DEFAULT CHARSET=utf8mb4 COLLATE=utf8mb4_unicode_ci;

CREATE TABLE IF NOT EXISTS `grooming_audit_log` (
  `audit_id` bigint NOT NULL AUTO_INCREMENT,
  `recommendation_id` bigint NOT NULL,
  `AptNum` bigint NOT NULL,
  `PatNum` bigint NOT NULL,
  `action_type` varchar(20) NOT NULL,
  `proc_code` varchar(10) NOT NULL,
  `executed_at` datetime NOT NULL,
  `executed_by` int NOT NULL,
  `success` tinyint(1) NOT NULL DEFAULT '0',
  `api_response` text,
  `error_message` varchar(500) DEFAULT NULL,
  `retry_count` int NOT NULL DEFAULT '0',
  `created_at` timestamp NULL DEFAULT CURRENT_TIMESTAMP,
  PRIMARY KEY (`audit_id`),
  KEY `idx_grooming_audit_rec` (`recommendation_id`),
  KEY `idx_grooming_audit_aptnum` (`AptNum`),
  KEY `idx_grooming_audit_patnum` (`PatNum`),
  KEY `idx_grooming_audit_executed` (`executed_at`),
  KEY `idx_grooming_audit_executed_by` (`executed_by`),
  KEY `idx_grooming_audit_success` (`success`),
  KEY `idx_grooming_audit_failures` (`success`,`retry_count`),
  CONSTRAINT `grooming_audit_log_ibfk_1` FOREIGN KEY (`recommendation_id`) REFERENCES `grooming_recommendations` (`recommendation_id`) ON DELETE CASCADE,
  CONSTRAINT `grooming_audit_log_ibfk_2` FOREIGN KEY (`executed_by`) REFERENCES `users` (`id`),
  CONSTRAINT `chk_grooming_audit_action_type` CHECK (`action_type` in ('ADD','REMOVE'))
) ENGINE=InnoDB DEFAULT CHARSET=utf8mb4 COLLATE=utf8mb4_unicode_ci;

CREATE TABLE IF NOT EXISTS `grooming_feedback` (
  `feedback_id` bigint NOT NULL AUTO_INCREMENT,
  `recommendation_id` bigint DEFAULT NULL,
  `AptNum` bigint NOT NULL,
  `PatNum` bigint NOT NULL,
  `target_date` date NOT NULL,
  `patient_name` varchar(100) NOT NULL,
  `issue_type` varchar(50) NOT NULL,
  `affected_checks` longtext CHARACTER SET utf8mb4 COLLATE utf8mb4_bin,
  `priority` varchar(20) NOT NULL DEFAULT 'medium',
  `user_notes` text NOT NULL,
  `user_fix_notes` text,
  `recommendation_snapshot` longtext CHARACTER SET utf8mb4 COLLATE utf8mb4_bin NOT NULL,
  `status` varchar(20) NOT NULL DEFAULT 'new',
  `admin_notes` text,
  `resolution_type` varchar(50) DEFAULT NULL,
  `submitted_by` int NOT NULL,
  `reviewed_by` int DEFAULT NULL,
  `resolved_by` int DEFAULT NULL,
  `submitted_at` datetime NOT NULL DEFAULT CURRENT_TIMESTAMP,
  `reviewed_at` datetime DEFAULT NULL,
  `resolved_at` datetime DEFAULT NULL,
  `created_at` timestamp NULL DEFAULT CURRENT_TIMESTAMP,
  `updated_at` timestamp NULL DEFAULT CURRENT_TIMESTAMP ON UPDATE CURRENT_TIMESTAMP,
  PRIMARY KEY (`feedback_id`),
  KEY `fk_grooming_feedback_reviewed_by` (`reviewed_by`),
  KEY `fk_grooming_feedback_resolved_by` (`resolved_by`),
  KEY `idx_grooming_feedback_status` (`status`),
  KEY `idx_grooming_feedback_issue_type` (`issue_type`),
  KEY `idx_grooming_feedback_priority` (`priority`),
  KEY `idx_grooming_feedback_aptnum` (`AptNum`),
  KEY `idx_grooming_feedback_target_date` (`target_date`),
  KEY `idx_grooming_feedback_submitted_by` (`submitted_by`),
  KEY `idx_grooming_feedback_submitted_at` (`submitted_at`),
  CONSTRAINT `fk_grooming_feedback_resolved_by` FOREIGN KEY (`resolved_by`) REFERENCES `users` (`id`) ON DELETE SET NULL,
  CONSTRAINT `fk_grooming_feedback_reviewed_by` FOREIGN KEY (`reviewed_by`) REFERENCES `users` (`id`) ON DELETE SET NULL,
  CONSTRAINT `fk_grooming_feedback_submitted_by` FOREIGN KEY (`submitted_by`) REFERENCES `users` (`id`),
  CONSTRAINT `grooming_feedback_chk_1` CHECK (json_valid(`affected_checks`)),
  CONSTRAINT `grooming_feedback_chk_2` CHECK (json_valid(`recommendation_snapshot`))
) ENGINE=InnoDB AUTO_INCREMENT=65 DEFAULT CHARSET=utf8mb4 COLLATE=utf8mb4_unicode_ci;

CREATE TABLE IF NOT EXISTS `grooming_membership_verifications` (
  `verification_id` bigint NOT NULL AUTO_INCREMENT,
  `PatNum` bigint NOT NULL,
  `DiscountPlanNum` bigint NOT NULL,
  `verified_at` datetime NOT NULL,
  `verified_by` varchar(50) NOT NULL,
  `status` varchar(20) NOT NULL,
  `notes` varchar(255) DEFAULT NULL,
  `created_at` timestamp NULL DEFAULT CURRENT_TIMESTAMP,
  PRIMARY KEY (`verification_id`),
  KEY `idx_membership_ver_patnum` (`PatNum`),
  KEY `idx_membership_ver_verified_at` (`verified_at`),
  KEY `idx_membership_ver_discountplan` (`DiscountPlanNum`),
  KEY `idx_membership_ver_patnum_plan_date` (`PatNum`,`DiscountPlanNum`,`verified_at`),
  CONSTRAINT `chk_membership_ver_status` CHECK (`status` in ('Active','Inactive','Expired'))
) ENGINE=InnoDB AUTO_INCREMENT=410 DEFAULT CHARSET=utf8mb4 COLLATE=utf8mb4_unicode_ci;

CREATE TABLE IF NOT EXISTS `grooming_settings` (
  `setting_key` varchar(50) NOT NULL,
  `setting_value` varchar(255) NOT NULL,
  `setting_type` varchar(20) NOT NULL,
  `category` varchar(50) NOT NULL,
  `description` varchar(255) DEFAULT NULL,
  `updated_at` datetime DEFAULT CURRENT_TIMESTAMP ON UPDATE CURRENT_TIMESTAMP,
  PRIMARY KEY (`setting_key`),
  KEY `idx_grooming_settings_category` (`category`),
  CONSTRAINT `chk_grooming_settings_type` CHECK (`setting_type` in ('number','string','boolean'))
) ENGINE=InnoDB DEFAULT CHARSET=utf8mb4 COLLATE=utf8mb4_unicode_ci;

-- ---------------------------------------------------------------
-- Section 5: ERA / claims posting (dump_b only)
-- ---------------------------------------------------------------

CREATE TABLE IF NOT EXISTS `era_payments` (
  `era_id` int NOT NULL AUTO_INCREMENT,
  `clearinghouse_name` varchar(50) DEFAULT NULL,
  `source` enum('dxc_manual','stedi') NOT NULL DEFAULT 'dxc_manual',
  `stedi_transaction_id` varchar(100) DEFAULT NULL,
  `stedi_file_execution_id` varchar(100) DEFAULT NULL,
  `raw_stedi_json` longtext,
  `eob_source` enum('carrier_official','stedi_generated') DEFAULT NULL,
  `eob_local_path` varchar(500) DEFAULT NULL,
  `eob_sftp_path` varchar(500) DEFAULT NULL,
  `received_datetime` datetime DEFAULT CURRENT_TIMESTAMP,
  `file_name` varchar(255) DEFAULT NULL,
  `raw_835_path` varchar(500) DEFAULT NULL,
  `payer_name` varchar(100) DEFAULT NULL,
  `payer_id_code` varchar(50) DEFAULT NULL,
  `payer_tax_id` varchar(20) NOT NULL,
  `payee_name` varchar(100) DEFAULT NULL,
  `payee_npi` varchar(20) DEFAULT NULL,
  `check_number` varchar(50) NOT NULL,
  `check_date` date NOT NULL,
  `bank_deposit_date` date DEFAULT NULL,
  `no_deposit_expected` tinyint(1) NOT NULL DEFAULT '0',
  `check_amount` decimal(10,2) NOT NULL,
  `payment_method` varchar(20) DEFAULT NULL,
  `payment_method_description` varchar(50) DEFAULT NULL,
  `account_number_last4` varchar(4) DEFAULT NULL,
  `is_credit` tinyint(1) DEFAULT '1',
  `total_claim_count` int DEFAULT '0',
  `status` enum('uploaded','pending_review','ready_to_post','posting','posted','partially_posted','awaiting_finalization','error') DEFAULT 'uploaded',
  `posted_datetime` datetime DEFAULT NULL,
  `posted_by_user_id` int DEFAULT NULL,
  `od_claimpayment_num` int DEFAULT NULL,
  `notes` text,
  `created_at` datetime DEFAULT CURRENT_TIMESTAMP,
  `updated_at` datetime DEFAULT CURRENT_TIMESTAMP ON UPDATE CURRENT_TIMESTAMP,
  `bank_deposit_linked_at` datetime DEFAULT NULL,
  `bank_deposit_linked_by` varchar(100) DEFAULT NULL,
  `bank_deposit_link_method` enum('auto_teller','manual_entry') DEFAULT NULL,
  PRIMARY KEY (`era_id`),
  KEY `idx_era_status` (`status`),
  KEY `idx_era_check_date` (`check_date`),
  KEY `idx_era_check_number` (`check_number`),
  KEY `idx_era_payer` (`payer_name`,`payer_tax_id`),
  KEY `idx_era_duplicate` (`check_number`,`payer_tax_id`,`check_amount`),
  KEY `idx_era_payments_stedi_txn` (`stedi_transaction_id`),
  KEY `idx_era_payments_date_status` (`check_date`,`status`),
  KEY `idx_era_payments_received` (`received_datetime`),
  KEY `idx_era_payments_posted` (`posted_datetime`),
  KEY `idx_era_payments_no_deposit_expected` (`no_deposit_expected`,`status`)
) ENGINE=InnoDB DEFAULT CHARSET=utf8mb4 COLLATE=utf8mb4_0900_ai_ci;

CREATE TABLE IF NOT EXISTS `era_claims` (
  `era_claim_id` int NOT NULL AUTO_INCREMENT,
  `era_id` int NOT NULL,
  `claim_identifier` varchar(50) DEFAULT NULL,
  `patient_first_name` varchar(50) DEFAULT NULL,
  `patient_last_name` varchar(50) DEFAULT NULL,
  `subscriber_first_name` varchar(50) DEFAULT NULL,
  `subscriber_last_name` varchar(50) DEFAULT NULL,
  `subscriber_id` varchar(50) DEFAULT NULL,
  `claim_status_code` varchar(5) DEFAULT NULL,
  `claim_status_description` varchar(100) DEFAULT NULL,
  `payer_control_number` varchar(50) DEFAULT NULL,
  `rendering_provider_npi` varchar(20) DEFAULT NULL,
  `date_service_start` date DEFAULT NULL,
  `date_service_end` date DEFAULT NULL,
  `is_reversal` tinyint(1) DEFAULT '0',
  `is_preauth` tinyint(1) DEFAULT '0',
  `is_split_claim` tinyint(1) DEFAULT '0',
  `total_charge_amount` decimal(10,2) DEFAULT NULL,
  `paid_amount` decimal(10,2) DEFAULT NULL,
  `patient_responsibility_amount` decimal(10,2) DEFAULT NULL,
  `writeoff_total` decimal(10,2) DEFAULT NULL,
  `deductible_total` decimal(10,2) DEFAULT NULL,
  `patient_portion_total` decimal(10,2) DEFAULT NULL,
  `reason_under_paid` varchar(400) DEFAULT NULL,
  `od_claim_num` int DEFAULT NULL,
  `patnum` bigint DEFAULT NULL,
  `od_claim_type` varchar(10) DEFAULT NULL,
  `od_claim_status` varchar(5) DEFAULT NULL,
  `match_status` enum('unmatched','matched','ambiguous') NOT NULL DEFAULT 'unmatched',
  `match_method` varchar(50) DEFAULT NULL,
  `match_confidence` varchar(20) DEFAULT NULL,
  `claim_review_status` enum('ready','edited','excluded','unmatched','posted','manually_posted','failed','manual_review','post_in_od','manually_posted_in_od','needs_attention') DEFAULT 'ready',
  `is_excluded` tinyint(1) DEFAULT '0',
  `exclusion_reason` enum('cob_reprocess','appeal','wait_for_patient_info','post_in_od_manual','duplicate','other') DEFAULT NULL,
  `exclusion_note` varchar(1000) DEFAULT NULL,
  `review_flags` json DEFAULT NULL,
  `posted_to_od` tinyint(1) DEFAULT '0',
  `od_claimpayment_num` int DEFAULT NULL,
  `posting_error` text,
  `has_name_mismatch` tinyint(1) DEFAULT '0',
  `name_mismatch_details` json DEFAULT NULL,
  `name_mismatch_resolved` tinyint(1) DEFAULT '0',
  `has_secondary` tinyint(1) DEFAULT '0',
  `secondary_claim_num` bigint DEFAULT NULL,
  `secondary_status` enum('hold','sent','received','timeout') DEFAULT 'hold',
  `days_since_primary_posted` int DEFAULT '0',
  `primary_in_network` tinyint(1) DEFAULT NULL,
  `secondary_in_network` tinyint(1) DEFAULT NULL,
  `fee_ceiling` decimal(10,2) DEFAULT NULL,
  `writeoff_pending` tinyint(1) DEFAULT '0',
  `writeoff_amount_calculated` decimal(10,2) DEFAULT NULL,
  `writeoff_posted_on_claim` bigint DEFAULT NULL,
  `writeoff_posted_date` datetime DEFAULT NULL,
  `has_type_mismatch` tinyint(1) DEFAULT '0',
  `type_mismatch_resolved` tinyint(1) DEFAULT '0',
  `mismatch_auto_resolved` tinyint(1) NOT NULL DEFAULT '0',
  `secondary_awaiting_primary` tinyint(1) NOT NULL DEFAULT '0',
  `cross_code_case` char(1) DEFAULT NULL,
  `case_b_allocation` json DEFAULT NULL,
  `mismatch_resolved_as` varchar(20) DEFAULT NULL,
  `primary_paid_total` decimal(10,2) DEFAULT NULL,
  `type_mismatch_details` json DEFAULT NULL,
  `subscriber_id_era` varchar(50) DEFAULT NULL,
  `subscriber_id_od` varchar(50) DEFAULT NULL,
  `unmatched_service_line_count` int DEFAULT '0',
  `created_at` datetime DEFAULT CURRENT_TIMESTAMP,
  PRIMARY KEY (`era_claim_id`),
  KEY `idx_eraclaim_era_id` (`era_id`),
  KEY `idx_eraclaim_claim_identifier` (`claim_identifier`),
  KEY `idx_eraclaim_od_claim_num` (`od_claim_num`),
  KEY `idx_eraclaim_match_status` (`match_status`),
  KEY `idx_eraclaim_subscriber_id` (`subscriber_id`),
  KEY `idx_era_claims_match_review` (`match_status`,`claim_review_status`),
  KEY `idx_era_claims_posted_created` (`posted_to_od`,`created_at`),
  KEY `idx_eraclaims_patnum` (`patnum`),
  KEY `idx_era_claims_secondary_awaiting_primary` (`secondary_awaiting_primary`),
  KEY `idx_era_claims_cross_code_case` (`cross_code_case`),
  CONSTRAINT `fk_eraclaim_era` FOREIGN KEY (`era_id`) REFERENCES `era_payments` (`era_id`) ON DELETE CASCADE
) ENGINE=InnoDB DEFAULT CHARSET=utf8mb4 COLLATE=utf8mb4_0900_ai_ci;

CREATE TABLE IF NOT EXISTS `era_service_lines` (
  `service_line_id` int NOT NULL AUTO_INCREMENT,
  `era_claim_id` int NOT NULL,
  `line_number` int DEFAULT NULL,
  `proc_code_billed` varchar(10) DEFAULT NULL,
  `proc_code_adjudicated` varchar(10) DEFAULT NULL,
  `service_date_start` date DEFAULT NULL,
  `service_date_end` date DEFAULT NULL,
  `units` int DEFAULT '1',
  `charge_amount` decimal(10,2) DEFAULT NULL,
  `proc_fee` decimal(10,2) DEFAULT NULL,
  `paid_amount` decimal(10,2) DEFAULT NULL,
  `deductible` decimal(10,2) DEFAULT NULL,
  `writeoff` decimal(10,2) DEFAULT NULL,
  `patient_portion` decimal(10,2) DEFAULT NULL,
  `remark_codes` json DEFAULT NULL,
  `ref_6r_raw` varchar(50) DEFAULT NULL,
  `ref_6r_format` varchar(10) DEFAULT NULL,
  `ref_6r_proc_num` bigint DEFAULT NULL,
  `ref_6r_plan_num` bigint DEFAULT NULL,
  `ref_6r_plan_ordinal` int DEFAULT NULL,
  `od_claimproc_num` int DEFAULT NULL,
  `calc_ins_pay_amt` decimal(10,2) DEFAULT NULL,
  `calc_ded_applied` decimal(10,2) DEFAULT NULL,
  `calc_writeoff` decimal(10,2) DEFAULT NULL,
  `calc_allowed_override` decimal(10,2) DEFAULT NULL,
  `calc_remarks` text,
  `calc_positive_adjustment` decimal(10,2) DEFAULT NULL,
  `allowed_amount_era` decimal(10,2) DEFAULT NULL,
  `allowed_amount_od` decimal(10,2) DEFAULT NULL,
  `fee_schedule_amount` decimal(10,2) DEFAULT NULL,
  `contracted_fee` decimal(10,2) DEFAULT NULL,
  `allowed_source` varchar(20) DEFAULT NULL,
  `allowed_variance` decimal(10,2) DEFAULT NULL,
  `preauth_estimate` decimal(10,2) DEFAULT NULL,
  `should_post_writeoff` tinyint(1) DEFAULT NULL,
  `writeoff_decision_reason` varchar(100) DEFAULT NULL,
  `writeoff_decision_confidence` enum('high','medium','low') DEFAULT NULL,
  `requires_writeoff_review` tinyint(1) DEFAULT '0',
  `deferred_to_secondary` tinyint(1) DEFAULT '0',
  `triggered_rules` json DEFAULT NULL,
  `has_blocking_flag` tinyint(1) DEFAULT '0',
  `has_warning_flag` tinyint(1) DEFAULT '0',
  `posting_error` text,
  `created_at` datetime DEFAULT CURRENT_TIMESTAMP,
  `is_excluded` tinyint(1) NOT NULL DEFAULT '0',
  `excluded_reason` varchar(500) DEFAULT NULL,
  `excluded_by_user_id` int DEFAULT NULL,
  `excluded_at` datetime DEFAULT NULL,
  PRIMARY KEY (`service_line_id`),
  KEY `idx_erasvc_era_claim_id` (`era_claim_id`),
  KEY `idx_erasvc_ref6r_proc_num` (`ref_6r_proc_num`),
  KEY `idx_erasvc_od_claimproc_num` (`od_claimproc_num`),
  KEY `idx_era_service_lines_is_excluded` (`era_claim_id`,`is_excluded`),
  CONSTRAINT `fk_erasvc_eraclaim` FOREIGN KEY (`era_claim_id`) REFERENCES `era_claims` (`era_claim_id`) ON DELETE CASCADE
) ENGINE=InnoDB DEFAULT CHARSET=utf8mb4 COLLATE=utf8mb4_0900_ai_ci;

CREATE TABLE IF NOT EXISTS `era_adjustments` (
  `adjustment_id` int NOT NULL AUTO_INCREMENT,
  `era_claim_id` int NOT NULL,
  `era_service_line_id` int DEFAULT NULL,
  `group_code` varchar(5) DEFAULT NULL,
  `reason_code` varchar(10) DEFAULT NULL,
  `reason_description` varchar(255) DEFAULT NULL,
  `amount` decimal(10,2) DEFAULT NULL,
  `is_deductible` tinyint(1) DEFAULT '0',
  `reclassified_as` varchar(5) DEFAULT NULL,
  `acknowledged` tinyint(1) DEFAULT '0',
  `acknowledged_by` varchar(100) DEFAULT NULL,
  `acknowledged_at` timestamp NULL DEFAULT NULL,
  `created_at` datetime DEFAULT CURRENT_TIMESTAMP,
  PRIMARY KEY (`adjustment_id`),
  KEY `idx_eraadj_era_claim_id` (`era_claim_id`),
  KEY `idx_eraadj_service_line_id` (`era_service_line_id`),
  KEY `idx_eraadj_group_code` (`group_code`),
  KEY `idx_eraadj_reason_code` (`reason_code`),
  CONSTRAINT `fk_eraadj_eraclaim` FOREIGN KEY (`era_claim_id`) REFERENCES `era_claims` (`era_claim_id`) ON DELETE CASCADE,
  CONSTRAINT `fk_eraadj_erasvc` FOREIGN KEY (`era_service_line_id`) REFERENCES `era_service_lines` (`service_line_id`) ON DELETE CASCADE
) ENGINE=InnoDB DEFAULT CHARSET=utf8mb4 COLLATE=utf8mb4_0900_ai_ci;

CREATE TABLE IF NOT EXISTS `era_audit_events` (
  `id` bigint NOT NULL AUTO_INCREMENT,
  `era_id` int DEFAULT NULL,
  `era_claim_id` int DEFAULT NULL,
  `event_type` varchar(100) NOT NULL,
  `event_payload` json DEFAULT NULL,
  `actor_user_id` int DEFAULT NULL,
  `created_at` timestamp NOT NULL DEFAULT CURRENT_TIMESTAMP,
  PRIMARY KEY (`id`),
  KEY `idx_era_audit_era_id` (`era_id`),
  KEY `idx_era_audit_event_type` (`event_type`),
  KEY `idx_era_audit_created_at` (`created_at`)
) ENGINE=InnoDB DEFAULT CHARSET=utf8mb4 COLLATE=utf8mb4_unicode_ci;

CREATE TABLE IF NOT EXISTS `era_match_log` (
  `log_id` int NOT NULL AUTO_INCREMENT,
  `era_claim_id` int NOT NULL,
  `action` enum('auto_match','auto_rematch','manual_match','manual_detach') NOT NULL,
  `match_method` varchar(50) DEFAULT NULL,
  `match_confidence` varchar(20) DEFAULT NULL,
  `od_claim_num` int DEFAULT NULL,
  `candidates_considered` int DEFAULT '0',
  `match_details` json DEFAULT NULL,
  `performed_by` varchar(50) DEFAULT 'system',
  `created_at` datetime DEFAULT CURRENT_TIMESTAMP,
  PRIMARY KEY (`log_id`),
  KEY `idx_eramatch_era_claim_id` (`era_claim_id`),
  KEY `idx_eramatch_action` (`action`),
  CONSTRAINT `fk_eramatch_eraclaim` FOREIGN KEY (`era_claim_id`) REFERENCES `era_claims` (`era_claim_id`) ON DELETE CASCADE
) ENGINE=InnoDB DEFAULT CHARSET=utf8mb4 COLLATE=utf8mb4_0900_ai_ci;

CREATE TABLE IF NOT EXISTS `era_posting_overrides` (
  `id` int NOT NULL AUTO_INCREMENT,
  `era_claim_id` int NOT NULL,
  `era_service_line_id` int DEFAULT NULL,
  `field_name` varchar(50) NOT NULL,
  `calculated_value` decimal(10,2) DEFAULT NULL,
  `overridden_value` decimal(10,2) DEFAULT NULL,
  `override_reason` text,
  `overridden_by` varchar(100) DEFAULT NULL,
  `overridden_at` datetime DEFAULT CURRENT_TIMESTAMP,
  `applied_to_od` tinyint(1) DEFAULT '0',
  `applied_at` datetime DEFAULT NULL,
  PRIMARY KEY (`id`),
  KEY `idx_override_era_claim` (`era_claim_id`),
  KEY `idx_override_service_line` (`era_service_line_id`),
  CONSTRAINT `fk_override_eraclaim` FOREIGN KEY (`era_claim_id`) REFERENCES `era_claims` (`era_claim_id`) ON DELETE CASCADE,
  CONSTRAINT `fk_override_erasvc` FOREIGN KEY (`era_service_line_id`) REFERENCES `era_service_lines` (`service_line_id`) ON DELETE CASCADE
) ENGINE=InnoDB DEFAULT CHARSET=utf8mb4 COLLATE=utf8mb4_0900_ai_ci;

CREATE TABLE IF NOT EXISTS `era_provider_adjustments` (
  `provider_adj_id` int NOT NULL AUTO_INCREMENT,
  `era_id` int NOT NULL,
  `npi` varchar(20) DEFAULT NULL,
  `fiscal_period_date` date DEFAULT NULL,
  `reason_code` varchar(10) DEFAULT NULL,
  `reason_description` varchar(255) DEFAULT NULL,
  `reference_id` varchar(50) DEFAULT NULL,
  `amount` decimal(10,2) DEFAULT NULL,
  `created_at` datetime DEFAULT CURRENT_TIMESTAMP,
  PRIMARY KEY (`provider_adj_id`),
  KEY `idx_eraprovadj_era_id` (`era_id`),
  CONSTRAINT `fk_eraprovadj_era` FOREIGN KEY (`era_id`) REFERENCES `era_payments` (`era_id`) ON DELETE CASCADE
) ENGINE=InnoDB DEFAULT CHARSET=utf8mb4 COLLATE=utf8mb4_0900_ai_ci;

CREATE TABLE IF NOT EXISTS `adjustment_anomalies` (
  `id` int NOT NULL AUTO_INCREMENT,
  `era_adjustment_id` int NOT NULL,
  `era_claim_id` int NOT NULL,
  `severity` enum('info','warning','critical') NOT NULL,
  `anomaly_type` varchar(50) NOT NULL,
  `reason` text NOT NULL,
  `suggested_action` text,
  `detected_at` datetime DEFAULT CURRENT_TIMESTAMP,
  `acknowledged` tinyint(1) DEFAULT '0',
  `acknowledged_by` varchar(100) DEFAULT NULL,
  `acknowledged_at` datetime DEFAULT NULL,
  PRIMARY KEY (`id`),
  KEY `idx_anomaly_era_claim` (`era_claim_id`),
  KEY `idx_anomaly_era_adj` (`era_adjustment_id`),
  KEY `idx_anomaly_severity` (`severity`),
  KEY `idx_anomaly_acknowledged` (`acknowledged`),
  CONSTRAINT `fk_anomaly_eraadj` FOREIGN KEY (`era_adjustment_id`) REFERENCES `era_adjustments` (`adjustment_id`) ON DELETE CASCADE,
  CONSTRAINT `fk_anomaly_eraclaim` FOREIGN KEY (`era_claim_id`) REFERENCES `era_claims` (`era_claim_id`) ON DELETE CASCADE
) ENGINE=InnoDB DEFAULT CHARSET=utf8mb4 COLLATE=utf8mb4_0900_ai_ci;

CREATE TABLE IF NOT EXISTS `adjustment_patterns` (
  `id` int NOT NULL AUTO_INCREMENT,
  `payer_id` int NOT NULL,
  `group_code` varchar(3) NOT NULL,
  `reason_code` varchar(10) NOT NULL,
  `occurrences` int DEFAULT '1',
  `total_amount` decimal(10,2) DEFAULT '0.00',
  `avg_amount` decimal(10,2) DEFAULT '0.00',
  `first_seen` datetime DEFAULT NULL,
  `last_seen` datetime DEFAULT NULL,
  PRIMARY KEY (`id`),
  UNIQUE KEY `idx_pattern_unique` (`payer_id`,`group_code`,`reason_code`),
  KEY `idx_pattern_payer_codes` (`payer_id`,`group_code`,`reason_code`)
) ENGINE=InnoDB DEFAULT CHARSET=utf8mb4 COLLATE=utf8mb4_0900_ai_ci;

CREATE TABLE IF NOT EXISTS `carrier_rules` (
  `carrier_rule_id` int NOT NULL AUTO_INCREMENT,
  `payer_id` varchar(50) NOT NULL,
  `rule_type` enum('CAS_REMAP','WRITEOFF_OVERRIDE','AUTO_APPROVE','CUSTOM') NOT NULL,
  `condition_json` json NOT NULL,
  `action_json` json NOT NULL,
  `description` text,
  `is_active` tinyint(1) NOT NULL DEFAULT '1',
  `created_by` int DEFAULT NULL,
  `created_at` timestamp NULL DEFAULT CURRENT_TIMESTAMP,
  `updated_at` timestamp NULL DEFAULT CURRENT_TIMESTAMP ON UPDATE CURRENT_TIMESTAMP,
  PRIMARY KEY (`carrier_rule_id`),
  KEY `idx_carrier_rules_payer` (`payer_id`),
  KEY `idx_carrier_rules_type` (`rule_type`),
  KEY `idx_carrier_rules_active` (`is_active`)
) ENGINE=InnoDB DEFAULT CHARSET=utf8mb4 COLLATE=utf8mb4_unicode_ci;

CREATE TABLE IF NOT EXISTS `cob_calculation_log` (
  `log_id` int NOT NULL AUTO_INCREMENT,
  `era_claim_id` int NOT NULL,
  `claim_num` bigint NOT NULL,
  `patient_num` bigint NOT NULL,
  `proc_fee` decimal(10,2) DEFAULT NULL,
  `primary_allowed` decimal(10,2) DEFAULT NULL,
  `primary_paid` decimal(10,2) DEFAULT NULL,
  `primary_in_network` tinyint(1) DEFAULT NULL,
  `secondary_allowed` decimal(10,2) DEFAULT NULL,
  `secondary_paid` decimal(10,2) DEFAULT NULL,
  `secondary_in_network` tinyint(1) DEFAULT NULL,
  `fee_ceiling` decimal(10,2) DEFAULT NULL,
  `total_writeoff` decimal(10,2) DEFAULT NULL,
  `patient_balance` decimal(10,2) DEFAULT NULL,
  `calculation_date` datetime DEFAULT CURRENT_TIMESTAMP,
  `posted_by` varchar(100) DEFAULT NULL,
  PRIMARY KEY (`log_id`),
  KEY `idx_coblog_era_claim` (`era_claim_id`),
  KEY `idx_coblog_claim_num` (`claim_num`),
  KEY `idx_coblog_patient_num` (`patient_num`),
  CONSTRAINT `fk_coblog_eraclaim` FOREIGN KEY (`era_claim_id`) REFERENCES `era_claims` (`era_claim_id`) ON DELETE CASCADE
) ENGINE=InnoDB DEFAULT CHARSET=utf8mb4 COLLATE=utf8mb4_0900_ai_ci;

CREATE TABLE IF NOT EXISTS `custom_code_descriptions` (
  `code_desc_id` int NOT NULL AUTO_INCREMENT,
  `code_type` enum('CARC','RARC') NOT NULL,
  `code` varchar(10) NOT NULL,
  `payer_id` varchar(50) DEFAULT NULL,
  `description` varchar(500) NOT NULL,
  `is_active` tinyint(1) NOT NULL DEFAULT '1',
  `created_by` int DEFAULT NULL,
  `created_at` timestamp NULL DEFAULT CURRENT_TIMESTAMP,
  `updated_at` timestamp NULL DEFAULT CURRENT_TIMESTAMP ON UPDATE CURRENT_TIMESTAMP,
  PRIMARY KEY (`code_desc_id`),
  UNIQUE KEY `idx_custom_code_unique` (`code_type`,`code`,`payer_id`),
  KEY `idx_custom_code_type` (`code_type`,`code`),
  KEY `idx_custom_code_payer` (`payer_id`)
) ENGINE=InnoDB DEFAULT CHARSET=utf8mb4 COLLATE=utf8mb4_unicode_ci;

CREATE TABLE IF NOT EXISTS `fee_schedule_settings` (
  `fee_sched_num` bigint NOT NULL,
  `is_in_network` tinyint(1) DEFAULT '0',
  `network_name` varchar(100) DEFAULT NULL,
  `contract_type` enum('ppo','dhmo','indemnity','medicaid','medicare') DEFAULT NULL,
  `effective_date` date DEFAULT NULL,
  `termination_date` date DEFAULT NULL,
  `notes` text,
  `created_at` datetime DEFAULT CURRENT_TIMESTAMP,
  `updated_at` datetime DEFAULT CURRENT_TIMESTAMP ON UPDATE CURRENT_TIMESTAMP,
  `created_by` varchar(100) DEFAULT NULL,
  PRIMARY KEY (`fee_sched_num`)
) ENGINE=InnoDB DEFAULT CHARSET=utf8mb4 COLLATE=utf8mb4_0900_ai_ci;

CREATE TABLE IF NOT EXISTS `follow_up_actions` (
  `id` int NOT NULL AUTO_INCREMENT,
  `era_claim_id` int NOT NULL,
  `od_claim_num` bigint DEFAULT NULL,
  `patient_name` varchar(200) DEFAULT NULL,
  `payer_name` varchar(200) DEFAULT NULL,
  `action_type` enum('appeal','resubmit','underpayment','reversal','statement','credit_balance','review','denial_closed') NOT NULL,
  `reason` text NOT NULL,
  `trigger_details` json DEFAULT NULL,
  `status` enum('open','in_progress','submitted','completed','dismissed') DEFAULT 'open',
  `assigned_to` varchar(100) DEFAULT NULL,
  `due_date` date DEFAULT NULL,
  `resolution` text,
  `resolved_at` datetime DEFAULT NULL,
  `resolved_by` varchar(100) DEFAULT NULL,
  `notes` text,
  `created_at` datetime DEFAULT CURRENT_TIMESTAMP,
  `updated_at` datetime DEFAULT CURRENT_TIMESTAMP ON UPDATE CURRENT_TIMESTAMP,
  PRIMARY KEY (`id`),
  KEY `idx_followup_era_claim` (`era_claim_id`),
  KEY `idx_followup_status` (`status`),
  KEY `idx_followup_action_type` (`action_type`),
  KEY `idx_followup_due_date` (`due_date`),
  KEY `idx_followup_assigned_to` (`assigned_to`),
  KEY `idx_followup_od_claim_num` (`od_claim_num`),
  CONSTRAINT `fk_followup_eraclaim` FOREIGN KEY (`era_claim_id`) REFERENCES `era_claims` (`era_claim_id`)
) ENGINE=InnoDB DEFAULT CHARSET=utf8mb4 COLLATE=utf8mb4_0900_ai_ci;

CREATE TABLE IF NOT EXISTS `posting_results` (
  `posting_result_id` int NOT NULL AUTO_INCREMENT,
  `era_id` int NOT NULL,
  `era_claim_id` int NOT NULL,
  `action` enum('update_claimproc','update_claim','create_claimpayment') NOT NULL,
  `od_entity_id` int DEFAULT NULL,
  `request_payload` json DEFAULT NULL,
  `response_payload` json DEFAULT NULL,
  `success` tinyint(1) NOT NULL DEFAULT '0',
  `error_message` text,
  `performed_by` varchar(50) DEFAULT 'system',
  `created_at` datetime DEFAULT CURRENT_TIMESTAMP,
  PRIMARY KEY (`posting_result_id`),
  KEY `idx_pr_era_id` (`era_id`),
  KEY `idx_pr_era_claim_id` (`era_claim_id`),
  KEY `idx_pr_action` (`action`),
  CONSTRAINT `fk_pr_era` FOREIGN KEY (`era_id`) REFERENCES `era_payments` (`era_id`) ON DELETE CASCADE,
  CONSTRAINT `fk_pr_eraclaim` FOREIGN KEY (`era_claim_id`) REFERENCES `era_claims` (`era_claim_id`) ON DELETE CASCADE
) ENGINE=InnoDB DEFAULT CHARSET=utf8mb4 COLLATE=utf8mb4_0900_ai_ci;

CREATE TABLE IF NOT EXISTS `posting_errors` (
  `id` bigint NOT NULL AUTO_INCREMENT,
  `posting_result_id` bigint NOT NULL,
  `era_claim_id` bigint DEFAULT NULL,
  `era_service_line_id` bigint DEFAULT NULL,
  `od_claim_num` bigint DEFAULT NULL,
  `od_claimproc_num` bigint DEFAULT NULL,
  `error_type` enum('network','validation','business_rule','rollback','unknown') NOT NULL,
  `error_message` text NOT NULL,
  `api_endpoint` varchar(255) DEFAULT NULL,
  `api_response` text,
  `retry_count` int DEFAULT '0',
  `recoverable` tinyint(1) DEFAULT '1',
  `resolved_at` datetime DEFAULT NULL,
  `resolution_method` varchar(100) DEFAULT NULL,
  `created_at` datetime DEFAULT CURRENT_TIMESTAMP,
  PRIMARY KEY (`id`),
  KEY `idx_posterr_posting_result` (`posting_result_id`),
  KEY `idx_posterr_era_claim` (`era_claim_id`),
  KEY `idx_posterr_service_line` (`era_service_line_id`),
  KEY `idx_posterr_recoverable` (`recoverable`,`resolved_at`)
) ENGINE=InnoDB DEFAULT CHARSET=utf8mb4 COLLATE=utf8mb4_0900_ai_ci;

CREATE TABLE IF NOT EXISTS `practice_rule_settings` (
  `setting_key` varchar(100) NOT NULL,
  `setting_value` varchar(500) NOT NULL DEFAULT '',
  `setting_type` enum('boolean','number','string') NOT NULL DEFAULT 'string',
  `category` varchar(50) NOT NULL DEFAULT 'rules',
  `description` text,
  `updated_at` timestamp NULL DEFAULT CURRENT_TIMESTAMP ON UPDATE CURRENT_TIMESTAMP,
  PRIMARY KEY (`setting_key`),
  KEY `idx_practice_rule_category` (`category`)
) ENGINE=InnoDB DEFAULT CHARSET=utf8mb4 COLLATE=utf8mb4_unicode_ci;

-- ---------------------------------------------------------------
-- Section 6: Banking, deposits, reconciliation, CC funding, Sunbit, CareCredit
-- ---------------------------------------------------------------

CREATE TABLE IF NOT EXISTS `teller_bank_accounts` (
  `id` int NOT NULL AUTO_INCREMENT,
  `teller_account_id` varchar(100) NOT NULL,
  `teller_enrollment_id` varchar(100) DEFAULT NULL,
  `teller_access_token` varchar(255) DEFAULT NULL,
  `teller_institution_name` varchar(255) DEFAULT NULL,
  `account_name` varchar(100) NOT NULL,
  `account_number_last4` varchar(4) DEFAULT NULL,
  `account_type` varchar(50) DEFAULT NULL,
  `account_subtype` varchar(50) DEFAULT NULL,
  `currency` varchar(10) DEFAULT 'USD',
  `status` enum('active','disconnected','inactive') DEFAULT 'active',
  `is_primary` tinyint(1) DEFAULT '0',
  `created_at` datetime DEFAULT CURRENT_TIMESTAMP,
  `updated_at` datetime DEFAULT CURRENT_TIMESTAMP ON UPDATE CURRENT_TIMESTAMP,
  `balance_available` decimal(12,2) DEFAULT NULL,
  `balance_ledger` decimal(12,2) DEFAULT NULL,
  `balance_updated_at` datetime DEFAULT NULL,
  `last_poll_date` date DEFAULT NULL,
  PRIMARY KEY (`id`),
  UNIQUE KEY `uk_teller_account_id` (`teller_account_id`),
  KEY `idx_teller_enrollment_id` (`teller_enrollment_id`),
  KEY `idx_status` (`status`),
  KEY `idx_is_primary` (`is_primary`)
) ENGINE=InnoDB DEFAULT CHARSET=utf8mb4 COLLATE=utf8mb4_unicode_ci;

CREATE TABLE IF NOT EXISTS `bank_accounts` (
  `bank_account_id` int NOT NULL AUTO_INCREMENT,
  `account_name` varchar(100) NOT NULL,
  `account_number_last4` varchar(4) DEFAULT NULL,
  `routing_number` varchar(20) DEFAULT NULL,
  `teller_account_id` varchar(100) DEFAULT NULL,
  `teller_enrollment_id` varchar(100) DEFAULT NULL,
  `teller_access_token` varchar(255) DEFAULT NULL,
  `teller_institution_name` varchar(255) DEFAULT NULL,
  `account_type` varchar(50) DEFAULT NULL,
  `account_subtype` varchar(50) DEFAULT NULL,
  `currency` varchar(10) DEFAULT 'USD',
  `status` enum('active','disconnected','inactive') DEFAULT 'active',
  `is_primary` tinyint(1) DEFAULT '0',
  `created_at` datetime DEFAULT CURRENT_TIMESTAMP,
  `updated_at` datetime DEFAULT CURRENT_TIMESTAMP ON UPDATE CURRENT_TIMESTAMP,
  PRIMARY KEY (`bank_account_id`),
  UNIQUE KEY `uk_teller_account_id` (`teller_account_id`),
  KEY `idx_teller_enrollment_id` (`teller_enrollment_id`),
  KEY `idx_status` (`status`)
) ENGINE=InnoDB DEFAULT CHARSET=utf8mb4 COLLATE=utf8mb4_unicode_ci;

CREATE TABLE IF NOT EXISTS `bank_transactions` (
  `transaction_id` int NOT NULL AUTO_INCREMENT,
  `bank_account_id` int DEFAULT NULL,
  `teller_transaction_id` varchar(100) DEFAULT NULL,
  `post_date` date NOT NULL,
  `transaction_type` enum('insurance','credit_card','financing','check','transfer','other') NOT NULL DEFAULT 'other',
  `category_code` varchar(10) DEFAULT NULL,
  `counterparty_name` varchar(200) DEFAULT NULL,
  `amount` decimal(10,2) NOT NULL,
  `description` text,
  `check_number` varchar(50) DEFAULT NULL,
  `payer_tax_id` varchar(20) DEFAULT NULL,
  `matched_era_id` int DEFAULT NULL,
  `match_method` enum('check_number','amount_date','manual') DEFAULT NULL,
  `match_confidence` enum('high','medium','low') DEFAULT NULL,
  `teller_status` varchar(20) DEFAULT NULL,
  `teller_running_balance` decimal(12,2) DEFAULT NULL,
  `teller_category` varchar(100) DEFAULT NULL,
  `teller_counterparty_type` varchar(50) DEFAULT NULL,
  `manual_post_claimed` tinyint(1) DEFAULT '0',
  `is_late_entry` tinyint(1) DEFAULT '0',
  `late_entry_detected_at` datetime DEFAULT NULL,
  `claimed_at` datetime DEFAULT NULL,
  `claimed_by_user_id` int DEFAULT NULL,
  `created_at` datetime DEFAULT CURRENT_TIMESTAMP,
  `updated_at` datetime DEFAULT CURRENT_TIMESTAMP ON UPDATE CURRENT_TIMESTAMP,
  `teller_bank_account_id` int DEFAULT NULL,
  PRIMARY KEY (`transaction_id`),
  UNIQUE KEY `uk_teller_transaction_id` (`teller_transaction_id`),
  KEY `bank_account_id` (`bank_account_id`),
  KEY `idx_post_date` (`post_date`),
  KEY `idx_transaction_type` (`transaction_type`),
  KEY `idx_check_number` (`check_number`),
  KEY `idx_payer_tax_id` (`payer_tax_id`),
  KEY `idx_matched_era_id` (`matched_era_id`),
  KEY `idx_created_at` (`created_at`),
  KEY `idx_recon_daily` (`post_date`,`teller_bank_account_id`,`transaction_type`,`amount`),
  KEY `fk_bank_txn_teller_acct` (`teller_bank_account_id`),
  CONSTRAINT `fk_bank_txn_teller_acct` FOREIGN KEY (`teller_bank_account_id`) REFERENCES `teller_bank_accounts` (`id`) ON DELETE SET NULL
) ENGINE=InnoDB DEFAULT CHARSET=utf8mb4 COLLATE=utf8mb4_unicode_ci;

CREATE TABLE IF NOT EXISTS `bank_transactions_archive` (
  `transaction_id` int NOT NULL,
  `bank_account_id` int NOT NULL,
  `teller_bank_account_id` int DEFAULT NULL,
  `teller_transaction_id` varchar(100) DEFAULT NULL,
  `post_date` date NOT NULL,
  `transaction_type` enum('insurance','credit_card','financing','check','transfer','other') NOT NULL DEFAULT 'other',
  `category_code` varchar(10) DEFAULT NULL,
  `counterparty_name` varchar(200) DEFAULT NULL,
  `amount` decimal(10,2) NOT NULL,
  `description` text,
  `check_number` varchar(50) DEFAULT NULL,
  `payer_tax_id` varchar(20) DEFAULT NULL,
  `matched_era_id` int DEFAULT NULL,
  `match_method` enum('check_number','amount_date','manual') DEFAULT NULL,
  `match_confidence` enum('high','medium','low') DEFAULT NULL,
  `teller_status` varchar(20) DEFAULT NULL,
  `teller_running_balance` decimal(12,2) DEFAULT NULL,
  `teller_category` varchar(100) DEFAULT NULL,
  `teller_counterparty_type` varchar(50) DEFAULT NULL,
  `manual_post_claimed` tinyint(1) DEFAULT '0',
  `claimed_at` datetime DEFAULT NULL,
  `claimed_by_user_id` int DEFAULT NULL,
  `created_at` datetime DEFAULT NULL,
  `updated_at` datetime DEFAULT NULL,
  `archived_at` datetime DEFAULT CURRENT_TIMESTAMP,
  PRIMARY KEY (`transaction_id`),
  KEY `idx_post_date` (`post_date`),
  KEY `idx_check_number` (`check_number`),
  KEY `idx_matched_era_id` (`matched_era_id`)
) ENGINE=InnoDB DEFAULT CHARSET=utf8mb4 COLLATE=utf8mb4_unicode_ci;

CREATE TABLE IF NOT EXISTS `check_deposit_details` (
  `detail_id` int NOT NULL AUTO_INCREMENT,
  `transaction_id` int NOT NULL,
  `payer_name` varchar(100) DEFAULT NULL,
  `check_number` varchar(50) DEFAULT NULL,
  `amount` decimal(10,2) NOT NULL,
  `created_at` datetime DEFAULT CURRENT_TIMESTAMP,
  PRIMARY KEY (`detail_id`),
  KEY `idx_transaction_id` (`transaction_id`),
  KEY `idx_check_number` (`check_number`),
  CONSTRAINT `fk_check_detail_txn` FOREIGN KEY (`transaction_id`) REFERENCES `bank_transactions` (`transaction_id`) ON DELETE CASCADE
) ENGINE=InnoDB DEFAULT CHARSET=utf8mb4 COLLATE=utf8mb4_unicode_ci;

CREATE TABLE IF NOT EXISTS `check_deposit_details_archive` (
  `detail_id` int NOT NULL AUTO_INCREMENT,
  `transaction_id` int NOT NULL,
  `payer_name` varchar(100) DEFAULT NULL,
  `check_number` varchar(50) DEFAULT NULL,
  `amount` decimal(10,2) NOT NULL,
  `created_at` datetime DEFAULT CURRENT_TIMESTAMP,
  PRIMARY KEY (`detail_id`),
  KEY `idx_transaction_id` (`transaction_id`),
  KEY `idx_check_number` (`check_number`)
) ENGINE=InnoDB DEFAULT CHARSET=utf8mb4 COLLATE=utf8mb4_unicode_ci;

CREATE TABLE IF NOT EXISTS `checkeeper_bank_accounts` (
  `id` int NOT NULL AUTO_INCREMENT,
  `account_label` varchar(100) NOT NULL DEFAULT 'Primary Checking',
  `routing_number_encrypted` varchar(512) NOT NULL,
  `account_number_encrypted` varchar(512) NOT NULL,
  `is_active` tinyint(1) DEFAULT '1',
  `created_at` datetime DEFAULT CURRENT_TIMESTAMP,
  `updated_at` datetime DEFAULT CURRENT_TIMESTAMP ON UPDATE CURRENT_TIMESTAMP,
  PRIMARY KEY (`id`),
  KEY `idx_is_active` (`is_active`)
) ENGINE=InnoDB DEFAULT CHARSET=utf8mb4 COLLATE=utf8mb4_unicode_ci;

-- [EXCLUDED] CREATE TABLE `od_insurance_payments` — OpenDental claimpayment mirror; removed by cleanup.

-- [EXCLUDED] CREATE TABLE `od_patient_payments` — OpenDental payment mirror; removed by cleanup.

CREATE TABLE IF NOT EXISTS `cc_funding_records` (
  `funding_id` varchar(22) NOT NULL,
  `funding_master_id` varchar(22) DEFAULT NULL,
  `funding_date` date DEFAULT NULL,
  `merchid` varchar(16) DEFAULT NULL,
  `net_sales` decimal(12,2) DEFAULT NULL,
  `total_funding` decimal(12,2) DEFAULT NULL,
  `fee` decimal(12,2) DEFAULT NULL,
  `reversal` decimal(12,2) DEFAULT NULL,
  `interchange_fee` decimal(12,2) DEFAULT NULL,
  `service_charge` decimal(12,2) DEFAULT NULL,
  `adjustment` decimal(12,2) DEFAULT NULL,
  `other_adjustment` decimal(12,2) DEFAULT NULL,
  `third_party` decimal(12,2) DEFAULT NULL,
  `currency` varchar(3) DEFAULT 'USD',
  `dda_number` varchar(20) DEFAULT NULL,
  `aba_number` varchar(20) DEFAULT NULL,
  `deposit_ach_trace` varchar(20) DEFAULT NULL,
  `deposit_tran_code` varchar(10) DEFAULT NULL,
  `date_added` date DEFAULT NULL,
  `date_changed` date DEFAULT NULL,
  `synced_at` datetime NOT NULL DEFAULT CURRENT_TIMESTAMP ON UPDATE CURRENT_TIMESTAMP,
  PRIMARY KEY (`funding_id`),
  KEY `idx_funding_date` (`funding_date`),
  KEY `idx_funding_master_id` (`funding_master_id`),
  KEY `idx_merchid` (`merchid`),
  KEY `idx_cc_fund_date_mid_amt` (`funding_date`,`merchid`,`total_funding`)
) ENGINE=InnoDB DEFAULT CHARSET=utf8mb4 COLLATE=utf8mb4_unicode_ci;

CREATE TABLE IF NOT EXISTS `cc_funding_txns` (
  `funding_txn_id` varchar(22) NOT NULL,
  `funding_id` varchar(22) NOT NULL,
  `retref` varchar(14) DEFAULT NULL,
  `parent_retref` varchar(20) DEFAULT NULL,
  `amount` decimal(12,2) DEFAULT NULL,
  `card_type` varchar(4) DEFAULT NULL,
  `card_brand` varchar(30) DEFAULT NULL,
  `card_number` varchar(25) DEFAULT NULL,
  `txn_type` varchar(25) DEFAULT NULL,
  `txn_status` varchar(100) DEFAULT NULL,
  `auth_code` varchar(6) DEFAULT NULL,
  `auth_date` varchar(14) DEFAULT NULL,
  `resp_code` varchar(3) DEFAULT NULL,
  `batch_id` varchar(12) DEFAULT NULL,
  `card_proc` varchar(4) DEFAULT NULL,
  `txn_date` varchar(8) DEFAULT NULL,
  `funding_date` date DEFAULT NULL,
  `invoice_number` varchar(100) DEFAULT NULL,
  `currency` varchar(3) DEFAULT 'USD',
  `synced_at` datetime NOT NULL DEFAULT CURRENT_TIMESTAMP ON UPDATE CURRENT_TIMESTAMP,
  PRIMARY KEY (`funding_txn_id`),
  KEY `idx_funding_id` (`funding_id`),
  KEY `idx_txn_type` (`txn_type`),
  KEY `idx_auth_date` (`auth_date`),
  KEY `idx_retref` (`retref`),
  KEY `idx_parent_retref` (`parent_retref`),
  KEY `idx_txn_funding_date` (`funding_date`)
) ENGINE=InnoDB DEFAULT CHARSET=utf8mb4 COLLATE=utf8mb4_unicode_ci;

CREATE TABLE IF NOT EXISTS `cc_funding_adjustments` (
  `funding_adjustment_id` varchar(22) NOT NULL,
  `funding_master_id` varchar(22) DEFAULT NULL,
  `amount` decimal(12,2) DEFAULT NULL,
  `description` varchar(200) DEFAULT NULL,
  `category` varchar(100) DEFAULT NULL,
  `txn_type` varchar(25) DEFAULT NULL,
  `currency` varchar(3) DEFAULT 'USD',
  `case_number` varchar(30) DEFAULT NULL,
  `merchid` varchar(16) DEFAULT NULL,
  `date_added` date DEFAULT NULL,
  `date_changed` date DEFAULT NULL,
  `funding_date` date DEFAULT NULL,
  `synced_at` datetime NOT NULL DEFAULT CURRENT_TIMESTAMP ON UPDATE CURRENT_TIMESTAMP,
  PRIMARY KEY (`funding_adjustment_id`),
  KEY `idx_funding_master_id` (`funding_master_id`),
  KEY `idx_funding_date` (`funding_date`),
  KEY `idx_category` (`category`)
) ENGINE=InnoDB DEFAULT CHARSET=utf8mb4 COLLATE=utf8mb4_unicode_ci;

CREATE TABLE IF NOT EXISTS `cc_funding_chargebacks` (
  `id` int NOT NULL AUTO_INCREMENT,
  `funding_chargeback_id` varchar(22) NOT NULL,
  `funding_master_id` varchar(22) DEFAULT NULL,
  `amount` decimal(12,2) DEFAULT NULL,
  `transaction_amount` decimal(12,2) DEFAULT NULL,
  `reason_code` varchar(10) DEFAULT NULL,
  `reason_description` varchar(200) DEFAULT NULL,
  `chargeback_date` date DEFAULT NULL,
  `transaction_date` date DEFAULT NULL,
  `deposit_date` date DEFAULT NULL,
  `card_number` varchar(25) DEFAULT NULL,
  `retref` varchar(14) DEFAULT NULL,
  `auth_code` varchar(6) DEFAULT NULL,
  `case_number` varchar(30) DEFAULT NULL,
  `sequence_number` varchar(30) DEFAULT NULL,
  `acquirer_reference_number` varchar(30) DEFAULT NULL,
  `invoice_number` varchar(100) DEFAULT NULL,
  `merchid` varchar(16) DEFAULT NULL,
  `date_added` date DEFAULT NULL,
  `date_changed` date DEFAULT NULL,
  `funding_date` date DEFAULT NULL,
  `synced_at` datetime NOT NULL DEFAULT CURRENT_TIMESTAMP ON UPDATE CURRENT_TIMESTAMP,
  PRIMARY KEY (`id`),
  UNIQUE KEY `idx_chargeback_dedup` (`funding_chargeback_id`,`funding_master_id`),
  KEY `idx_funding_date` (`funding_date`),
  KEY `idx_chargeback_date` (`chargeback_date`),
  KEY `idx_retref` (`retref`)
) ENGINE=InnoDB DEFAULT CHARSET=utf8mb4 COLLATE=utf8mb4_unicode_ci;

CREATE TABLE IF NOT EXISTS `carecredit_uploads` (
  `id` int NOT NULL AUTO_INCREMENT,
  `file_name` varchar(255) NOT NULL,
  `report_type` enum('daily','monthly') NOT NULL,
  `run_date` date DEFAULT NULL,
  `date_range_start` date DEFAULT NULL,
  `date_range_end` date DEFAULT NULL,
  `merchant_number` varchar(20) DEFAULT NULL,
  `merchant_name` varchar(200) DEFAULT NULL,
  `row_count` int NOT NULL DEFAULT '0',
  `total_tran_amt_cents` bigint NOT NULL DEFAULT '0',
  `total_disc_amt_cents` bigint NOT NULL DEFAULT '0',
  `total_net_funding_cents` bigint NOT NULL DEFAULT '0',
  `uploaded_by` int DEFAULT NULL,
  `uploaded_at` datetime NOT NULL DEFAULT CURRENT_TIMESTAMP,
  PRIMARY KEY (`id`),
  KEY `idx_report_type` (`report_type`),
  KEY `idx_date_range` (`date_range_start`,`date_range_end`),
  KEY `idx_uploaded_at` (`uploaded_at`)
) ENGINE=InnoDB DEFAULT CHARSET=utf8mb4 COLLATE=utf8mb4_unicode_ci;

CREATE TABLE IF NOT EXISTS `carecredit_txns` (
  `id` int NOT NULL AUTO_INCREMENT,
  `upload_id` int NOT NULL,
  `merchant_nbr` varchar(20) NOT NULL,
  `tran_type` varchar(20) NOT NULL,
  `tran_date` date NOT NULL,
  `post_date` date DEFAULT NULL,
  `card_number_masked` varchar(20) DEFAULT NULL,
  `patient_last_name` varchar(100) DEFAULT NULL,
  `patient_first_name` varchar(100) DEFAULT NULL,
  `auth_code` varchar(20) DEFAULT NULL,
  `tran_amt_cents` bigint NOT NULL,
  `disc_amt_cents` bigint NOT NULL DEFAULT '0',
  `disc_rate` decimal(8,4) DEFAULT NULL,
  `net_funding_cents` bigint NOT NULL,
  `card_type_desc` varchar(50) DEFAULT NULL,
  `tran_desc` varchar(200) DEFAULT NULL,
  `promo_id` varchar(20) DEFAULT NULL,
  `promo_desc` varchar(200) DEFAULT NULL,
  `report_type` enum('daily','monthly') NOT NULL,
  `dedup_hash` varchar(64) NOT NULL,
  `created_at` datetime NOT NULL DEFAULT CURRENT_TIMESTAMP,
  PRIMARY KEY (`id`),
  UNIQUE KEY `idx_dedup_hash` (`dedup_hash`),
  KEY `idx_upload_id` (`upload_id`),
  KEY `idx_tran_date` (`tran_date`),
  KEY `idx_post_date` (`post_date`),
  KEY `idx_tran_type` (`tran_type`),
  KEY `idx_report_type` (`report_type`),
  CONSTRAINT `fk_carecredit_txn_upload` FOREIGN KEY (`upload_id`) REFERENCES `carecredit_uploads` (`id`) ON DELETE CASCADE
) ENGINE=InnoDB DEFAULT CHARSET=utf8mb4 COLLATE=utf8mb4_unicode_ci;

CREATE TABLE IF NOT EXISTS `sunbit_uploads` (
  `id` int NOT NULL AUTO_INCREMENT,
  `file_name` varchar(255) NOT NULL,
  `date_range_start` date DEFAULT NULL,
  `date_range_end` date DEFAULT NULL,
  `row_count` int NOT NULL DEFAULT '0',
  `total_treatment_cents` bigint NOT NULL DEFAULT '0',
  `total_fee_cents` bigint NOT NULL DEFAULT '0',
  `total_adjusted_cents` bigint NOT NULL DEFAULT '0',
  `total_paid_cents` bigint NOT NULL DEFAULT '0',
  `avg_fee_rate` decimal(8,4) DEFAULT NULL,
  `uploaded_by` int DEFAULT NULL,
  `uploaded_at` datetime NOT NULL DEFAULT CURRENT_TIMESTAMP,
  PRIMARY KEY (`id`),
  KEY `idx_uploaded_at` (`uploaded_at`)
) ENGINE=InnoDB DEFAULT CHARSET=utf8mb4 COLLATE=utf8mb4_0900_ai_ci;

CREATE TABLE IF NOT EXISTS `sunbit_txns` (
  `id` int NOT NULL AUTO_INCREMENT,
  `upload_id` int NOT NULL,
  `activity_date` date NOT NULL,
  `team_member` varchar(100) DEFAULT NULL,
  `purchase_number` varchar(20) NOT NULL,
  `ref_chart_number` varchar(20) DEFAULT NULL,
  `treatment_amt_cents` bigint NOT NULL,
  `fee_rate` decimal(8,4) DEFAULT NULL,
  `fee_amt_cents` bigint NOT NULL DEFAULT '0',
  `adjusted_cents` bigint NOT NULL DEFAULT '0',
  `paid_to_merchant_cents` bigint NOT NULL,
  `activity_type` varchar(50) NOT NULL DEFAULT 'Purchase',
  `source_of_origin` varchar(100) DEFAULT NULL,
  `dedup_hash` varchar(64) NOT NULL,
  `created_at` datetime NOT NULL DEFAULT CURRENT_TIMESTAMP,
  PRIMARY KEY (`id`),
  UNIQUE KEY `idx_dedup_hash` (`dedup_hash`),
  KEY `idx_upload_id` (`upload_id`),
  KEY `idx_activity_date` (`activity_date`),
  KEY `idx_purchase_number` (`purchase_number`),
  KEY `idx_ref_chart_number` (`ref_chart_number`),
  CONSTRAINT `fk_sunbit_txn_upload` FOREIGN KEY (`upload_id`) REFERENCES `sunbit_uploads` (`id`) ON DELETE CASCADE
) ENGINE=InnoDB DEFAULT CHARSET=utf8mb4 COLLATE=utf8mb4_0900_ai_ci;

CREATE TABLE IF NOT EXISTS `remote_deposits` (
  `id` int NOT NULL AUTO_INCREMENT,
  `bank_transaction_id` int NOT NULL,
  `deposit_date` date NOT NULL,
  `type` enum('ins','pat','other') NOT NULL,
  `account_number` varchar(50) DEFAULT NULL,
  `check_number` varchar(50) DEFAULT NULL,
  `routing_number` varchar(50) DEFAULT NULL,
  `amount` decimal(10,2) NOT NULL,
  `tracking_number` varchar(100) DEFAULT NULL,
  `location` varchar(255) DEFAULT NULL,
  `account_name` varchar(255) DEFAULT NULL,
  `note` text,
  `match_status` enum('unmatched','matched','date_mismatch','excluded') NOT NULL DEFAULT 'unmatched',
  `od_claimpayment_id` int DEFAULT NULL,
  `od_payment_id` int DEFAULT NULL,
  `matched_at` datetime DEFAULT NULL,
  `created_at` datetime NOT NULL DEFAULT CURRENT_TIMESTAMP,
  PRIMARY KEY (`id`),
  UNIQUE KEY `uk_remote_dep_txn_check` (`bank_transaction_id`,`check_number`),
  KEY `idx_bank_txn` (`bank_transaction_id`),
  KEY `idx_deposit_date` (`deposit_date`),
  KEY `idx_check_number` (`check_number`),
  KEY `idx_type` (`type`),
  KEY `idx_match_status` (`match_status`),
  CONSTRAINT `fk_remote_dep_bank_txn` FOREIGN KEY (`bank_transaction_id`) REFERENCES `bank_transactions` (`transaction_id`) ON DELETE CASCADE
) ENGINE=InnoDB DEFAULT CHARSET=utf8mb4 COLLATE=utf8mb4_unicode_ci;

CREATE TABLE IF NOT EXISTS `remote_deposit_insurances` (
  `id` bigint NOT NULL AUTO_INCREMENT,
  `deposit_date` date NOT NULL,
  `account_number` varchar(50) DEFAULT NULL,
  `serial` varchar(100) NOT NULL,
  `routing_number` varchar(50) DEFAULT NULL,
  `amount` decimal(15,2) NOT NULL,
  `tracking_number` varchar(100) DEFAULT NULL,
  `location` varchar(100) DEFAULT NULL,
  `account_name` varchar(100) DEFAULT NULL,
  `created_at` timestamp NULL DEFAULT CURRENT_TIMESTAMP,
  PRIMARY KEY (`id`)
) ENGINE=InnoDB DEFAULT CHARSET=utf8mb4 COLLATE=utf8mb4_0900_ai_ci;

CREATE TABLE IF NOT EXISTS `remote_deposit_patients` (
  `id` bigint NOT NULL AUTO_INCREMENT,
  `deposit_date` date NOT NULL,
  `account_number` varchar(50) DEFAULT NULL,
  `serial` varchar(100) NOT NULL,
  `routing_number` varchar(50) DEFAULT NULL,
  `amount` decimal(15,2) NOT NULL,
  `tracking_number` varchar(100) DEFAULT NULL,
  `location` varchar(100) DEFAULT NULL,
  `account_name` varchar(100) DEFAULT NULL,
  `created_at` timestamp NULL DEFAULT CURRENT_TIMESTAMP,
  PRIMARY KEY (`id`)
) ENGINE=InnoDB DEFAULT CHARSET=utf8mb4 COLLATE=utf8mb4_0900_ai_ci;

CREATE TABLE IF NOT EXISTS `recon_links` (
  `link_id` int NOT NULL AUTO_INCREMENT,
  `bank_transaction_id` int DEFAULT NULL,
  `check_detail_id` int DEFAULT NULL,
  `remote_deposit_id` int DEFAULT NULL,
  `od_claimpayment_id` int DEFAULT NULL,
  `od_paynum` int DEFAULT NULL,
  `cc_funding_txn_id` varchar(22) DEFAULT NULL,
  `carecredit_txn_id` int DEFAULT NULL,
  `cc_funding_id` varchar(22) DEFAULT NULL,
  `sunbit_txn_id` int DEFAULT NULL,
  `matched_amount` decimal(10,2) NOT NULL,
  `match_type` enum('auto_check_number','auto_check_number_date_mismatch','auto_amount','auto_amount_date_mismatch','auto_cc_batch','auto_cc_monthly_fee','manual') NOT NULL,
  `match_confidence` decimal(3,2) DEFAULT NULL,
  `matched_by_user_id` int DEFAULT NULL,
  `note` text,
  `matched_at` datetime DEFAULT CURRENT_TIMESTAMP,
  PRIMARY KEY (`link_id`),
  UNIQUE KEY `uk_od_claimpayment` (`od_claimpayment_id`),
  UNIQUE KEY `uk_od_paynum` (`od_paynum`),
  UNIQUE KEY `idx_cc_funding_txn` (`cc_funding_txn_id`),
  UNIQUE KEY `idx_carecredit_txn` (`carecredit_txn_id`),
  UNIQUE KEY `idx_sunbit_txn` (`sunbit_txn_id`),
  UNIQUE KEY `idx_cc_funding_batch` (`cc_funding_id`),
  KEY `idx_bank_transaction` (`bank_transaction_id`),
  KEY `idx_check_detail` (`check_detail_id`),
  KEY `idx_remote_deposit` (`remote_deposit_id`),
  KEY `idx_recon_links_bank_txn` (`bank_transaction_id`),
  KEY `idx_recon_links_check_detail` (`check_detail_id`),
  CONSTRAINT `fk_recon_bank_txn` FOREIGN KEY (`bank_transaction_id`) REFERENCES `bank_transactions` (`transaction_id`) ON DELETE CASCADE,
  CONSTRAINT `fk_recon_check_detail` FOREIGN KEY (`check_detail_id`) REFERENCES `check_deposit_details` (`detail_id`) ON DELETE CASCADE,
  CONSTRAINT `fk_recon_links_sunbit_txn` FOREIGN KEY (`sunbit_txn_id`) REFERENCES `sunbit_txns` (`id`) ON DELETE CASCADE
) ENGINE=InnoDB DEFAULT CHARSET=utf8mb4 COLLATE=utf8mb4_unicode_ci;

CREATE TABLE IF NOT EXISTS `recon_links_archive` (
  `link_id` int NOT NULL AUTO_INCREMENT,
  `bank_transaction_id` int DEFAULT NULL,
  `check_detail_id` int DEFAULT NULL,
  `remote_deposit_id` int DEFAULT NULL,
  `od_claimpayment_id` int NOT NULL,
  `matched_amount` decimal(10,2) NOT NULL,
  `match_type` enum('auto_check_number','auto_amount','manual') NOT NULL,
  `match_confidence` decimal(3,2) DEFAULT NULL,
  `matched_by_user_id` int DEFAULT NULL,
  `matched_at` datetime DEFAULT CURRENT_TIMESTAMP,
  PRIMARY KEY (`link_id`),
  UNIQUE KEY `uk_od_claimpayment` (`od_claimpayment_id`),
  KEY `idx_bank_transaction` (`bank_transaction_id`),
  KEY `idx_check_detail` (`check_detail_id`),
  KEY `idx_remote_deposit` (`remote_deposit_id`)
) ENGINE=InnoDB DEFAULT CHARSET=utf8mb4 COLLATE=utf8mb4_unicode_ci;

CREATE TABLE IF NOT EXISTS `recon_exceptions` (
  `exception_id` int NOT NULL AUTO_INCREMENT,
  `bank_transaction_id` int DEFAULT NULL,
  `check_detail_id` int DEFAULT NULL,
  `od_claimpayment_id` int DEFAULT NULL,
  `exception_type` varchar(50) NOT NULL DEFAULT 'amount_mismatch',
  `bank_amount` decimal(10,2) DEFAULT NULL,
  `od_amount` decimal(10,2) DEFAULT NULL,
  `check_number` varchar(50) DEFAULT NULL,
  `reason` text,
  `resolved` tinyint(1) DEFAULT '0',
  `resolved_by_user_id` int DEFAULT NULL,
  `resolved_at` datetime DEFAULT NULL,
  `created_at` datetime DEFAULT CURRENT_TIMESTAMP,
  PRIMARY KEY (`exception_id`),
  UNIQUE KEY `uk_exception_bank` (`bank_transaction_id`,`od_claimpayment_id`,`exception_type`),
  UNIQUE KEY `uk_exception_detail` (`check_detail_id`,`od_claimpayment_id`,`exception_type`),
  KEY `idx_bank_transaction` (`bank_transaction_id`),
  KEY `idx_resolved` (`resolved`),
  KEY `idx_created_at` (`created_at`),
  KEY `idx_exceptions_unresolved` (`resolved`,`exception_type`,`bank_transaction_id`)
) ENGINE=InnoDB DEFAULT CHARSET=utf8mb4 COLLATE=utf8mb4_unicode_ci;

CREATE TABLE IF NOT EXISTS `recon_exceptions_archive` (
  `exception_id` int NOT NULL AUTO_INCREMENT,
  `bank_transaction_id` int DEFAULT NULL,
  `check_detail_id` int DEFAULT NULL,
  `od_claimpayment_id` int DEFAULT NULL,
  `exception_type` enum('amount_mismatch') NOT NULL DEFAULT 'amount_mismatch',
  `bank_amount` decimal(10,2) DEFAULT NULL,
  `od_amount` decimal(10,2) DEFAULT NULL,
  `check_number` varchar(50) DEFAULT NULL,
  `reason` text NOT NULL,
  `resolved` tinyint(1) DEFAULT '0',
  `resolved_by_user_id` int DEFAULT NULL,
  `resolved_at` datetime DEFAULT NULL,
  `created_at` datetime DEFAULT CURRENT_TIMESTAMP,
  PRIMARY KEY (`exception_id`),
  UNIQUE KEY `uk_exception_bank` (`bank_transaction_id`,`od_claimpayment_id`),
  UNIQUE KEY `uk_exception_detail` (`check_detail_id`,`od_claimpayment_id`),
  KEY `idx_bank_transaction` (`bank_transaction_id`),
  KEY `idx_resolved` (`resolved`),
  KEY `idx_created_at` (`created_at`)
) ENGINE=InnoDB DEFAULT CHARSET=utf8mb4 COLLATE=utf8mb4_unicode_ci;

CREATE TABLE IF NOT EXISTS `recon_daily_status` (
  `id` int NOT NULL AUTO_INCREMENT,
  `recon_date` date NOT NULL,
  `teller_account_id` varchar(100) NOT NULL,
  `bank_deposit_count` int DEFAULT '0',
  `bank_deposit_total` decimal(10,2) DEFAULT '0.00',
  `od_payment_count` int DEFAULT '0',
  `od_payment_total` decimal(10,2) DEFAULT '0.00',
  `matched_count` int DEFAULT '0',
  `matched_total` decimal(10,2) DEFAULT '0.00',
  `difference` decimal(10,2) DEFAULT '0.00',
  `status` enum('reconciled','partial','unreconciled','needs_csv','no_activity') NOT NULL DEFAULT 'no_activity',
  `has_exceptions` tinyint(1) DEFAULT '0',
  `reconciled_by` varchar(50) DEFAULT NULL,
  `reconciled_at` datetime DEFAULT NULL,
  `last_calculated_at` datetime DEFAULT CURRENT_TIMESTAMP,
  PRIMARY KEY (`id`),
  UNIQUE KEY `uk_date_account` (`recon_date`,`teller_account_id`),
  KEY `idx_status` (`status`),
  KEY `idx_recon_date` (`recon_date`),
  KEY `idx_daily_status_staleness` (`teller_account_id`,`recon_date`,`last_calculated_at`)
) ENGINE=InnoDB DEFAULT CHARSET=utf8mb4 COLLATE=utf8mb4_unicode_ci;

CREATE TABLE IF NOT EXISTS `recon_daily_snapshots` (
  `id` bigint NOT NULL AUTO_INCREMENT,
  `recon_date` date NOT NULL,
  `teller_account_id` varchar(100) NOT NULL,
  `snapshot_type` enum('auto_reconciled','month_close','manual') NOT NULL,
  `bank_deposit_count` int NOT NULL DEFAULT '0',
  `bank_deposit_total` decimal(12,2) NOT NULL DEFAULT '0.00',
  `od_payment_count` int NOT NULL DEFAULT '0',
  `od_payment_total` decimal(12,2) NOT NULL DEFAULT '0.00',
  `matched_count` int NOT NULL DEFAULT '0',
  `matched_total` decimal(12,2) NOT NULL DEFAULT '0.00',
  `difference` decimal(12,2) NOT NULL DEFAULT '0.00',
  `status` varchar(20) NOT NULL,
  `has_exceptions` tinyint(1) NOT NULL DEFAULT '0',
  `snapshot_by` varchar(100) DEFAULT NULL,
  `created_at` datetime NOT NULL DEFAULT CURRENT_TIMESTAMP,
  PRIMARY KEY (`id`),
  KEY `idx_snapshot_date` (`recon_date`,`teller_account_id`),
  KEY `idx_snapshot_type` (`snapshot_type`),
  KEY `idx_snapshot_created` (`created_at`)
) ENGINE=InnoDB DEFAULT CHARSET=utf8mb4 COLLATE=utf8mb4_0900_ai_ci;

CREATE TABLE IF NOT EXISTS `recon_monthly_status` (
  `id` int NOT NULL AUTO_INCREMENT,
  `month` varchar(7) NOT NULL,
  `teller_account_id` varchar(100) NOT NULL,
  `status` enum('in_progress','fully_reconciled','closed') NOT NULL DEFAULT 'in_progress',
  `closed_by` varchar(50) DEFAULT NULL,
  `closed_at` datetime DEFAULT NULL,
  `notes` text,
  `created_at` datetime DEFAULT CURRENT_TIMESTAMP,
  `updated_at` datetime DEFAULT CURRENT_TIMESTAMP ON UPDATE CURRENT_TIMESTAMP,
  `last_verified_at` datetime DEFAULT NULL,
  PRIMARY KEY (`id`),
  UNIQUE KEY `uk_month_account` (`month`,`teller_account_id`)
) ENGINE=InnoDB DEFAULT CHARSET=utf8mb4 COLLATE=utf8mb4_unicode_ci;

CREATE TABLE IF NOT EXISTS `recon_audit_log` (
  `id` bigint NOT NULL AUTO_INCREMENT,
  `action` varchar(50) NOT NULL,
  `recon_date` date DEFAULT NULL,
  `month` varchar(7) DEFAULT NULL,
  `entity_type` varchar(30) DEFAULT NULL,
  `entity_id` int DEFAULT NULL,
  `user_id` int DEFAULT NULL,
  `username` varchar(100) DEFAULT NULL,
  `details` json DEFAULT NULL,
  `created_at` datetime NOT NULL DEFAULT CURRENT_TIMESTAMP,
  PRIMARY KEY (`id`),
  KEY `idx_audit_action` (`action`),
  KEY `idx_audit_date` (`recon_date`),
  KEY `idx_audit_month` (`month`),
  KEY `idx_audit_user` (`user_id`),
  KEY `idx_audit_created` (`created_at`),
  KEY `idx_audit_entity` (`entity_type`,`entity_id`)
) ENGINE=InnoDB DEFAULT CHARSET=utf8mb4 COLLATE=utf8mb4_0900_ai_ci;

CREATE TABLE IF NOT EXISTS `stedi_polling_state` (
  `id` int NOT NULL AUTO_INCREMENT,
  `last_poll_datetime` datetime DEFAULT NULL,
  `last_processed_transaction_id` varchar(100) DEFAULT NULL,
  `poll_count` int DEFAULT '0',
  `eras_found` int DEFAULT '0',
  `eras_processed` int DEFAULT '0',
  `eras_skipped_duplicate` int DEFAULT '0',
  `errors_encountered` int DEFAULT '0',
  `created_at` datetime DEFAULT CURRENT_TIMESTAMP,
  `updated_at` datetime DEFAULT CURRENT_TIMESTAMP ON UPDATE CURRENT_TIMESTAMP,
  PRIMARY KEY (`id`),
  KEY `idx_last_poll` (`last_poll_datetime`)
) ENGINE=InnoDB DEFAULT CHARSET=utf8mb4 COLLATE=utf8mb4_0900_ai_ci;

CREATE TABLE IF NOT EXISTS `stedi_poll_state` (
  `id` int NOT NULL AUTO_INCREMENT,
  `last_poll_processed_at` datetime DEFAULT NULL,
  `next_page_token` varchar(2048) DEFAULT NULL,
  `updated_at` datetime DEFAULT CURRENT_TIMESTAMP ON UPDATE CURRENT_TIMESTAMP,
  PRIMARY KEY (`id`)
) ENGINE=InnoDB DEFAULT CHARSET=utf8mb4 COLLATE=utf8mb4_0900_ai_ci;

CREATE TABLE IF NOT EXISTS `stedi_transactions` (
  `id` int NOT NULL AUTO_INCREMENT,
  `transaction_id` varchar(100) NOT NULL,
  `file_execution_id` varchar(100) DEFAULT NULL,
  `status` varchar(20) NOT NULL,
  `direction` varchar(20) DEFAULT 'INBOUND',
  `mode` varchar(20) DEFAULT 'production',
  `processed_at` datetime DEFAULT NULL,
  `payer_name` varchar(255) DEFAULT NULL,
  `check_number` varchar(100) DEFAULT NULL,
  `payment_amount` decimal(12,2) DEFAULT NULL,
  `partnership_id` varchar(100) DEFAULT NULL,
  `partnership_type` varchar(20) DEFAULT NULL,
  `sender_profile_id` varchar(100) DEFAULT NULL,
  `receiver_profile_id` varchar(100) DEFAULT NULL,
  `transaction_set` varchar(10) DEFAULT NULL,
  `x12_release` varchar(30) DEFAULT NULL,
  `raw_json` longtext,
  `pdf_local_path` varchar(500) DEFAULT NULL,
  `edi_835_local_path` varchar(500) DEFAULT NULL,
  `json_local_path` varchar(500) DEFAULT NULL,
  `era_id` int DEFAULT NULL,
  `created_at` datetime DEFAULT CURRENT_TIMESTAMP,
  `updated_at` datetime DEFAULT CURRENT_TIMESTAMP ON UPDATE CURRENT_TIMESTAMP,
  PRIMARY KEY (`id`),
  UNIQUE KEY `idx_stedi_txn_id` (`transaction_id`),
  KEY `idx_stedi_processed_at` (`processed_at`),
  KEY `idx_stedi_payer` (`payer_name`),
  KEY `idx_stedi_era_id` (`era_id`),
  KEY `idx_stedi_check_number` (`check_number`)
) ENGINE=InnoDB DEFAULT CHARSET=utf8mb4 COLLATE=utf8mb4_0900_ai_ci;

-- ---------------------------------------------------------------
-- Restore session settings
-- ---------------------------------------------------------------
/*!40103 SET TIME_ZONE=@OLD_TIME_ZONE */;
/*!40101 SET SQL_MODE=@OLD_SQL_MODE */;
/*!40014 SET FOREIGN_KEY_CHECKS=@OLD_FOREIGN_KEY_CHECKS */;
/*!40014 SET UNIQUE_CHECKS=@OLD_UNIQUE_CHECKS */;
/*!40101 SET CHARACTER_SET_CLIENT=@OLD_CHARACTER_SET_CLIENT */;
/*!40101 SET CHARACTER_SET_RESULTS=@OLD_CHARACTER_SET_RESULTS */;
/*!40101 SET COLLATION_CONNECTION=@OLD_COLLATION_CONNECTION */;

-- =====================================================================
-- F1 fix (verification round 2): production-only tables not present in
-- any migration or in latest1.sql. These exist in production via manual
-- CREATE TABLE statements that were never committed to migrations/.
-- Code references in nest-dental-app/src/ depend on them.
-- =====================================================================

SET FOREIGN_KEY_CHECKS = 0;
/*M!999999\- enable the sandbox mode */ 
/*!40103 SET @OLD_TIME_ZONE=@@TIME_ZONE */;
/*!40103 SET TIME_ZONE='+00:00' */;
/*!40014 SET @OLD_UNIQUE_CHECKS=@@UNIQUE_CHECKS, UNIQUE_CHECKS=0 */;
/*!40014 SET @OLD_FOREIGN_KEY_CHECKS=@@FOREIGN_KEY_CHECKS, FOREIGN_KEY_CHECKS=0 */;
/*!40101 SET @OLD_SQL_MODE=@@SQL_MODE, SQL_MODE='NO_AUTO_VALUE_ON_ZERO' */;
/*M!100616 SET @OLD_NOTE_VERBOSITY=@@NOTE_VERBOSITY, NOTE_VERBOSITY=0 */;

/*!40101 SET @saved_cs_client     = @@character_set_client */;
/*!40101 SET character_set_client = utf8mb4 */;
CREATE TABLE IF NOT EXISTS `refund_requests` (
  `id` int NOT NULL AUTO_INCREMENT,
  `record_type` enum('patient','insurance') COLLATE utf8mb4_unicode_ci NOT NULL DEFAULT 'patient',
  `patnum` int DEFAULT NULL COMMENT 'Open Dental patient number (NULL for insurance)',
  `insurance_address_book_id` int DEFAULT NULL COMMENT 'FK to insurance_address_book',
  `patient_name` varchar(255) COLLATE utf8mb4_unicode_ci DEFAULT NULL,
  `patient_address_line1` varchar(255) COLLATE utf8mb4_unicode_ci DEFAULT NULL,
  `patient_address_line2` varchar(255) COLLATE utf8mb4_unicode_ci DEFAULT NULL,
  `patient_city` varchar(100) COLLATE utf8mb4_unicode_ci DEFAULT NULL,
  `patient_state` varchar(2) COLLATE utf8mb4_unicode_ci DEFAULT NULL,
  `patient_zip` varchar(10) COLLATE utf8mb4_unicode_ci DEFAULT NULL,
  `refund_amount` decimal(10,2) NOT NULL,
  `refund_type` enum('check','credit_card') COLLATE utf8mb4_unicode_ci NOT NULL,
  `request_notes` text COLLATE utf8mb4_unicode_ci,
  `manual_check_required` tinyint(1) DEFAULT '0' COMMENT 'Bypass PostGrid, manual check needed',
  `status` enum('pending','approved','check_created','check_pending','credit_card_pending','processing','requires_office_pickup','completed','rejected','failed','void_review') COLLATE utf8mb4_unicode_ci NOT NULL DEFAULT 'pending' COMMENT 'Refund request status: pending → approved → check_created → processing → completed (plus legacy/edge states)',
  `address_verified` tinyint(1) DEFAULT '0' COMMENT 'User confirmed address',
  `address_verified_at` timestamp NULL DEFAULT NULL,
  `approved_by_user_id` int DEFAULT NULL,
  `approved_at` timestamp NULL DEFAULT NULL,
  `approval_notes` text COLLATE utf8mb4_unicode_ci,
  `rejected_at` timestamp NULL DEFAULT NULL,
  `rejection_notes` text COLLATE utf8mb4_unicode_ci,
  `check_register_id` int DEFAULT NULL COMMENT 'FK to check_register',
  `od_payment_id` int DEFAULT NULL COMMENT 'Open Dental payment record ID',
  `attachment_file_path` varchar(500) COLLATE utf8mb4_unicode_ci DEFAULT NULL,
  `attachment_filename` varchar(255) COLLATE utf8mb4_unicode_ci DEFAULT NULL,
  `attachment_content_type` varchar(100) COLLATE utf8mb4_unicode_ci DEFAULT NULL,
  `attachment_file_size` int DEFAULT NULL,
  `attachment_uploaded_at` timestamp NULL DEFAULT NULL,
  `error_message` text COLLATE utf8mb4_unicode_ci,
  `retry_count` int DEFAULT '0',
  `created_by_user_id` int DEFAULT NULL,
  `created_at` timestamp NULL DEFAULT CURRENT_TIMESTAMP,
  `updated_at` timestamp NULL DEFAULT CURRENT_TIMESTAMP ON UPDATE CURRENT_TIMESTAMP,
  `completed_at` timestamp NULL DEFAULT NULL,
  PRIMARY KEY (`id`),
  KEY `idx_patnum` (`patnum`),
  KEY `idx_insurance_address` (`insurance_address_book_id`),
  KEY `idx_status` (`status`),
  KEY `idx_record_type` (`record_type`),
  KEY `idx_created_at` (`created_at`),
  KEY `idx_check_register` (`check_register_id`),
  KEY `approved_by_user_id` (`approved_by_user_id`),
  KEY `created_by_user_id` (`created_by_user_id`),
  CONSTRAINT `refund_requests_ibfk_1` FOREIGN KEY (`approved_by_user_id`) REFERENCES `users` (`id`),
  CONSTRAINT `refund_requests_ibfk_2` FOREIGN KEY (`created_by_user_id`) REFERENCES `users` (`id`),
  CONSTRAINT `refund_requests_ibfk_3` FOREIGN KEY (`insurance_address_book_id`) REFERENCES `insurance_address_book` (`id`),
  CONSTRAINT `refund_requests_ibfk_4` FOREIGN KEY (`check_register_id`) REFERENCES `check_register` (`id`)
) ENGINE=InnoDB AUTO_INCREMENT=7 DEFAULT CHARSET=utf8mb4 COLLATE=utf8mb4_unicode_ci COMMENT='Main refund tracking table for patient and insurance refunds';
/*!40101 SET character_set_client = @saved_cs_client */;

/*!40101 SET @saved_cs_client     = @@character_set_client */;
/*!40101 SET character_set_client = utf8mb4 */;
CREATE TABLE IF NOT EXISTS `check_register` (
  `id` int NOT NULL AUTO_INCREMENT,
  `check_number` varchar(50) COLLATE utf8mb4_unicode_ci NOT NULL,
  `provider_check_id` varchar(255) COLLATE utf8mb4_unicode_ci DEFAULT NULL COMMENT 'External provider check ID (Checkeeper UUID)',
  `payee_name` varchar(255) COLLATE utf8mb4_unicode_ci NOT NULL,
  `payee_address_line1` varchar(255) COLLATE utf8mb4_unicode_ci NOT NULL,
  `payee_address_line2` varchar(255) COLLATE utf8mb4_unicode_ci DEFAULT NULL,
  `payee_city` varchar(100) COLLATE utf8mb4_unicode_ci NOT NULL,
  `payee_state` varchar(2) COLLATE utf8mb4_unicode_ci NOT NULL,
  `payee_zip` varchar(10) COLLATE utf8mb4_unicode_ci NOT NULL,
  `payee_country` varchar(100) COLLATE utf8mb4_unicode_ci NOT NULL DEFAULT 'USA',
  `check_amount` decimal(10,2) NOT NULL,
  `check_memo` varchar(255) COLLATE utf8mb4_unicode_ci DEFAULT NULL,
  `send_date` date NOT NULL,
  `express_delivery` tinyint(1) DEFAULT '0',
  `bank_account_id` int NOT NULL,
  `status` enum('created','ready','printed','mailed','failed','cancelled','voided') COLLATE utf8mb4_unicode_ci NOT NULL DEFAULT 'created',
  `tracking_number` varchar(255) COLLATE utf8mb4_unicode_ci DEFAULT NULL,
  `tracking_carrier` varchar(100) COLLATE utf8mb4_unicode_ci DEFAULT NULL,
  `estimated_delivery_date` date DEFAULT NULL,
  `actual_delivery_date` date DEFAULT NULL,
  `is_refund_check` tinyint(1) DEFAULT '0',
  `refund_request_id` int DEFAULT NULL,
  `provider_response` json DEFAULT NULL COMMENT 'Provider API response (Checkeeper or future providers)',
  `provider_pdf_base64` longtext COLLATE utf8mb4_unicode_ci COMMENT 'Base64 PDF payload returned by provider',
  `nonce` varchar(255) COLLATE utf8mb4_unicode_ci DEFAULT NULL COMMENT 'Checkeeper idempotency key (unique per check creation)',
  `provider_letter_id` varchar(255) COLLATE utf8mb4_unicode_ci DEFAULT NULL COMMENT 'External provider letter/check ID (Checkeeper UUID for tracking)',
  `error_message` text COLLATE utf8mb4_unicode_ci COMMENT 'Error message when PostGrid API call fails or check delivery fails',
  `created_by_user_id` int NOT NULL,
  `created_at` timestamp NULL DEFAULT CURRENT_TIMESTAMP,
  `updated_at` timestamp NULL DEFAULT CURRENT_TIMESTAMP ON UPDATE CURRENT_TIMESTAMP,
  `voided_at` timestamp NULL DEFAULT NULL,
  `voided_by_user_id` int DEFAULT NULL,
  `void_reason` enum('stale_check','wrong_address','wrong_patient','incorrect_amount','lost_in_mail','other') COLLATE utf8mb4_unicode_ci DEFAULT NULL COMMENT 'Standardized void reason for printed/mailed checks',
  `od_payment_reversed` tinyint(1) DEFAULT '0' COMMENT 'Whether Open Dental payment entry was reversed when check was voided',
  `void_notes` text COLLATE utf8mb4_unicode_ci COMMENT 'Additional context about why check was voided',
  PRIMARY KEY (`id`),
  UNIQUE KEY `check_number` (`check_number`),
  UNIQUE KEY `unique_refund_request` (`refund_request_id`),
  KEY `idx_check_number` (`check_number`),
  KEY `idx_postgrid_id` (`provider_check_id`),
  KEY `idx_status` (`status`),
  KEY `idx_refund_request` (`refund_request_id`),
  KEY `idx_send_date` (`send_date`),
  KEY `idx_is_refund` (`is_refund_check`),
  KEY `created_by_user_id` (`created_by_user_id`),
  KEY `voided_by_user_id` (`voided_by_user_id`),
  KEY `idx_status_failed` (`status`),
  KEY `idx_cancelled` (`status`,`check_number`),
  KEY `idx_void_tracking` (`status`,`void_reason`,`voided_at`),
  KEY `idx_provider_letter_id` (`provider_letter_id`),
  KEY `idx_check_register_nonce` (`nonce`),
  KEY `check_register_ibfk_1` (`bank_account_id`),
  CONSTRAINT `check_register_ibfk_1` FOREIGN KEY (`bank_account_id`) REFERENCES `bank_accounts` (`bank_account_id`),
  CONSTRAINT `check_register_ibfk_2` FOREIGN KEY (`refund_request_id`) REFERENCES `refund_requests` (`id`),
  CONSTRAINT `check_register_ibfk_3` FOREIGN KEY (`created_by_user_id`) REFERENCES `users` (`id`),
  CONSTRAINT `check_register_ibfk_4` FOREIGN KEY (`voided_by_user_id`) REFERENCES `users` (`id`)
) ENGINE=InnoDB AUTO_INCREMENT=7 DEFAULT CHARSET=utf8mb4 COLLATE=utf8mb4_unicode_ci COMMENT='Check register with PostGrid integration and tracking';
/*!40101 SET character_set_client = @saved_cs_client */;

/*!40101 SET @saved_cs_client     = @@character_set_client */;
/*!40101 SET character_set_client = utf8mb4 */;
CREATE TABLE IF NOT EXISTS `insurance_address_book` (
  `id` int NOT NULL AUTO_INCREMENT,
  `insurance_name` varchar(255) COLLATE utf8mb4_unicode_ci NOT NULL,
  `address_line1` varchar(255) COLLATE utf8mb4_unicode_ci NOT NULL,
  `address_line2` varchar(255) COLLATE utf8mb4_unicode_ci DEFAULT NULL,
  `city` varchar(100) COLLATE utf8mb4_unicode_ci NOT NULL,
  `state` varchar(2) COLLATE utf8mb4_unicode_ci NOT NULL COMMENT 'US state code',
  `zip` varchar(10) COLLATE utf8mb4_unicode_ci NOT NULL COMMENT 'Supports ZIP+4 format',
  `country` varchar(100) COLLATE utf8mb4_unicode_ci NOT NULL DEFAULT 'USA',
  `notes` text COLLATE utf8mb4_unicode_ci,
  `is_active` tinyint(1) DEFAULT '1',
  `created_by_user_id` int NOT NULL,
  `created_at` timestamp NULL DEFAULT CURRENT_TIMESTAMP,
  `updated_at` timestamp NULL DEFAULT CURRENT_TIMESTAMP ON UPDATE CURRENT_TIMESTAMP,
  PRIMARY KEY (`id`),
  KEY `idx_insurance_name` (`insurance_name`),
  KEY `idx_is_active` (`is_active`),
  KEY `created_by_user_id` (`created_by_user_id`),
  CONSTRAINT `insurance_address_book_ibfk_1` FOREIGN KEY (`created_by_user_id`) REFERENCES `users` (`id`)
) ENGINE=InnoDB AUTO_INCREMENT=2 DEFAULT CHARSET=utf8mb4 COLLATE=utf8mb4_unicode_ci COMMENT='Reusable insurance company addresses for refund processing';
/*!40101 SET character_set_client = @saved_cs_client */;

/*!40101 SET @saved_cs_client     = @@character_set_client */;
/*!40101 SET character_set_client = utf8mb4 */;
CREATE TABLE IF NOT EXISTS `check_settings` (
  `id` int NOT NULL AUTO_INCREMENT,
  `setting_key` varchar(100) COLLATE utf8mb4_unicode_ci NOT NULL,
  `setting_value` text COLLATE utf8mb4_unicode_ci NOT NULL,
  `description` text COLLATE utf8mb4_unicode_ci,
  `updated_at` timestamp NULL DEFAULT CURRENT_TIMESTAMP ON UPDATE CURRENT_TIMESTAMP,
  `updated_by_user_id` int DEFAULT NULL,
  PRIMARY KEY (`id`),
  UNIQUE KEY `setting_key` (`setting_key`),
  KEY `idx_setting_key` (`setting_key`),
  KEY `updated_by_user_id` (`updated_by_user_id`),
  CONSTRAINT `check_settings_ibfk_1` FOREIGN KEY (`updated_by_user_id`) REFERENCES `users` (`id`)
) ENGINE=InnoDB AUTO_INCREMENT=11 DEFAULT CHARSET=utf8mb4 COLLATE=utf8mb4_unicode_ci COMMENT='Check configuration key-value store';
/*!40101 SET character_set_client = @saved_cs_client */;

/*!40101 SET @saved_cs_client     = @@character_set_client */;
/*!40101 SET character_set_client = utf8mb4 */;
CREATE TABLE IF NOT EXISTS `n8n_workflow_executions` (
  `id` int NOT NULL AUTO_INCREMENT,
  `n8n_execution_id` varchar(255) COLLATE utf8mb4_unicode_ci NOT NULL,
  `workflow_name` varchar(255) COLLATE utf8mb4_unicode_ci NOT NULL,
  `trigger_source` enum('webhook','manual','scheduled') COLLATE utf8mb4_unicode_ci NOT NULL,
  `trigger_data` json DEFAULT NULL,
  `status` enum('running','success','failed') COLLATE utf8mb4_unicode_ci NOT NULL,
  `error_message` text COLLATE utf8mb4_unicode_ci,
  `refund_request_id` int DEFAULT NULL,
  `check_register_id` int DEFAULT NULL,
  `started_at` timestamp NULL DEFAULT CURRENT_TIMESTAMP,
  `completed_at` timestamp NULL DEFAULT NULL,
  PRIMARY KEY (`id`),
  KEY `idx_n8n_execution_id` (`n8n_execution_id`),
  KEY `idx_workflow_name` (`workflow_name`),
  KEY `idx_status` (`status`),
  KEY `idx_refund_request` (`refund_request_id`),
  KEY `check_register_id` (`check_register_id`),
  CONSTRAINT `n8n_workflow_executions_ibfk_1` FOREIGN KEY (`refund_request_id`) REFERENCES `refund_requests` (`id`),
  CONSTRAINT `n8n_workflow_executions_ibfk_2` FOREIGN KEY (`check_register_id`) REFERENCES `check_register` (`id`)
) ENGINE=InnoDB DEFAULT CHARSET=utf8mb4 COLLATE=utf8mb4_unicode_ci COMMENT='n8n workflow automation tracking for webhooks and notifications';
/*!40101 SET character_set_client = @saved_cs_client */;

/*!40101 SET @saved_cs_client     = @@character_set_client */;
/*!40101 SET character_set_client = utf8mb4 */;
CREATE TABLE IF NOT EXISTS `refund_notification_settings` (
  `id` int NOT NULL AUTO_INCREMENT,
  `notification_type` enum('new_request','failed_processing','check_delivered') COLLATE utf8mb4_unicode_ci NOT NULL,
  `recipient_emails` text COLLATE utf8mb4_unicode_ci NOT NULL COMMENT 'Comma-separated staff email addresses (STAFF ONLY - no patient emails)',
  `is_enabled` tinyint(1) DEFAULT '1',
  `updated_at` timestamp NULL DEFAULT CURRENT_TIMESTAMP ON UPDATE CURRENT_TIMESTAMP,
  `updated_by_user_id` int DEFAULT NULL,
  PRIMARY KEY (`id`),
  UNIQUE KEY `notification_type` (`notification_type`),
  KEY `idx_notification_type` (`notification_type`),
  KEY `idx_is_enabled` (`is_enabled`),
  KEY `updated_by_user_id` (`updated_by_user_id`),
  CONSTRAINT `refund_notification_settings_ibfk_1` FOREIGN KEY (`updated_by_user_id`) REFERENCES `users` (`id`)
) ENGINE=InnoDB AUTO_INCREMENT=4 DEFAULT CHARSET=utf8mb4 COLLATE=utf8mb4_unicode_ci COMMENT='Email notification settings for staff notifications only (no patient emails)';
/*!40101 SET character_set_client = @saved_cs_client */;

/*!40101 SET @saved_cs_client     = @@character_set_client */;
/*!40101 SET character_set_client = utf8mb4 */;
CREATE TABLE IF NOT EXISTS `api_logs` (
  `id` int NOT NULL AUTO_INCREMENT,
  `service` varchar(50) COLLATE utf8mb4_unicode_ci NOT NULL COMMENT 'API service name (e.g., checkeeper, usps)',
  `endpoint` varchar(255) COLLATE utf8mb4_unicode_ci NOT NULL COMMENT 'API endpoint called',
  `http_method` varchar(10) COLLATE utf8mb4_unicode_ci NOT NULL COMMENT 'HTTP method (GET, POST, PUT, DELETE)',
  `request_payload` text COLLATE utf8mb4_unicode_ci COMMENT 'JSON request payload (sanitized - no sensitive data)',
  `request_headers` text COLLATE utf8mb4_unicode_ci COMMENT 'Request headers (sanitized)',
  `response_status` int DEFAULT NULL COMMENT 'HTTP response status code',
  `response_payload` text COLLATE utf8mb4_unicode_ci COMMENT 'JSON response payload',
  `response_headers` text COLLATE utf8mb4_unicode_ci COMMENT 'Response headers',
  `response_time_ms` int DEFAULT NULL COMMENT 'Response time in milliseconds',
  `is_error` tinyint(1) DEFAULT '0' COMMENT 'Whether the request resulted in an error',
  `error_message` text COLLATE utf8mb4_unicode_ci COMMENT 'Error message if request failed',
  `error_stack` text COLLATE utf8mb4_unicode_ci COMMENT 'Error stack trace for debugging',
  `check_register_id` int DEFAULT NULL COMMENT 'Related check_register ID if applicable',
  `refund_request_id` int DEFAULT NULL COMMENT 'Related refund_request ID if applicable',
  `user_id` int DEFAULT NULL COMMENT 'User who initiated the request',
  `ip_address` varchar(45) COLLATE utf8mb4_unicode_ci DEFAULT NULL COMMENT 'IP address of the request origin',
  `created_at` timestamp NULL DEFAULT CURRENT_TIMESTAMP,
  PRIMARY KEY (`id`),
  KEY `idx_service` (`service`),
  KEY `idx_endpoint` (`endpoint`),
  KEY `idx_check_register` (`check_register_id`),
  KEY `idx_refund_request` (`refund_request_id`),
  KEY `idx_is_error` (`is_error`),
  KEY `idx_created_at` (`created_at`),
  KEY `user_id` (`user_id`),
  CONSTRAINT `api_logs_ibfk_1` FOREIGN KEY (`check_register_id`) REFERENCES `check_register` (`id`) ON DELETE SET NULL,
  CONSTRAINT `api_logs_ibfk_2` FOREIGN KEY (`refund_request_id`) REFERENCES `refund_requests` (`id`) ON DELETE SET NULL,
  CONSTRAINT `api_logs_ibfk_3` FOREIGN KEY (`user_id`) REFERENCES `users` (`id`) ON DELETE SET NULL
) ENGINE=InnoDB AUTO_INCREMENT=10 DEFAULT CHARSET=utf8mb4 COLLATE=utf8mb4_unicode_ci COMMENT='API call logs for external service integrations (Checkeeper, USPS, etc.)';
/*!40101 SET character_set_client = @saved_cs_client */;

/*!40101 SET @saved_cs_client     = @@character_set_client */;
/*!40101 SET character_set_client = utf8mb4 */;
CREATE TABLE IF NOT EXISTS `remote_deposit_scanner` (
  `remote_deposit_scanner_id` bigint NOT NULL AUTO_INCREMENT,
  `date` date NOT NULL,
  `serial` varchar(100) COLLATE utf8mb4_unicode_ci NOT NULL,
  `amount` decimal(15,2) NOT NULL,
  PRIMARY KEY (`remote_deposit_scanner_id`)
) ENGINE=InnoDB DEFAULT CHARSET=utf8mb4 COLLATE=utf8mb4_unicode_ci;
/*!40101 SET character_set_client = @saved_cs_client */;
/*!40103 SET TIME_ZONE=@OLD_TIME_ZONE */;

/*!40101 SET SQL_MODE=@OLD_SQL_MODE */;
/*!40014 SET FOREIGN_KEY_CHECKS=@OLD_FOREIGN_KEY_CHECKS */;
/*!40014 SET UNIQUE_CHECKS=@OLD_UNIQUE_CHECKS */;
/*M!100616 SET NOTE_VERBOSITY=@OLD_NOTE_VERBOSITY */;


-- =====================================================================
-- F5 fix (verification round 2): 12 more production-only tables that
-- F1 missed. Same out-of-band pattern. Currently 0 code references.
-- =====================================================================

SET FOREIGN_KEY_CHECKS = 0;

CREATE TABLE IF NOT EXISTS `zuub_audit_log` (
  `id` char(36) NOT NULL,
  `user_id` varchar(255) NOT NULL,
  `action_type` varchar(100) NOT NULL,
  `resource_type` varchar(100) NOT NULL,
  `resource_id` varchar(255) NOT NULL,
  `changes` json DEFAULT NULL,
  `ip_address` varchar(45) DEFAULT NULL,
  `status` varchar(50) NOT NULL,
  `error_message` varchar(500) DEFAULT NULL,
  `created_at` timestamp NOT NULL DEFAULT CURRENT_TIMESTAMP,
  PRIMARY KEY (`id`),
  KEY `idx_zuub_audit_log_user` (`user_id`),
  KEY `idx_zuub_audit_log_action` (`action_type`),
  KEY `idx_zuub_audit_log_resource_type` (`resource_type`),
  KEY `idx_zuub_audit_log_resource_id` (`resource_id`),
  KEY `idx_zuub_audit_log_created` (`created_at`),
  KEY `idx_zuub_audit_log_user_action_created` (`user_id`,`action_type`,`created_at`)
) ENGINE=InnoDB DEFAULT CHARSET=utf8mb4 COLLATE=utf8mb4_0900_ai_ci;

CREATE TABLE IF NOT EXISTS `zuub_clinic` (
  `id` char(36) NOT NULL,
  `org_id` char(36) NOT NULL,
  `zuub_clinic_id` varchar(255) NOT NULL,
  `name` varchar(255) NOT NULL,
  `address_line1` varchar(255) NOT NULL,
  `address_line2` varchar(255) DEFAULT NULL,
  `city` varchar(100) NOT NULL,
  `state` varchar(2) NOT NULL,
  `zip` varchar(10) NOT NULL,
  `npi` varchar(20) NOT NULL,
  `tax_id` varchar(20) NOT NULL,
  `phone` varchar(20) DEFAULT NULL,
  `created_at` timestamp NOT NULL DEFAULT CURRENT_TIMESTAMP,
  `created_by` varchar(255) NOT NULL,
  `updated_at` timestamp NULL DEFAULT NULL,
  `updated_by` varchar(255) DEFAULT NULL,
  PRIMARY KEY (`id`),
  UNIQUE KEY `uq_zuub_clinic_zuub_clinic_id` (`zuub_clinic_id`),
  KEY `idx_zuub_clinic_org_id` (`org_id`),
  KEY `idx_zuub_clinic_state` (`state`),
  KEY `idx_zuub_clinic_npi` (`npi`),
  KEY `idx_zuub_clinic_tax_id` (`tax_id`),
  KEY `idx_zuub_clinic_created_at` (`created_at`),
  CONSTRAINT `fk_zuub_clinic_organization` FOREIGN KEY (`org_id`) REFERENCES `zuub_organization` (`id`) ON DELETE RESTRICT ON UPDATE CASCADE
) ENGINE=InnoDB DEFAULT CHARSET=utf8mb4 COLLATE=utf8mb4_0900_ai_ci;

CREATE TABLE IF NOT EXISTS `zuub_organization` (
  `id` char(36) NOT NULL,
  `zuub_org_id` varchar(255) NOT NULL,
  `customer_id` varchar(255) NOT NULL,
  `name` varchar(255) NOT NULL,
  `created_at` timestamp NOT NULL DEFAULT CURRENT_TIMESTAMP,
  `created_by` varchar(255) NOT NULL,
  `updated_at` timestamp NULL DEFAULT NULL,
  `updated_by` varchar(255) DEFAULT NULL,
  PRIMARY KEY (`id`),
  UNIQUE KEY `uq_zuub_organization_zuub_org_id` (`zuub_org_id`),
  UNIQUE KEY `uq_zuub_organization_customer_id` (`customer_id`),
  KEY `idx_zuub_organization_created_at` (`created_at`)
) ENGINE=InnoDB DEFAULT CHARSET=utf8mb4 COLLATE=utf8mb4_0900_ai_ci;

CREATE TABLE IF NOT EXISTS `zuub_payer` (
  `id` char(36) NOT NULL,
  `zuub_payer_id` varchar(20) NOT NULL,
  `name` varchar(255) NOT NULL,
  `common_payer_id` varchar(50) DEFAULT NULL,
  `alternate_ids` json DEFAULT NULL,
  `features` json NOT NULL,
  `requirements` json NOT NULL,
  `address` json DEFAULT NULL,
  `contact` json DEFAULT NULL,
  `logo_url` varchar(500) DEFAULT NULL,
  `created_at` timestamp NOT NULL DEFAULT CURRENT_TIMESTAMP,
  `updated_at` timestamp NOT NULL DEFAULT CURRENT_TIMESTAMP ON UPDATE CURRENT_TIMESTAMP,
  `deleted_at` timestamp NULL DEFAULT NULL,
  PRIMARY KEY (`id`),
  UNIQUE KEY `uq_zuub_payer_zuub_payer_id` (`zuub_payer_id`),
  KEY `idx_zuub_payer_name` (`name`),
  KEY `idx_zuub_payer_common_id` (`common_payer_id`),
  KEY `idx_zuub_payer_created_at` (`created_at`),
  KEY `idx_zuub_payer_updated_at` (`updated_at`)
) ENGINE=InnoDB DEFAULT CHARSET=utf8mb4 COLLATE=utf8mb4_0900_ai_ci;

CREATE TABLE IF NOT EXISTS `zuub_payer_connection` (
  `id` char(36) NOT NULL,
  `clinic_id` char(36) NOT NULL,
  `payer_id` char(36) NOT NULL,
  `portal_id` char(36) NOT NULL,
  `variant_id` varchar(100) DEFAULT NULL,
  `status` varchar(50) NOT NULL,
  `interested_at` timestamp NOT NULL DEFAULT CURRENT_TIMESTAMP,
  `provisioned_at` timestamp NULL DEFAULT NULL,
  `registered_at` timestamp NULL DEFAULT NULL,
  `credentials_stored_at` timestamp NULL DEFAULT NULL,
  `last_validated_at` timestamp NULL DEFAULT NULL,
  `archived_at` timestamp NULL DEFAULT NULL,
  `created_at` timestamp NOT NULL DEFAULT CURRENT_TIMESTAMP,
  `created_by` varchar(255) NOT NULL,
  `updated_at` timestamp NULL DEFAULT NULL,
  `updated_by` varchar(255) DEFAULT NULL,
  PRIMARY KEY (`id`),
  UNIQUE KEY `uq_zuub_payer_connection_combo` (`clinic_id`,`payer_id`,`portal_id`,`variant_id`),
  KEY `idx_zuub_payer_connection_clinic` (`clinic_id`),
  KEY `idx_zuub_payer_connection_payer` (`payer_id`),
  KEY `idx_zuub_payer_connection_portal` (`portal_id`),
  KEY `idx_zuub_payer_connection_status` (`status`),
  KEY `idx_zuub_payer_connection_archived` (`archived_at`),
  KEY `idx_zuub_payer_connection_created` (`created_at`),
  CONSTRAINT `fk_zuub_payer_connection_clinic` FOREIGN KEY (`clinic_id`) REFERENCES `zuub_clinic` (`id`) ON DELETE RESTRICT ON UPDATE CASCADE,
  CONSTRAINT `fk_zuub_payer_connection_payer` FOREIGN KEY (`payer_id`) REFERENCES `zuub_payer` (`id`) ON DELETE RESTRICT ON UPDATE CASCADE,
  CONSTRAINT `fk_zuub_payer_connection_portal` FOREIGN KEY (`portal_id`) REFERENCES `zuub_portal` (`id`) ON DELETE RESTRICT ON UPDATE CASCADE
) ENGINE=InnoDB DEFAULT CHARSET=utf8mb4 COLLATE=utf8mb4_0900_ai_ci;

CREATE TABLE IF NOT EXISTS `zuub_portal` (
  `id` char(36) NOT NULL,
  `payer_id` char(36) NOT NULL,
  `zuub_portal_id` varchar(100) NOT NULL,
  `name` varchar(255) NOT NULL,
  `variant_id` varchar(100) DEFAULT NULL,
  `variant_label` varchar(100) DEFAULT NULL,
  `auth_methods` json NOT NULL,
  `login_method` json NOT NULL,
  `usage_pattern` varchar(20) NOT NULL,
  `url` varchar(500) DEFAULT NULL,
  `created_at` timestamp NOT NULL DEFAULT CURRENT_TIMESTAMP,
  `updated_at` timestamp NOT NULL DEFAULT CURRENT_TIMESTAMP ON UPDATE CURRENT_TIMESTAMP,
  `deleted_at` timestamp NULL DEFAULT NULL,
  PRIMARY KEY (`id`),
  UNIQUE KEY `uq_zuub_portal_portal_variant` (`zuub_portal_id`,`variant_id`),
  KEY `idx_zuub_portal_payer_id` (`payer_id`),
  KEY `idx_zuub_portal_variant` (`variant_id`),
  KEY `idx_zuub_portal_name` (`name`),
  KEY `idx_zuub_portal_created_at` (`created_at`),
  KEY `idx_zuub_portal_updated_at` (`updated_at`),
  CONSTRAINT `fk_zuub_portal_payer` FOREIGN KEY (`payer_id`) REFERENCES `zuub_payer` (`id`) ON DELETE RESTRICT ON UPDATE CASCADE
) ENGINE=InnoDB DEFAULT CHARSET=utf8mb4 COLLATE=utf8mb4_0900_ai_ci;

CREATE TABLE IF NOT EXISTS `zuub_portal_credential` (
  `id` char(36) NOT NULL,
  `connection_id` char(36) NOT NULL,
  `username` varchar(255) NOT NULL,
  `password_hash` varbinary(512) NOT NULL,
  `mfa_email` varbinary(512) DEFAULT NULL,
  `mfa_phone` varbinary(512) DEFAULT NULL,
  `mfa_totp_secret` varbinary(512) DEFAULT NULL,
  `login_method` varchar(50) NOT NULL,
  `validation_status` varchar(50) NOT NULL DEFAULT 'NotValidated',
  `validation_error` varchar(500) DEFAULT NULL,
  `validation_correlation_id` varchar(255) DEFAULT NULL,
  `validated_at` timestamp NULL DEFAULT NULL,
  `created_at` timestamp NOT NULL DEFAULT CURRENT_TIMESTAMP,
  `created_by` varchar(255) NOT NULL,
  `updated_at` timestamp NULL DEFAULT NULL,
  `updated_by` varchar(255) DEFAULT NULL,
  `deleted_at` timestamp NULL DEFAULT NULL,
  PRIMARY KEY (`id`),
  UNIQUE KEY `uq_zuub_portal_credential_connection` (`connection_id`),
  KEY `idx_zuub_portal_credential_status` (`validation_status`,`validated_at`),
  KEY `idx_zuub_portal_credential_validation_correlation_id` (`validation_correlation_id`),
  KEY `idx_zuub_portal_credential_created_at` (`created_at`),
  CONSTRAINT `fk_zuub_portal_credential_connection` FOREIGN KEY (`connection_id`) REFERENCES `zuub_payer_connection` (`id`) ON DELETE RESTRICT ON UPDATE CASCADE
) ENGINE=InnoDB DEFAULT CHARSET=utf8mb4 COLLATE=utf8mb4_0900_ai_ci;

CREATE TABLE IF NOT EXISTS `zuub_portal_registration` (
  `id` char(36) NOT NULL,
  `clinic_id` char(36) NOT NULL,
  `portal_id` char(36) NOT NULL,
  `zuub_registration_id` varchar(255) DEFAULT NULL,
  `registered_email` varchar(255) NOT NULL,
  `registered_phone` varchar(20) DEFAULT NULL,
  `confirmation_status` varchar(50) NOT NULL DEFAULT 'Pending',
  `confirmed_at` timestamp NULL DEFAULT NULL,
  `created_at` timestamp NOT NULL DEFAULT CURRENT_TIMESTAMP,
  `created_by` varchar(255) NOT NULL,
  PRIMARY KEY (`id`),
  UNIQUE KEY `uq_zuub_portal_registration_clinic_portal` (`clinic_id`,`portal_id`),
  UNIQUE KEY `uq_zuub_portal_registration_zuub_id` (`zuub_registration_id`),
  KEY `idx_zuub_portal_registration_status` (`confirmation_status`),
  KEY `idx_zuub_portal_registration_created` (`created_at`),
  KEY `fk_zuub_portal_registration_portal` (`portal_id`),
  CONSTRAINT `fk_zuub_portal_registration_clinic` FOREIGN KEY (`clinic_id`) REFERENCES `zuub_clinic` (`id`) ON DELETE CASCADE ON UPDATE CASCADE,
  CONSTRAINT `fk_zuub_portal_registration_portal` FOREIGN KEY (`portal_id`) REFERENCES `zuub_portal` (`id`) ON DELETE CASCADE ON UPDATE CASCADE
) ENGINE=InnoDB DEFAULT CHARSET=utf8mb4 COLLATE=utf8mb4_0900_ai_ci;

CREATE TABLE IF NOT EXISTS `zuub_webhook_event` (
  `id` char(36) NOT NULL,
  `correlation_id` varchar(255) NOT NULL,
  `event_type` varchar(100) NOT NULL,
  `received_at` timestamp NOT NULL DEFAULT CURRENT_TIMESTAMP,
  `http_status` int DEFAULT NULL,
  `payload_size_bytes` int DEFAULT NULL,
  `payload_hash` varchar(64) NOT NULL,
  `signature_header` varchar(500) NOT NULL,
  `signature_valid` tinyint(1) NOT NULL,
  `processing_status` varchar(50) NOT NULL DEFAULT 'Received',
  `error_message` varchar(500) DEFAULT NULL,
  `retry_count` int NOT NULL DEFAULT '0',
  `last_retry_at` timestamp NULL DEFAULT NULL,
  `created_at` timestamp NOT NULL DEFAULT CURRENT_TIMESTAMP,
  `deleted_at` timestamp NULL DEFAULT NULL,
  PRIMARY KEY (`id`),
  UNIQUE KEY `uq_zuub_webhook_event_corr_received` (`correlation_id`,`received_at`),
  KEY `idx_zuub_webhook_event_corr` (`correlation_id`),
  KEY `idx_zuub_webhook_event_received_at` (`received_at`),
  KEY `idx_zuub_webhook_event_processing` (`processing_status`),
  KEY `idx_zuub_webhook_event_signature_valid` (`signature_valid`),
  KEY `idx_zuub_webhook_event_created_at` (`created_at`)
) ENGINE=InnoDB DEFAULT CHARSET=utf8mb4 COLLATE=utf8mb4_0900_ai_ci;

CREATE TABLE IF NOT EXISTS `zuub_webhook_subscription` (
  `id` char(36) NOT NULL,
  `clinic_id` char(36) NOT NULL,
  `url` varchar(500) NOT NULL,
  `signature_secret` varbinary(512) NOT NULL,
  `event_types` json NOT NULL,
  `is_active` tinyint(1) NOT NULL DEFAULT '1',
  `created_at` timestamp NOT NULL DEFAULT CURRENT_TIMESTAMP,
  `updated_at` timestamp NULL DEFAULT NULL,
  `last_tested_at` timestamp NULL DEFAULT NULL,
  `last_test_status` varchar(50) DEFAULT NULL,
  `last_test_error` varchar(500) DEFAULT NULL,
  PRIMARY KEY (`id`),
  UNIQUE KEY `uq_zuub_webhook_subscription_clinic` (`clinic_id`),
  KEY `idx_zuub_webhook_subscription_active` (`is_active`),
  KEY `idx_zuub_webhook_subscription_created` (`created_at`),
  CONSTRAINT `fk_zuub_webhook_subscription_clinic` FOREIGN KEY (`clinic_id`) REFERENCES `zuub_clinic` (`id`) ON DELETE CASCADE ON UPDATE CASCADE
) ENGINE=InnoDB DEFAULT CHARSET=utf8mb4 COLLATE=utf8mb4_0900_ai_ci;

CREATE TABLE IF NOT EXISTS `request_audit_log` (
  `id` bigint NOT NULL AUTO_INCREMENT,
  `user_id` int NOT NULL,
  `method` varchar(10) COLLATE utf8mb4_unicode_ci NOT NULL COMMENT 'HTTP met-- Cleanup pass complete: 2 OpenDental-derived mirror tables excluded.
hod: GET, POST, PUT, DELETE, PATCH',
  `path` varchar(500) COLLATE utf8mb4_unicode_ci NOT NULL COMMENT 'API endpoint path',
  `status_code` smallint NOT NULL COMMENT 'HTTP response status code',
  `duration_ms` int DEFAULT NULL COMMENT 'Request duration in milliseconds',
  `ip_address` varchar(45) COLLATE utf8mb4_unicode_ci DEFAULT NULL COMMENT 'Client IP (supports IPv6)',
  `user_agent` varchar(255) COLLATE utf8mb4_unicode_ci DEFAULT NULL,
  `created_at` datetime DEFAULT CURRENT_TIMESTAMP,
  PRIMARY KEY (`id`),
  KEY `idx_user_id` (`user_id`),
  KEY `idx_created_at` (`created_at`),
  KEY `idx_path_method` (`path`(100),`method`),
  KEY `idx_status_code` (`status_code`)
) ENGINE=InnoDB DEFAULT CHARSET=utf8mb4 COLLATE=utf8mb4_unicode_ci COMMENT='SOC 2 CC4 — API request audit trail';

CREATE TABLE IF NOT EXISTS `schema_migrations` (
  `id` int NOT NULL AUTO_INCREMENT,
  `migration_file` varchar(255) COLLATE utf8mb4_unicode_ci NOT NULL,
  `description` text COLLATE utf8mb4_unicode_ci,
  `executed_at` timestamp NULL DEFAULT CURRENT_TIMESTAMP,
  PRIMARY KEY (`id`),
  UNIQUE KEY `migration_file` (`migration_file`)
) ENGINE=InnoDB DEFAULT CHARSET=utf8mb4 COLLATE=utf8mb4_unicode_ci;

SET FOREIGN_KEY_CHECKS = 1;

-- =====================================================================
-- SEED DATA — Bootstrap roles, permissions, default admin, app settings
-- =====================================================================
-- All inserts are idempotent (INSERT IGNORE / ON DUPLICATE KEY UPDATE),
-- so this section is safe to re-run against an existing database.
--
-- Default admin credentials:
--   username:  admin
--   password:  ChangeMe123!
--   role:      super_admin
--   FLAG:      force_password_change = 1 (must be reset on first login)
--
-- bcrypt hash below is the real bcryptjs ($2b$12$…) digest of the
-- password "ChangeMe123!" and was verified before being embedded here.
-- Rotate this credential IMMEDIATELY in any production deployment.
-- =====================================================================

SET FOREIGN_KEY_CHECKS = 0;

-- ---------------------------------------------------------------------
-- 1. Roles (system roles match what RBAC code expects)
--    Reference: nest-dental-app/src/shared/rbac/rbac.service.ts and the
--    role names used in migration 031_seed_recon_permissions.sql.
-- ---------------------------------------------------------------------
INSERT INTO `roles` (`role_name`, `display_name`, `description`, `is_system_role`, `created_at`, `updated_at`)
VALUES
  ('super_admin',          'Super Administrator',  'Full unrestricted access to every module and setting. Cannot be removed from any user automatically.', 1, NOW(), NOW()),
  ('admin_user',           'Administrator',        'Standard administrator: manage users, roles, providers, payroll, reconciliation, and audits.',         1, NOW(), NOW()),
  ('payroll_manager',      'Payroll Manager',      'Approve payroll runs, finalize quarterly audits, manage payroll settings and adjustments.',           1, NOW(), NOW()),
  ('payroll_user',         'Payroll User',         'Run payroll calculations, view and edit provider time entries, view reconciliation.',                 1, NOW(), NOW()),
  ('insurance_specialist', 'Insurance Specialist', 'Process ERAs, post claims to Open Dental, manage carrier rules and follow-up actions.',               1, NOW(), NOW()),
  ('viewer',               'Viewer',               'Read-only access to dashboards, reports, and payroll/reconciliation views.',                          1, NOW(), NOW())
ON DUPLICATE KEY UPDATE
  `display_name`   = VALUES(`display_name`),
  `description`    = VALUES(`description`),
  `is_system_role` = VALUES(`is_system_role`),
  `updated_at`     = NOW();

-- ---------------------------------------------------------------------
-- 2. Permission catalog — 54 permissions matching @Permissions(...) decorators
--    Generated by greping every @Permissions('...') usage across
--    nest-dental-app/src/. These EXACT strings are what the
--    permissions.guard.ts looks up at request time. Mismatched names
--    would cause 403 Forbidden on every non-super_admin call.
--    Source-of-truth: src/**/*.controller.ts @Permissions decorators.
-- ---------------------------------------------------------------------
INSERT INTO `permissions` (`permission_name`, `display_name`, `description`, `category`, `resource_type`, `created_at`, `is_active`) VALUES
  -- audit (4)
  ('audit.read',                  'Read Audit Log',             'View audit log entries and PHI access log',                              'audit',         'audit_log',   NOW(), 1),
  ('audit.export',                'Export Audit Log',           'Export audit log to CSV/PDF for compliance reporting',                   'audit',         'audit_log',   NOW(), 1),
  ('audit.manage',                'Manage Audit Configuration', 'Configure audit retention policies and alert rules',                     'audit',         'audit_log',   NOW(), 1),
  ('audit.delete',                'Delete Audit Entries',       'Purge audit entries (typically only after retention period)',            'audit',         'audit_log',   NOW(), 1),

  -- check printing (3)
  ('check.view',                  'View Check Register',        'View issued checks, status, and tracking',                               'checks',        'check',       NOW(), 1),
  ('check.create',                'Create Checks',              'Create check entries via Checkeeper integration',                        'checks',        'check',       NOW(), 1),
  ('check.export',                'Export Check Register',      'Export the check register to CSV/PDF',                                   'checks',        'check',       NOW(), 1),

  -- era / claims posting (3)
  ('era.review',                  'Review ERAs',                'Review ERA payments, claim matches, and service-line decisions',         'era',           NULL,          NOW(), 1),
  ('era.edit',                    'Edit ERAs',                  'Modify ERA postings, exclusions, write-off decisions',                   'era',           NULL,          NOW(), 1),
  ('era.post',                    'Post ERAs to OpenDental',    'Push reconciled ERAs to OpenDental (frontend gate; backend uses era.edit)','era',          NULL,          NOW(), 1),

  -- grooming (4)
  ('grooming.view',               'View Grooming Items',        'View daily grooming flags and recommendations',                          'grooming',      NULL,          NOW(), 1),
  ('grooming.run',                'Run Grooming Sweep',         'Trigger a fresh grooming sweep over the target date',                    'grooming',      NULL,          NOW(), 1),
  ('grooming.execute',            'Execute Grooming Actions',   'Push approved grooming recommendations into OpenDental',                 'grooming',      NULL,          NOW(), 1),
  ('grooming.edit',               'Edit Grooming Recommendations','Edit notes, override flags, mark items resolved',                      'grooming',      NULL,          NOW(), 1),
  ('grooming.admin',              'Administer Grooming Module', 'Configure grooming settings and thresholds',                             'grooming',      NULL,          NOW(), 1),

  -- payroll (9)
  ('payroll.view',                'View Payroll (all providers)','View payroll calculations, batches, and reports for ALL providers',    'payroll',       NULL,          NOW(), 1),
  ('payroll.view_own',            'View Own Payroll',           'Provider-scoped: view ONLY the logged-in user''s own payroll history',   'payroll',       NULL,          NOW(), 1),
  ('payroll.edit',                'Edit Payroll',               'Edit time entries, additions, manual adjustments',                       'payroll',       NULL,          NOW(), 1),
  ('payroll.calculate',           'Calculate Payroll',          'Trigger payroll calculations for one or more providers',                 'payroll',       NULL,          NOW(), 1),
  ('payroll.batch_processing',    'Run Batch Payroll',          'Run batch payroll generation and PDF assembly',                          'payroll',       NULL,          NOW(), 1),
  ('payroll.audit',               'Run Payroll Audit',          'Run and finalize quarterly payroll audits',                              'payroll',       NULL,          NOW(), 1),
  ('payroll.settings',            'Manage Payroll Settings',    'Edit compensation rates, bonus rates, and payroll configuration',        'payroll',       NULL,          NOW(), 1),
  ('payroll.audit_periods.view',  'View Audit Period Data',     'View pay period category breakdowns before quarterly audit',             'payroll',       NULL,          NOW(), 1),
  ('payroll.audit_periods.edit',  'Edit Audit Period Data',     'Modify pay period category values for audit corrections',                'payroll',       NULL,          NOW(), 1),

  -- permissions catalog (3)
  ('permissions.create',          'Create Permissions',         'Add new permission rows to the catalog',                                 'permissions',   'permission',  NOW(), 1),
  ('permissions.update',          'Update Permissions',         'Edit permission display names, descriptions, categories',                'permissions',   'permission',  NOW(), 1),
  ('permissions.delete',          'Delete Permissions',         'Remove permissions from the catalog',                                    'permissions',   'permission',  NOW(), 1),

  -- providers (5)
  ('providers.view',              'View Providers',             'View provider list and details',                                         'providers',     'provider',    NOW(), 1),
  ('providers.create',            'Create Providers',           'Add new provider records and link to OpenDental',                        'providers',     'provider',    NOW(), 1),
  ('providers.edit',              'Edit Providers',             'Edit provider metadata and OD linkage',                                  'providers',     'provider',    NOW(), 1),
  ('providers.delete',            'Delete Providers',           'Deactivate provider records',                                            'providers',     'provider',    NOW(), 1),
  ('providers.manage_rates',      'Manage Compensation Rates',  'Edit compensation rates, daily guarantees, and bonus structures',        'providers',     'provider',    NOW(), 1),

  -- reconciliation (3)
  ('recon.view',                  'View Reconciliation',        'View bank reconciliation dashboards (weekly/daily/monthly)',             'reconciliation', NULL,         NOW(), 1),
  ('recon.edit',                  'Edit Reconciliation',        'Create/delete manual links, refresh OD data, upload CSV, re-run',        'reconciliation', NULL,         NOW(), 1),
  ('recon.close',                 'Close/Reopen Month',         'Close or reopen monthly reconciliation periods',                         'reconciliation', NULL,         NOW(), 1),

  -- refunds (7)
  ('refund.view',                 'View Refund Requests',       'View refund requests and their status',                                  'refunds',       'refund',      NOW(), 1),
  ('refund.create',               'Create Refund Requests',     'Submit new refund requests (patient or insurance)',                      'refunds',       'refund',      NOW(), 1),
  ('refund.edit',                 'Edit Refund Requests',       'Modify refund requests before approval',                                 'refunds',       'refund',      NOW(), 1),
  ('refund.approve',              'Approve Refund Requests',    'Approve or reject refund requests; trigger check issuance',              'refunds',       'refund',      NOW(), 1),
  ('refund.process',              'Process Refund Requests',    'Drive refund requests through the processing pipeline',                  'refunds',       'refund',      NOW(), 1),
  ('refund.delete',               'Delete Refund Requests',     'Remove refund requests (typically only in draft/pending states)',        'refunds',       'refund',      NOW(), 1),
  ('refund.manage_addresses',     'Manage Refund Addresses',    'Maintain the insurance address book used for refund mailings',           'refunds',       'refund',      NOW(), 1),

  -- roles (4)
  ('roles.read',                  'Read Roles',                 'List roles and view their permissions',                                  'roles',         'role',        NOW(), 1),
  ('roles.create',                'Create Roles',               'Create new roles',                                                       'roles',         'role',        NOW(), 1),
  ('roles.update',                'Update Roles',               'Edit role metadata and assigned permissions',                            'roles',         'role',        NOW(), 1),
  ('roles.delete',                'Delete Roles',               'Delete roles (cascades to user_roles and role_permissions)',             'roles',         'role',        NOW(), 1),

  -- system (1)
  ('system.settings',             'Manage System Settings',     'Edit system_settings, practice_rule_settings, database_connections',     'system',        NULL,          NOW(), 1),

  -- users (10)
  ('users.view',                  'View Users (list)',          'View summary list of user accounts',                                     'users',         'user',        NOW(), 1),
  ('users.read',                  'Read User Detail',           'View full user account details',                                         'users',         'user',        NOW(), 1),
  ('users.create',                'Create Users',               'Create new user accounts',                                               'users',         'user',        NOW(), 1),
  ('users.update',                'Update Users',               'Edit user account details (excluding password)',                         'users',         'user',        NOW(), 1),
  ('users.edit',                  'Edit Users',                 'Alternate edit permission used by some endpoints',                       'users',         'user',        NOW(), 1),
  ('users.delete',                'Delete Users',               'Deactivate or remove user accounts',                                     'users',         'user',        NOW(), 1),
  ('users.lock',                  'Lock Users',                 'Lock a user account (sets locked_until)',                                'users',         'user',        NOW(), 1),
  ('users.unlock',                'Unlock Users',               'Unlock a previously locked user account',                                'users',         'user',        NOW(), 1),
  ('users.password_reset',        'Reset User Passwords',       'Trigger administrative password resets for any user',                    'users',         'user',        NOW(), 1),

  -- tasks (4) — task-scoped permissions for Open Dental task integration
  ('tasks.view',                  'View Tasks',                 'View task lists, individual tasks, search patients, view priorities',     'tasks',         'task',        NOW(), 1),
  ('tasks.create',                'Create Tasks',               'Create new tasks via Open Dental API',                                    'tasks',         'task',        NOW(), 1),
  ('tasks.update',                'Update Tasks',               'Update task status, reassign, mark done, add notes',                      'tasks',         'task',        NOW(), 1),
  ('tasks.delete',                'Delete Tasks',               'Delete tasks (admin only)',                                               'tasks',         'task',        NOW(), 1)
ON DUPLICATE KEY UPDATE
  `display_name` = VALUES(`display_name`),
  `description`  = VALUES(`description`),
  `category`     = VALUES(`category`),
  `resource_type`= VALUES(`resource_type`),
  `is_active`    = VALUES(`is_active`);

-- ---------------------------------------------------------------------
-- 3. Role → Permission grants (matrix)
--    NOTE: super_admin bypasses the permissions check entirely
--    (permissions.guard.ts:48, rbac.service.ts:79,99). The grants below
--    still get inserted for super_admin so the catalog view in the UI
--    shows it owning every permission — but those rows are unreachable
--    code paths in practice.
-- ---------------------------------------------------------------------

-- super_admin → every permission
INSERT IGNORE INTO `role_permissions` (`role_id`, `permission_id`, `granted_at`)
SELECT r.id, p.id, NOW()
FROM `roles` r CROSS JOIN `permissions` p
WHERE r.role_name = 'super_admin';

-- admin_user → everything except destructive cascade-delete actions
INSERT IGNORE INTO `role_permissions` (`role_id`, `permission_id`, `granted_at`)
SELECT r.id, p.id, NOW()
FROM `roles` r CROSS JOIN `permissions` p
WHERE r.role_name = 'admin_user'
  AND p.permission_name NOT IN (
    'roles.delete','permissions.delete','audit.delete','users.delete','providers.delete'
  );

-- payroll_manager
INSERT IGNORE INTO `role_permissions` (`role_id`, `permission_id`, `granted_at`)
SELECT r.id, p.id, NOW()
FROM `roles` r CROSS JOIN `permissions` p
WHERE r.role_name = 'payroll_manager'
  AND p.permission_name IN (
    'audit.read','audit.export',
    'providers.view','providers.edit','providers.manage_rates',
    'payroll.view','payroll.view_own','payroll.edit','payroll.calculate','payroll.batch_processing',
    'payroll.audit','payroll.settings',
    'payroll.audit_periods.view','payroll.audit_periods.edit',
    'recon.view','recon.edit',
    'users.view','users.read'
  );

-- payroll_user
INSERT IGNORE INTO `role_permissions` (`role_id`, `permission_id`, `granted_at`)
SELECT r.id, p.id, NOW()
FROM `roles` r CROSS JOIN `permissions` p
WHERE r.role_name = 'payroll_user'
  AND p.permission_name IN (
    'providers.view',
    'payroll.view','payroll.view_own','payroll.edit','payroll.calculate',
    'payroll.audit_periods.view',
    'recon.view','recon.edit'
  );

-- insurance_specialist
INSERT IGNORE INTO `role_permissions` (`role_id`, `permission_id`, `granted_at`)
SELECT r.id, p.id, NOW()
FROM `roles` r CROSS JOIN `permissions` p
WHERE r.role_name = 'insurance_specialist'
  AND p.permission_name IN (
    'era.review','era.edit','era.post',
    'recon.view','recon.edit',
    'refund.view','refund.create','refund.edit','refund.process','refund.manage_addresses',
    'check.view','check.create',
    'grooming.view','grooming.edit','grooming.run','grooming.execute',
    'audit.read'
  );

-- viewer (read-only — every *.view, *.read, *.review)
INSERT IGNORE INTO `role_permissions` (`role_id`, `permission_id`, `granted_at`)
SELECT r.id, p.id, NOW()
FROM `roles` r CROSS JOIN `permissions` p
WHERE r.role_name = 'viewer'
  AND p.permission_name IN (
    'audit.read',
    'check.view',
    'era.review',
    'grooming.view',
    'payroll.view','payroll.view_own','payroll.audit_periods.view',
    'providers.view',
    'recon.view',
    'refund.view',
    'roles.read',
    'users.view','users.read'
  );

-- ---------------------------------------------------------------------
-- 4. Sample provider (allows the admin to be linked to a provider record)
--    `providers` has no UNIQUE constraint on `name` and `open_dental_provnum`
--    is nullable (NULL ≠ NULL under UNIQUE), so `INSERT IGNORE` alone is
--    NOT idempotent — a `WHERE NOT EXISTS` guard is required.
--
--    `open_dental_provnum = 9999` is a synthetic placeholder that lets the
--    payroll module run end-to-end on a fresh local import without 422'ing
--    on "Provider does not have an Open Dental provider number". Queries
--    against OD for provnum 9999 will return no production data — that's
--    correct for a dev environment. Replace with real ProvNum values once
--    you have an OpenDental DB connected and want real payroll numbers.
-- ---------------------------------------------------------------------
INSERT INTO `providers`
  (`name`, `open_dental_provnum`, `provider_type`, `is_active`, `created_at`, `updated_at`)
SELECT 'System Administrator', 9999, 'general_dentist', 1, NOW(), NOW()
WHERE NOT EXISTS (
  SELECT 1 FROM `providers` WHERE `name` = 'System Administrator'
);

-- If the placeholder already exists with NULL (from a prior import before
-- this fix), backfill the open_dental_provnum so the payroll module works.
UPDATE `providers`
SET `open_dental_provnum` = 9999
WHERE `name` = 'System Administrator'
  AND `open_dental_provnum` IS NULL;

-- ---------------------------------------------------------------------
-- 5. Default super_admin users
--    All three rows below carry a real bcryptjs $2b$12$… hash of the
--    placeholder password "ChangeMe123!" (verified valid before embed)
--    AND force_password_change = 1, so every account is forced to set
--    its own password on first login. Each user has an independent
--    salt — no two share the same hash, even though the underlying
--    password string is identical at seed time.
-- ---------------------------------------------------------------------
INSERT INTO `users`
  (`username`, `email`, `password_hash`, `salt`, `first_name`, `last_name`,
   `is_active`, `failed_login_attempts`, `password_changed_at`,
   `force_password_change`, `password_history`, `created_at`, `updated_at`)
VALUES
  ('admin',
   'admin@example.local',
   '$2b$12$NcYAGFt.pZUYd64trVxSQOHm5Irv6L9aKHTRF.8rnsoDH4Eq6yNV2',
   '$2b$12$NcYAGFt.pZUYd64trVxSQO',
   'System', 'Administrator',
   1, 0, NOW(),
   1,
   JSON_ARRAY(),
   NOW(), NOW()),
  ('gary',
   'gary@svdc.dental',
   '$2b$12$QTsgusWTu5IX37pgmrPzYOmyxoFetQNdu9y91kN.wI89mA/YhEpFu',
   '$2b$12$QTsgusWTu5IX37pgmrPzYO',
   'Gary', 'Lloyd',
   1, 0, NOW(),
   1,
   JSON_ARRAY(),
   NOW(), NOW()),
  ('matthew',
   'matthew@salinasvalleydentalcare.com',
   '$2b$12$gjtEfHQrnjBuGaZ.j7r32ukNXrnb/RIjbi4udpCSRTaKvCmbazNjq',
   '$2b$12$gjtEfHQrnjBuGaZ.j7r32u',
   'Matthew', 'Admin',
   1, 0, NOW(),
   1,
   JSON_ARRAY(),
   NOW(), NOW())
ON DUPLICATE KEY UPDATE
  `email`                = VALUES(`email`),
  `password_hash`        = VALUES(`password_hash`),
  `salt`                 = VALUES(`salt`),
  `is_active`            = VALUES(`is_active`),
  `force_password_change`= VALUES(`force_password_change`),
  `updated_at`           = NOW();

-- Map admin / gary / matthew → super_admin role
INSERT IGNORE INTO `user_roles` (`user_id`, `role_id`, `assigned_at`)
SELECT u.id, r.id, NOW()
FROM `users` u
CROSS JOIN `roles` r
WHERE u.username IN ('admin', 'gary', 'matthew')
  AND r.role_name = 'super_admin';

-- ---------------------------------------------------------------------
-- 6. practice_rule_settings defaults (from migrations 008 and 011)
-- ---------------------------------------------------------------------
INSERT INTO `practice_rule_settings` (`setting_key`, `setting_value`, `setting_type`, `category`, `description`) VALUES
  ('NEW_PATIENT_XRAY_WRITEOFF',      'true',  'boolean', 'rules',      'Auto-write-off new patient x-ray frequency denial as professional courtesy'),
  ('FMX_COMBINATION_WRITEOFF',       'true',  'boolean', 'rules',      'Auto-write-off cross-coded component x-rays (D0272, D0274) to FMX (D0210)'),
  ('OVERPAYMENT_FLAG',               'true',  'boolean', 'rules',      'Flag when insurance paid more than posted fee'),
  ('DUPLICATE_PAYMENT_CHECK',        'true',  'boolean', 'rules',      'Flag possible duplicate payments (always blocking)'),
  ('CARRIER_UNDERPAYMENT_FLAG',      'true',  'boolean', 'rules',      'Flag when carrier paid less than their own allowed amount'),
  ('DENIED_CLAIM_FLAG',              'true',  'boolean', 'rules',      'Flag $0 payment claims for review (appeal decision)'),
  ('PI_ADJUSTMENT_FLAG',             'true',  'boolean', 'rules',      'Flag PI adjustments for review unless carrier rule overrides'),
  ('CR_ADJUSTMENT_FLAG',             'true',  'boolean', 'rules',      'Flag CR (correction) adjustments — always blocking'),
  ('overpayment_blocking_threshold', '50',    'number',  'thresholds', 'Overpayment amount ($) above which flag is blocking (below is warning)'),
  ('underpayment_tolerance',         '0.50',  'number',  'thresholds', 'Allowed rounding tolerance ($) before underpayment flag triggers'),
  ('auto_post_enabled',              'true',  'boolean', 'posting',    'Allow auto-posting of claims when no flags are present'),
  ('writeoff_negative_zero_out',     'true',  'boolean', 'posting',    'Zero out negative writeoffs on non-reversal claims'),
  ('balance_amount_threshold',       '0.02',  'number',  'thresholds', 'ERA balance check: auto-accept rounding differences up to this amount ($)'),
  ('balance_percentage_threshold',   '0.01',  'number',  'thresholds', 'ERA balance check: auto-accept differences up to this percentage (0.01 = 1%)'),
  ('overpayment_adj_type',           '',      'string',  'posting',    'OD DefNum for adjustment type used when insurance allows more than ProcFee')
ON DUPLICATE KEY UPDATE
  `setting_value` = VALUES(`setting_value`),
  `setting_type`  = VALUES(`setting_type`),
  `category`      = VALUES(`category`),
  `description`   = VALUES(`description`);

-- ---------------------------------------------------------------------
-- 7. system_settings — minimal app metadata
-- ---------------------------------------------------------------------
INSERT INTO `system_settings`
  (`setting_key`, `setting_value`, `setting_type`, `description`, `is_encrypted`, `created_at`, `updated_at`)
VALUES
  ('app_name',              'OpenDental Companion',         'string',  'Application display name shown in headers',                                          0, NOW(), NOW()),
  ('app_version',           '1.0.0',                        'string',  'Current application version',                                                        0, NOW(), NOW()),
  ('timezone',              'America/Los_Angeles',          'string',  'Default IANA timezone for date display and pay-period boundaries',                   0, NOW(), NOW()),
  ('password_min_length',   '12',                           'number',  'Minimum allowed password length',                                                    0, NOW(), NOW()),
  ('session_idle_minutes',  '30',                           'number',  'Idle minutes before automatic session expiry',                                       0, NOW(), NOW()),
  ('phi_audit_retention_years', '6',                        'number',  'Retention period for phi_access_log rows (HIPAA requires ≥6 years)',                0, NOW(), NOW())
ON DUPLICATE KEY UPDATE
  `setting_value` = VALUES(`setting_value`),
  `setting_type`  = VALUES(`setting_type`),
  `description`   = VALUES(`description`),
  `updated_at`    = NOW();

-- ---------------------------------------------------------------------
-- 8. stedi_poll_state — singleton row required by the Stedi 835 poller
--    (mirrors migration 022_stedi_poll_state.sql seed)
-- ---------------------------------------------------------------------
INSERT INTO `stedi_poll_state` (`id`, `last_poll_processed_at`)
VALUES (1, NULL)
ON DUPLICATE KEY UPDATE `id` = `id`;

-- ---------------------------------------------------------------------
-- 9. grooming_settings — thresholds and feature flags read at module
--    bootstrap by grooming-settings.service.ts. Empty table means the
--    grooming module falls back to in-code defaults; seeding makes the
--    config visible/editable in the admin UI.
-- ---------------------------------------------------------------------
INSERT INTO `grooming_settings` (`setting_key`, `setting_value`, `setting_type`, `category`, `description`) VALUES
  ('lapsed_patient_months',   '18',     'number',  'thresholds', 'Months since last visit before a patient is flagged as lapsed'),
  ('balance_warning_amount',  '100',    'number',  'thresholds', 'Patient outstanding balance ($) at or above which a flag is raised'),
  ('annual_max_warning',      '200',    'number',  'thresholds', 'Annual maximum remaining ($) below which a flag is raised'),
  ('fluoride_age_cutoff',     '14',     'number',  'thresholds', 'Maximum patient age (years) for fluoride coverage flag'),
  ('fluoride_cash_fee',       '38.00',  'number',  'fees',       'Cash fee ($) presented for fluoride when not covered'),
  ('xray_recheck_months',     '12',     'number',  'thresholds', 'Months between recommended BWX x-ray sets'),
  ('pano_recheck_months',     '60',     'number',  'thresholds', 'Months between recommended panoramic x-rays'),
  ('probing_recheck_months',  '12',     'number',  'thresholds', 'Months between recommended periodontal probings'),
  ('exam_recheck_months',     '6',      'number',  'thresholds', 'Months between recommended routine exams'),
  ('auto_write_note',         'false',  'boolean', 'features',   'Automatically write the generated note into the OD appointment record'),
  ('require_approval',        'true',   'boolean', 'features',   'Require a user to approve each grooming recommendation before execution'),
  ('membership_check_enabled','true',   'boolean', 'features',   'Verify discount-plan membership status during grooming runs')
ON DUPLICATE KEY UPDATE
  `setting_value` = VALUES(`setting_value`),
  `setting_type`  = VALUES(`setting_type`),
  `category`      = VALUES(`category`),
  `description`   = VALUES(`description`);

-- ---------------------------------------------------------------------
-- 10. migration_history — CRITICAL: mark all 74 migration files as
--     already executed so the runtime migration runner
--     (database-init.service.ts:185) skips them. Without this, the
--     migrator would attempt to re-apply non-idempotent ALTER TABLE
--     statements on first boot and crash the app.
--     Matches the runner's own INSERT shape:
--       INSERT IGNORE INTO migration_history (migration_name, execution_time_ms, success) VALUES (?, 0, 1)
-- ---------------------------------------------------------------------
INSERT IGNORE INTO `migration_history` (`migration_name`, `execution_time_ms`, `success`, `executed_at`) VALUES
  ('000_base_schema.sql',                          0, 1, NOW()),
  ('001_create_provider_time_entries.sql',         0, 1, NOW()),
  ('002_add_quarterly_audit_tables.sql',           0, 1, NOW()),
  ('003_add_category_audit_columns.sql',           0, 1, NOW()),
  ('004_add_audit_period_permissions.sql',         0, 1, NOW()),
  ('005_add_adjustment_amount_columns.sql',        0, 1, NOW()),
  ('006_add_audit_applied_tracking.sql',           0, 1, NOW()),
  ('007_add_open_dental_user_linking.sql',         0, 1, NOW()),
  ('008_create_practice_rule_settings.sql',        0, 1, NOW()),
  ('009_create_era_tables.sql',                    0, 1, NOW()),
  ('010_create_posting_results.sql',               0, 1, NOW()),
  ('011_era_audit_fixes.sql',                      0, 1, NOW()),
  ('012_add_proc_fee_column.sql',                  0, 1, NOW()),
  ('013_era_phase2_schema.sql',                    0, 1, NOW()),
  ('014_add_reason_under_paid.sql',                0, 1, NOW()),
  ('015_add_manually_posted_status.sql',           0, 1, NOW()),
  ('016_add_od_claim_type_status.sql',             0, 1, NOW()),
  ('017_add_contracted_fee_column.sql',            0, 1, NOW()),
  ('018_add_denial_closed_action_type.sql',        0, 1, NOW()),
  ('019_clp02_statuses.sql',                       0, 1, NOW()),
  ('020_phase3a_stedi_integration.sql',            0, 1, NOW()),
  ('021_stedi_transactions.sql',                   0, 1, NOW()),
  ('022_stedi_poll_state.sql',                     0, 1, NOW()),
  ('023_dashboard_indexes.sql',                    0, 1, NOW()),
  ('024_rename_type_mismatch.sql',                 0, 1, NOW()),
  ('025_mismatch_auto_resolve.sql',                0, 1, NOW()),
  ('026_add_od_pat_num.sql',                       0, 1, NOW()),
  ('027_create_bank_tables.sql',                   0, 1, NOW()),
  ('028_create_teller_bank_accounts.sql',          0, 1, NOW()),
  ('029_add_entra_object_id.sql',                  0, 1, NOW()),
  ('030_create_deposit_recon_tables.sql',          0, 1, NOW()),
  ('031_seed_recon_permissions.sql',               0, 1, NOW()),
  ('032_create_remote_deposits.sql',               0, 1, NOW()),
  ('033_create_checkeeper_bank_accounts.sql',      0, 1, NOW()),
  ('034_create_archive_tables.sql',                0, 1, NOW()),
  ('035_add_recon_performance_indexes.sql',        0, 1, NOW()),
  ('036_add_missing_recon_indexes.sql',            0, 1, NOW()),
  ('037_recon_audit_and_snapshots.sql',            0, 1, NOW()),
  ('038_backfill_data_quality.sql',                0, 1, NOW()),
  ('039_fix_recon_links_constraint_and_enum.sql',  0, 1, NOW()),
  ('040_recon_links_patient_support.sql',          0, 1, NOW()),
  ('041_create_od_patient_payments.sql',           0, 1, NOW()),
  ('042_era_consolidation.sql',                    0, 1, NOW()),
  ('043_add_contracted_fee_column.sql',            0, 1, NOW()),
  ('044_create_era_audit_events.sql',              0, 1, NOW()),
  ('045_create_cc_funding_tables.sql',             0, 1, NOW()),
  ('046_create_carecredit_tables.sql',             0, 1, NOW()),
  ('046_fix_cc_funding_txn_parent_ref.sql',        0, 1, NOW()),
  ('047_cc_chargebacks_adjustments.sql',           0, 1, NOW()),
  ('047_od_patient_payments_retref.sql',           0, 1, NOW()),
  ('048_cc_funding_txns_parent_retref.sql',        0, 1, NOW()),
  ('049_od_patient_payments_auth_code.sql',        0, 1, NOW()),
  ('050_recon_links_cc_carecredit.sql',            0, 1, NOW()),
  ('051_create_sunbit_tables.sql',                 0, 1, NOW()),
  ('052_recon_links_auto_amount_date_mismatch.sql',0, 1, NOW()),
  ('053_recon_links_cc_funding_batch.sql',         0, 1, NOW()),
  ('054_cc_funding_txns_denorm_funding_date.sql',  0, 1, NOW()),
  ('055_recon_links_auto_cc_batch_match_type.sql', 0, 1, NOW()),
  ('056_recon_links_auto_cc_monthly_fee_match_type.sql',0,1,NOW()),
  ('057_era_payments_no_deposit_expected.sql',     0, 1, NOW()),
  ('058_era_claims_secondary_awaiting_primary.sql',0, 1, NOW()),
  ('059_era_claims_cross_code_case.sql',           0, 1, NOW()),
  ('060_era_service_lines_excluded.sql',           0, 1, NOW()),
  ('061_era_claims_case_b_allocation.sql',         0, 1, NOW()),
  ('062_zuub_module_1_platform_setup.sql',         0, 1, NOW()),
  ('063_zuub_carry_forward_062_addenda.sql',       0, 1, NOW()),
  ('064_zuub_idempotency_keys.sql',                0, 1, NOW()),
  ('065_zuub_webhook_event_clinic_id.sql',         0, 1, NOW()),
  ('066_zuub_credential_vault_sync.sql',           0, 1, NOW()),
  ('067_zuub_iv_claims_webhook_config.sql',        0, 1, NOW()),
  ('068_zuub_audit_cleanup.sql',                   0, 1, NOW()),
  ('069_zuub_perf_indexes.sql',                    0, 1, NOW()),
  ('combined_002_006_quarterly_audit.sql',         0, 1, NOW()),
  ('remote_deposit.sql',                           0, 1, NOW());

SET FOREIGN_KEY_CHECKS = 1;

-- =====================================================================
-- SECTION 11: BANK RECONCILIATION SEED DATA (~458 rows)
-- Sourced from seed_recon_data.sql — Teller, deposits, checks,
-- CareCredit, Sunbit, remote deposits across a 6-month window.
-- =====================================================================
SET FOREIGN_KEY_CHECKS = 0;
SET @t = NOW();

-- 1. PRIMARY TELLER + BANK ACCOUNT
INSERT IGNORE INTO teller_bank_accounts
  (id, teller_account_id, teller_enrollment_id, teller_access_token,
   teller_institution_name, account_name, account_number_last4,
   account_type, account_subtype, currency, status, is_primary,
   balance_available, balance_ledger, balance_updated_at, last_poll_date,
   created_at, updated_at)
VALUES
  (1, 'tlr_acct_svdc_primary_001', 'enr_svdc_primary',
   'test_token_redacted', 'Wells Fargo', 'SVDC Operating Account',
   '4421', 'depository', 'checking', 'USD', 'active', 1,
   348721.55, 351200.00, NOW(), CURDATE(), NOW(), NOW());

INSERT IGNORE INTO bank_accounts
  (bank_account_id, account_name, account_number_last4, routing_number,
   teller_account_id, teller_enrollment_id, teller_access_token,
   teller_institution_name, account_type, account_subtype, currency,
   status, is_primary)
VALUES
  (1, 'SVDC Operating', '4421', '121000248',
   'tlr_acct_svdc_primary_001', 'enr_svdc_primary', 'test_token_redacted',
   'Wells Fargo', 'depository', 'checking', 'USD', 'active', 1);

-- 2. BANK TRANSACTIONS — 116 rows across Jan-May 2026
INSERT IGNORE INTO bank_transactions
  (transaction_id, teller_bank_account_id, teller_transaction_id, post_date,
   transaction_type, counterparty_name, amount, description,
   check_number, payer_tax_id, teller_status, teller_category, created_at, updated_at)
VALUES
  (1013, 1, 'tlr_txn_1013', '2026-01-01', 'insurance', 'AMERITAS LIFE INS', 5629.15, 'ACH CREDIT AMERITAS LIFE INS EFT', NULL, '47-0098400', 'posted', 'insurance', NOW(), NOW()),
  (1015, 1, 'tlr_txn_1015', '2026-01-01', 'insurance', 'AMERITAS LIFE INS', 4832.36, 'ACH CREDIT AMERITAS LIFE INS EFT', NULL, '47-0098400', 'posted', 'insurance', NOW(), NOW()),
  (1004, 1, 'tlr_txn_1004', '2026-01-03', 'insurance', 'PREMERA BLUE CROSS', 8335.69, 'ACH CREDIT PREMERA BLUE CROSS EFT', NULL, '91-0480450', 'posted', 'insurance', NOW(), NOW()),
  (1006, 1, 'tlr_txn_1006', '2026-01-04', 'insurance', 'CIGNA HEALTHCARE', 6300.22, 'ACH CREDIT CIGNA HEALTHCARE EFT', NULL, '06-1059331', 'posted', 'insurance', NOW(), NOW()),
  (1010, 1, 'tlr_txn_1010', '2026-01-05', 'credit_card', 'CARDCONNECT DEPOSIT', 2552.71, 'CARDCONNECT BATCH SETTLEMENT', NULL, NULL, 'posted', 'credit_card', NOW(), NOW()),
  (1002, 1, 'tlr_txn_1002', '2026-01-06', 'insurance', 'METLIFE DENTAL', 6160.01, 'ACH CREDIT METLIFE DENTAL EFT', NULL, '13-5581829', 'posted', 'insurance', NOW(), NOW()),
  (1005, 1, 'tlr_txn_1005', '2026-01-06', 'insurance', 'BLUE SHIELD OF CA', 3001.61, 'CHECK DEPOSIT BLUE SHIELD OF CA', '50001', '94-1156930', 'posted', 'insurance', NOW(), NOW()),
  (1014, 1, 'tlr_txn_1014', '2026-01-09', 'credit_card', 'CARDCONNECT DEPOSIT', 3688.49, 'CARDCONNECT BATCH SETTLEMENT', NULL, NULL, 'posted', 'credit_card', NOW(), NOW()),
  (1001, 1, 'tlr_txn_1001', '2026-01-13', 'insurance', 'DELTA DENTAL OF CA', 5176.21, 'ACH CREDIT DELTA DENTAL OF CA EFT', NULL, '94-3137605', 'posted', 'insurance', NOW(), NOW()),
  (1011, 1, 'tlr_txn_1011', '2026-01-13', 'insurance', 'BLUE SHIELD OF CA', 7638.45, 'ACH CREDIT BLUE SHIELD OF CA EFT', NULL, '94-1156930', 'posted', 'insurance', NOW(), NOW()),
  (1009, 1, 'tlr_txn_1009', '2026-01-15', 'credit_card', 'CARDCONNECT DEPOSIT', 3088.89, 'CARDCONNECT BATCH SETTLEMENT', NULL, NULL, 'posted', 'credit_card', NOW(), NOW()),
  (1008, 1, 'tlr_txn_1008', '2026-01-20', 'insurance', 'PREMERA BLUE CROSS', 6960.86, 'ACH CREDIT PREMERA BLUE CROSS EFT', NULL, '91-0480450', 'posted', 'insurance', NOW(), NOW()),
  (1007, 1, 'tlr_txn_1007', '2026-01-21', 'insurance', 'METLIFE DENTAL', 2295.01, 'CHECK DEPOSIT METLIFE DENTAL', '50002', '13-5581829', 'posted', 'insurance', NOW(), NOW()),
  (1017, 1, 'tlr_txn_1017', '2026-01-23', 'insurance', 'UNITED HEALTHCARE', 1215.71, 'ACH CREDIT UNITED HEALTHCARE EFT', NULL, '36-2739571', 'posted', 'insurance', NOW(), NOW()),
  (1012, 1, 'tlr_txn_1012', '2026-01-25', 'insurance', 'AMERITAS LIFE INS', 6626.60, 'ACH CREDIT AMERITAS LIFE INS EFT', NULL, '47-0098400', 'posted', 'insurance', NOW(), NOW()),
  (1016, 1, 'tlr_txn_1016', '2026-01-27', 'insurance', 'AETNA INC', 1391.31, 'ACH CREDIT AETNA INC EFT', NULL, '23-2229683', 'posted', 'insurance', NOW(), NOW()),
  (1000, 1, 'tlr_txn_1000', '2026-01-29', 'insurance', 'PRINCIPAL FIN GROUP', 3521.63, 'ACH CREDIT PRINCIPAL FIN GROUP EFT', NULL, '42-1520346', 'posted', 'insurance', NOW(), NOW()),
  (1003, 1, 'tlr_txn_1003', '2026-01-29', 'insurance', 'CIGNA HEALTHCARE', 6372.87, 'ACH CREDIT CIGNA HEALTHCARE EFT', NULL, '06-1059331', 'posted', 'insurance', NOW(), NOW()),
  (1031, 1, 'tlr_txn_1031', '2026-02-01', 'insurance', 'GUARDIAN LIFE INS', 1398.70, 'CHECK DEPOSIT GUARDIAN LIFE INS', '50006', '13-5123390', 'posted', 'insurance', NOW(), NOW()),
  (1032, 1, 'tlr_txn_1032', '2026-02-03', 'credit_card', 'CARDCONNECT DEPOSIT', 3772.69, 'CARDCONNECT BATCH SETTLEMENT', NULL, NULL, 'posted', 'credit_card', NOW(), NOW()),
  (1022, 1, 'tlr_txn_1022', '2026-02-04', 'insurance', 'UNITED HEALTHCARE', 5166.19, 'ACH CREDIT UNITED HEALTHCARE EFT', NULL, '36-2739571', 'posted', 'insurance', NOW(), NOW()),
  (1025, 1, 'tlr_txn_1025', '2026-02-04', 'insurance', 'CIGNA HEALTHCARE', 7637.71, 'ACH CREDIT CIGNA HEALTHCARE EFT', NULL, '06-1059331', 'posted', 'insurance', NOW(), NOW()),
  (1027, 1, 'tlr_txn_1027', '2026-02-05', 'insurance', 'UNITED HEALTHCARE', 8450.07, 'ACH CREDIT UNITED HEALTHCARE EFT', NULL, '36-2739571', 'posted', 'insurance', NOW(), NOW()),
  (1020, 1, 'tlr_txn_1020', '2026-02-06', 'check', 'Noah Fischer', 318.03, 'CHECK DEPOSIT PATIENT', '50003', NULL, 'posted', 'check', NOW(), NOW()),
  (1034, 1, 'tlr_txn_1034', '2026-02-07', 'insurance', 'AMERITAS LIFE INS', 3025.83, 'ACH CREDIT AMERITAS LIFE INS EFT', NULL, '47-0098400', 'posted', 'insurance', NOW(), NOW()),
  (1024, 1, 'tlr_txn_1024', '2026-02-09', 'insurance', 'METLIFE DENTAL', 7488.61, 'ACH CREDIT METLIFE DENTAL EFT', NULL, '13-5581829', 'posted', 'insurance', NOW(), NOW()),
  (1038, 1, 'tlr_txn_1038', '2026-02-10', 'insurance', 'DELTA DENTAL OF CA', 4146.83, 'ACH CREDIT DELTA DENTAL OF CA EFT', NULL, '94-3137605', 'posted', 'insurance', NOW(), NOW()),
  (1019, 1, 'tlr_txn_1019', '2026-02-11', 'transfer', 'INTERNAL TRANSFER', 3854.45, 'BOOK TRANSFER', NULL, NULL, 'posted', 'transfer', NOW(), NOW()),
  (1033, 1, 'tlr_txn_1033', '2026-02-12', 'insurance', 'PRINCIPAL FIN GROUP', 6229.66, 'ACH CREDIT PRINCIPAL FIN GROUP EFT', NULL, '42-1520346', 'posted', 'insurance', NOW(), NOW()),
  (1023, 1, 'tlr_txn_1023', '2026-02-15', 'check', 'Charlotte Martinez', 250.89, 'CHECK DEPOSIT PATIENT', '50004', NULL, 'posted', 'check', NOW(), NOW()),
  (1029, 1, 'tlr_txn_1029', '2026-02-17', 'credit_card', 'CARDCONNECT DEPOSIT', 1362.58, 'CARDCONNECT BATCH SETTLEMENT', NULL, NULL, 'posted', 'credit_card', NOW(), NOW()),
  (1035, 1, 'tlr_txn_1035', '2026-02-20', 'insurance', 'PREMERA BLUE CROSS', 1125.00, 'ACH CREDIT PREMERA BLUE CROSS EFT', NULL, '91-0480450', 'posted', 'insurance', NOW(), NOW()),
  (1039, 1, 'tlr_txn_1039', '2026-02-20', 'credit_card', 'CARDCONNECT DEPOSIT', 2059.93, 'CARDCONNECT BATCH SETTLEMENT', NULL, NULL, 'posted', 'credit_card', NOW(), NOW()),
  (1030, 1, 'tlr_txn_1030', '2026-02-21', 'insurance', 'PREMERA BLUE CROSS', 1036.54, 'CHECK DEPOSIT PREMERA BLUE CROSS', '50005', '91-0480450', 'posted', 'insurance', NOW(), NOW()),
  (1036, 1, 'tlr_txn_1036', '2026-02-21', 'insurance', 'UNITED HEALTHCARE', 2476.71, 'CHECK DEPOSIT UNITED HEALTHCARE', '50007', '36-2739571', 'posted', 'insurance', NOW(), NOW()),
  (1028, 1, 'tlr_txn_1028', '2026-02-23', 'credit_card', 'CARDCONNECT DEPOSIT', 4110.14, 'CARDCONNECT BATCH SETTLEMENT', NULL, NULL, 'posted', 'credit_card', NOW(), NOW()),
  (1021, 1, 'tlr_txn_1021', '2026-02-24', 'insurance', 'AETNA INC', 6673.70, 'ACH CREDIT AETNA INC EFT', NULL, '23-2229683', 'posted', 'insurance', NOW(), NOW()),
  (1026, 1, 'tlr_txn_1026', '2026-02-25', 'credit_card', 'CARDCONNECT DEPOSIT', 3257.27, 'CARDCONNECT BATCH SETTLEMENT', NULL, NULL, 'posted', 'credit_card', NOW(), NOW()),
  (1018, 1, 'tlr_txn_1018', '2026-02-26', 'insurance', 'PREMERA BLUE CROSS', 5640.17, 'ACH CREDIT PREMERA BLUE CROSS EFT', NULL, '91-0480450', 'posted', 'insurance', NOW(), NOW()),
  (1037, 1, 'tlr_txn_1037', '2026-02-26', 'insurance', 'GUARDIAN LIFE INS', 1721.11, 'ACH CREDIT GUARDIAN LIFE INS EFT', NULL, '13-5123390', 'posted', 'insurance', NOW(), NOW()),
  (1041, 1, 'tlr_txn_1041', '2026-03-01', 'insurance', 'PRINCIPAL FIN GROUP', 2919.45, 'ACH CREDIT PRINCIPAL FIN GROUP EFT', NULL, '42-1520346', 'posted', 'insurance', NOW(), NOW()),
  (1049, 1, 'tlr_txn_1049', '2026-03-02', 'insurance', 'BLUE SHIELD OF CA', 7163.94, 'ACH CREDIT BLUE SHIELD OF CA EFT', NULL, '94-1156930', 'posted', 'insurance', NOW(), NOW()),
  (1052, 1, 'tlr_txn_1052', '2026-03-02', 'insurance', 'CIGNA HEALTHCARE', 6028.95, 'ACH CREDIT CIGNA HEALTHCARE EFT', NULL, '06-1059331', 'posted', 'insurance', NOW(), NOW()),
  (1051, 1, 'tlr_txn_1051', '2026-03-03', 'transfer', 'INTERNAL TRANSFER', 1395.74, 'BOOK TRANSFER', NULL, NULL, 'posted', 'transfer', NOW(), NOW()),
  (1054, 1, 'tlr_txn_1054', '2026-03-03', 'credit_card', 'CARDCONNECT DEPOSIT', 2466.15, 'CARDCONNECT BATCH SETTLEMENT', NULL, NULL, 'posted', 'credit_card', NOW(), NOW()),
  (1061, 1, 'tlr_txn_1061', '2026-03-03', 'insurance', 'PRINCIPAL FIN GROUP', 5024.90, 'ACH CREDIT PRINCIPAL FIN GROUP EFT', NULL, '42-1520346', 'posted', 'insurance', NOW(), NOW()),
  (1044, 1, 'tlr_txn_1044', '2026-03-04', 'insurance', 'CIGNA HEALTHCARE', 3953.47, 'ACH CREDIT CIGNA HEALTHCARE EFT', NULL, '06-1059331', 'posted', 'insurance', NOW(), NOW()),
  (1046, 1, 'tlr_txn_1046', '2026-03-04', 'insurance', 'DELTA DENTAL OF CA', 6630.39, 'ACH CREDIT DELTA DENTAL OF CA EFT', NULL, '94-3137605', 'posted', 'insurance', NOW(), NOW()),
  (1042, 1, 'tlr_txn_1042', '2026-03-06', 'insurance', 'GUARDIAN LIFE INS', 5076.49, 'ACH CREDIT GUARDIAN LIFE INS EFT', NULL, '13-5123390', 'posted', 'insurance', NOW(), NOW()),
  (1059, 1, 'tlr_txn_1059', '2026-03-09', 'insurance', 'GUARDIAN LIFE INS', 553.05, 'CHECK DEPOSIT GUARDIAN LIFE INS', '50009', '13-5123390', 'posted', 'insurance', NOW(), NOW()),
  (1050, 1, 'tlr_txn_1050', '2026-03-10', 'insurance', 'GUARDIAN LIFE INS', 6864.10, 'ACH CREDIT GUARDIAN LIFE INS EFT', NULL, '13-5123390', 'posted', 'insurance', NOW(), NOW()),
  (1047, 1, 'tlr_txn_1047', '2026-03-11', 'insurance', 'UNITED HEALTHCARE', 2443.81, 'ACH CREDIT UNITED HEALTHCARE EFT', NULL, '36-2739571', 'posted', 'insurance', NOW(), NOW()),
  (1063, 1, 'tlr_txn_1063', '2026-03-12', 'insurance', 'UNITED HEALTHCARE', 1631.47, 'CHECK DEPOSIT UNITED HEALTHCARE', '50010', '36-2739571', 'posted', 'insurance', NOW(), NOW()),
  (1040, 1, 'tlr_txn_1040', '2026-03-14', 'insurance', 'CIGNA HEALTHCARE', 3780.42, 'ACH CREDIT CIGNA HEALTHCARE EFT', NULL, '06-1059331', 'posted', 'insurance', NOW(), NOW()),
  (1064, 1, 'tlr_txn_1064', '2026-03-15', 'credit_card', 'CARDCONNECT DEPOSIT', 2926.13, 'CARDCONNECT BATCH SETTLEMENT', NULL, NULL, 'posted', 'credit_card', NOW(), NOW()),
  (1043, 1, 'tlr_txn_1043', '2026-03-17', 'insurance', 'DELTA DENTAL OF CA', 2890.15, 'ACH CREDIT DELTA DENTAL OF CA EFT', NULL, '94-3137605', 'posted', 'insurance', NOW(), NOW()),
  (1055, 1, 'tlr_txn_1055', '2026-03-18', 'credit_card', 'CARDCONNECT DEPOSIT', 2837.03, 'CARDCONNECT BATCH SETTLEMENT', NULL, NULL, 'posted', 'credit_card', NOW(), NOW()),
  (1062, 1, 'tlr_txn_1062', '2026-03-18', 'insurance', 'GUARDIAN LIFE INS', 4718.79, 'ACH CREDIT GUARDIAN LIFE INS EFT', NULL, '13-5123390', 'posted', 'insurance', NOW(), NOW()),
  (1060, 1, 'tlr_txn_1060', '2026-03-22', 'insurance', 'UNITED HEALTHCARE', 7479.24, 'ACH CREDIT UNITED HEALTHCARE EFT', NULL, '36-2739571', 'posted', 'insurance', NOW(), NOW()),
  (1048, 1, 'tlr_txn_1048', '2026-03-25', 'insurance', 'PRINCIPAL FIN GROUP', 2628.24, 'ACH CREDIT PRINCIPAL FIN GROUP EFT', NULL, '42-1520346', 'posted', 'insurance', NOW(), NOW()),
  (1058, 1, 'tlr_txn_1058', '2026-03-25', 'insurance', 'AETNA INC', 6369.74, 'ACH CREDIT AETNA INC EFT', NULL, '23-2229683', 'posted', 'insurance', NOW(), NOW()),
  (1053, 1, 'tlr_txn_1053', '2026-03-28', 'check', 'Henry Nguyen', 411.62, 'CHECK DEPOSIT PATIENT', '50008', NULL, 'posted', 'check', NOW(), NOW()),
  (1056, 1, 'tlr_txn_1056', '2026-03-29', 'insurance', 'UNITED HEALTHCARE', 1245.79, 'ACH CREDIT UNITED HEALTHCARE EFT', NULL, '36-2739571', 'posted', 'insurance', NOW(), NOW()),
  (1057, 1, 'tlr_txn_1057', '2026-03-29', 'credit_card', 'CARDCONNECT DEPOSIT', 2379.68, 'CARDCONNECT BATCH SETTLEMENT', NULL, NULL, 'posted', 'credit_card', NOW(), NOW()),
  (1045, 1, 'tlr_txn_1045', '2026-03-30', 'credit_card', 'CARDCONNECT DEPOSIT', 2533.74, 'CARDCONNECT BATCH SETTLEMENT', NULL, NULL, 'posted', 'credit_card', NOW(), NOW()),
  (1065, 1, 'tlr_txn_1065', '2026-03-31', 'insurance', 'CIGNA HEALTHCARE', 6650.84, 'ACH CREDIT CIGNA HEALTHCARE EFT', NULL, '06-1059331', 'posted', 'insurance', NOW(), NOW()),
  (1086, 1, 'tlr_txn_1086', '2026-04-01', 'insurance', 'BLUE SHIELD OF CA', 6553.20, 'ACH CREDIT BLUE SHIELD OF CA EFT', NULL, '94-1156930', 'posted', 'insurance', NOW(), NOW()),
  (1066, 1, 'tlr_txn_1066', '2026-04-02', 'credit_card', 'CARDCONNECT DEPOSIT', 217.78, 'CARDCONNECT BATCH SETTLEMENT', NULL, NULL, 'posted', 'credit_card', NOW(), NOW()),
  (1081, 1, 'tlr_txn_1081', '2026-04-02', 'insurance', 'METLIFE DENTAL', 2801.29, 'ACH CREDIT METLIFE DENTAL EFT', NULL, '13-5581829', 'posted', 'insurance', NOW(), NOW()),
  (1094, 1, 'tlr_txn_1094', '2026-04-02', 'credit_card', 'CARDCONNECT DEPOSIT', 1489.15, 'CARDCONNECT BATCH SETTLEMENT', NULL, NULL, 'posted', 'credit_card', NOW(), NOW()),
  (1091, 1, 'tlr_txn_1091', '2026-04-03', 'insurance', 'GUARDIAN LIFE INS', 8215.67, 'ACH CREDIT GUARDIAN LIFE INS EFT', NULL, '13-5123390', 'posted', 'insurance', NOW(), NOW()),
  (1095, 1, 'tlr_txn_1095', '2026-04-05', 'credit_card', 'CARDCONNECT DEPOSIT', 1390.98, 'CARDCONNECT BATCH SETTLEMENT', NULL, NULL, 'posted', 'credit_card', NOW(), NOW()),
  (1080, 1, 'tlr_txn_1080', '2026-04-06', 'insurance', 'GUARDIAN LIFE INS', 6166.40, 'ACH CREDIT GUARDIAN LIFE INS EFT', NULL, '13-5123390', 'posted', 'insurance', NOW(), NOW()),
  (1087, 1, 'tlr_txn_1087', '2026-04-09', 'insurance', 'UNITED HEALTHCARE', 5960.78, 'ACH CREDIT UNITED HEALTHCARE EFT', NULL, '36-2739571', 'posted', 'insurance', NOW(), NOW()),
  (1090, 1, 'tlr_txn_1090', '2026-04-09', 'insurance', 'METLIFE DENTAL', 773.20, 'ACH CREDIT METLIFE DENTAL EFT', NULL, '13-5581829', 'posted', 'insurance', NOW(), NOW()),
  (1073, 1, 'tlr_txn_1073', '2026-04-10', 'insurance', 'PREMERA BLUE CROSS', 6722.50, 'ACH CREDIT PREMERA BLUE CROSS EFT', NULL, '91-0480450', 'posted', 'insurance', NOW(), NOW()),
  (1082, 1, 'tlr_txn_1082', '2026-04-10', 'insurance', 'AETNA INC', 1232.82, 'CHECK DEPOSIT AETNA INC', '50014', '23-2229683', 'posted', 'insurance', NOW(), NOW()),
  (1069, 1, 'tlr_txn_1069', '2026-04-11', 'insurance', 'DELTA DENTAL OF CA', 795.90, 'ACH CREDIT DELTA DENTAL OF CA EFT', NULL, '94-3137605', 'posted', 'insurance', NOW(), NOW()),
  (1070, 1, 'tlr_txn_1070', '2026-04-11', 'credit_card', 'CARDCONNECT DEPOSIT', 3596.35, 'CARDCONNECT BATCH SETTLEMENT', NULL, NULL, 'posted', 'credit_card', NOW(), NOW()),
  (1072, 1, 'tlr_txn_1072', '2026-04-12', 'insurance', 'METLIFE DENTAL', 4352.87, 'ACH CREDIT METLIFE DENTAL EFT', NULL, '13-5581829', 'posted', 'insurance', NOW(), NOW()),
  (1078, 1, 'tlr_txn_1078', '2026-04-12', 'transfer', 'INTERNAL TRANSFER', 3523.88, 'BOOK TRANSFER', NULL, NULL, 'posted', 'transfer', NOW(), NOW()),
  (1089, 1, 'tlr_txn_1089', '2026-04-12', 'insurance', 'PREMERA BLUE CROSS', 3850.01, 'ACH CREDIT PREMERA BLUE CROSS EFT', NULL, '91-0480450', 'posted', 'insurance', NOW(), NOW()),
  (1097, 1, 'tlr_txn_1097', '2026-04-15', 'insurance', 'PREMERA BLUE CROSS', 7940.25, 'ACH CREDIT PREMERA BLUE CROSS EFT', NULL, '91-0480450', 'posted', 'insurance', NOW(), NOW()),
  (1074, 1, 'tlr_txn_1074', '2026-04-16', 'insurance', 'PREMERA BLUE CROSS', 304.68, 'CHECK DEPOSIT PREMERA BLUE CROSS', '50011', '91-0480450', 'posted', 'insurance', NOW(), NOW()),
  (1092, 1, 'tlr_txn_1092', '2026-04-16', 'credit_card', 'CARDCONNECT DEPOSIT', 1897.83, 'CARDCONNECT BATCH SETTLEMENT', NULL, NULL, 'posted', 'credit_card', NOW(), NOW()),
  (1084, 1, 'tlr_txn_1084', '2026-04-21', 'credit_card', 'CARDCONNECT DEPOSIT', 336.55, 'CARDCONNECT BATCH SETTLEMENT', NULL, NULL, 'posted', 'credit_card', NOW(), NOW()),
  (1096, 1, 'tlr_txn_1096', '2026-04-21', 'insurance', 'DELTA DENTAL OF CA', 1994.47, 'ACH CREDIT DELTA DENTAL OF CA EFT', NULL, '94-3137605', 'posted', 'insurance', NOW(), NOW()),
  (1071, 1, 'tlr_txn_1071', '2026-04-22', 'credit_card', 'CARDCONNECT DEPOSIT', 1603.92, 'CARDCONNECT BATCH SETTLEMENT', NULL, NULL, 'posted', 'credit_card', NOW(), NOW()),
  (1093, 1, 'tlr_txn_1093', '2026-04-22', 'insurance', 'AMERITAS LIFE INS', 5259.94, 'ACH CREDIT AMERITAS LIFE INS EFT', NULL, '47-0098400', 'posted', 'insurance', NOW(), NOW()),
  (1085, 1, 'tlr_txn_1085', '2026-04-24', 'check', 'Mason Lopez', 198.11, 'CHECK DEPOSIT PATIENT', '50015', NULL, 'posted', 'check', NOW(), NOW()),
  (1079, 1, 'tlr_txn_1079', '2026-04-25', 'insurance', 'AETNA INC', 2403.95, 'CHECK DEPOSIT AETNA INC', '50013', '23-2229683', 'posted', 'insurance', NOW(), NOW()),
  (1083, 1, 'tlr_txn_1083', '2026-04-25', 'credit_card', 'CARDCONNECT DEPOSIT', 621.38, 'CARDCONNECT BATCH SETTLEMENT', NULL, NULL, 'posted', 'credit_card', NOW(), NOW()),
  (1076, 1, 'tlr_txn_1076', '2026-04-26', 'insurance', 'CIGNA HEALTHCARE', 3356.65, 'ACH CREDIT CIGNA HEALTHCARE EFT', NULL, '06-1059331', 'posted', 'insurance', NOW(), NOW()),
  (1067, 1, 'tlr_txn_1067', '2026-04-27', 'credit_card', 'CARDCONNECT DEPOSIT', 1179.28, 'CARDCONNECT BATCH SETTLEMENT', NULL, NULL, 'posted', 'credit_card', NOW(), NOW()),
  (1068, 1, 'tlr_txn_1068', '2026-04-28', 'insurance', 'GUARDIAN LIFE INS', 1244.13, 'ACH CREDIT GUARDIAN LIFE INS EFT', NULL, '13-5123390', 'posted', 'insurance', NOW(), NOW()),
  (1075, 1, 'tlr_txn_1075', '2026-04-30', 'insurance', 'DELTA DENTAL OF CA', 3773.33, 'ACH CREDIT DELTA DENTAL OF CA EFT', NULL, '94-3137605', 'posted', 'insurance', NOW(), NOW()),
  (1077, 1, 'tlr_txn_1077', '2026-04-30', 'insurance', 'AMERITAS LIFE INS', 1258.38, 'CHECK DEPOSIT AMERITAS LIFE INS', '50012', '47-0098400', 'posted', 'insurance', NOW(), NOW()),
  (1088, 1, 'tlr_txn_1088', '2026-04-30', 'insurance', 'DELTA DENTAL OF CA', 3493.42, 'ACH CREDIT DELTA DENTAL OF CA EFT', NULL, '94-3137605', 'posted', 'insurance', NOW(), NOW()),
  (1098, 1, 'tlr_txn_1098', '2026-05-01', 'insurance', 'DELTA DENTAL OF CA', 1600.92, 'ACH CREDIT DELTA DENTAL OF CA EFT', NULL, '94-3137605', 'posted', 'insurance', NOW(), NOW()),
  (1115, 1, 'tlr_txn_1115', '2026-05-01', 'insurance', 'BLUE SHIELD OF CA', 2434.56, 'ACH CREDIT BLUE SHIELD OF CA EFT', NULL, '94-1156930', 'posted', 'insurance', NOW(), NOW()),
  (1112, 1, 'tlr_txn_1112', '2026-05-03', 'insurance', 'UNITED HEALTHCARE', 3058.58, 'ACH CREDIT UNITED HEALTHCARE EFT', NULL, '36-2739571', 'posted', 'insurance', NOW(), NOW()),
  (1113, 1, 'tlr_txn_1113', '2026-05-03', 'insurance', 'METLIFE DENTAL', 7873.20, 'ACH CREDIT METLIFE DENTAL EFT', NULL, '13-5581829', 'posted', 'insurance', NOW(), NOW()),
  (1100, 1, 'tlr_txn_1100', '2026-05-04', 'insurance', 'BLUE SHIELD OF CA', 4333.59, 'ACH CREDIT BLUE SHIELD OF CA EFT', NULL, '94-1156930', 'posted', 'insurance', NOW(), NOW()),
  (1105, 1, 'tlr_txn_1105', '2026-05-04', 'insurance', 'PREMERA BLUE CROSS', 2749.81, 'CHECK DEPOSIT PREMERA BLUE CROSS', '50016', '91-0480450', 'posted', 'insurance', NOW(), NOW()),
  (1106, 1, 'tlr_txn_1106', '2026-05-04', 'insurance', 'PREMERA BLUE CROSS', 781.71, 'CHECK DEPOSIT PREMERA BLUE CROSS', '50017', '91-0480450', 'posted', 'insurance', NOW(), NOW()),
  (1111, 1, 'tlr_txn_1111', '2026-05-04', 'insurance', 'PRINCIPAL FIN GROUP', 1110.15, 'CHECK DEPOSIT PRINCIPAL FIN GROUP', '50020', '42-1520346', 'posted', 'insurance', NOW(), NOW()),
  (1099, 1, 'tlr_txn_1099', '2026-05-05', 'credit_card', 'CARDCONNECT DEPOSIT', 1886.39, 'CARDCONNECT BATCH SETTLEMENT', NULL, NULL, 'posted', 'credit_card', NOW(), NOW()),
  (1110, 1, 'tlr_txn_1110', '2026-05-06', 'insurance', 'AETNA INC', 7196.06, 'ACH CREDIT AETNA INC EFT', NULL, '23-2229683', 'posted', 'insurance', NOW(), NOW()),
  (1101, 1, 'tlr_txn_1101', '2026-05-07', 'insurance', 'AMERITAS LIFE INS', 2765.60, 'ACH CREDIT AMERITAS LIFE INS EFT', NULL, '47-0098400', 'posted', 'insurance', NOW(), NOW()),
  (1102, 1, 'tlr_txn_1102', '2026-05-07', 'insurance', 'PRINCIPAL FIN GROUP', 6877.22, 'ACH CREDIT PRINCIPAL FIN GROUP EFT', NULL, '42-1520346', 'posted', 'insurance', NOW(), NOW()),
  (1103, 1, 'tlr_txn_1103', '2026-05-07', 'credit_card', 'CARDCONNECT DEPOSIT', 2133.37, 'CARDCONNECT BATCH SETTLEMENT', NULL, NULL, 'posted', 'credit_card', NOW(), NOW()),
  (1108, 1, 'tlr_txn_1108', '2026-05-07', 'insurance', 'AETNA INC', 978.04, 'ACH CREDIT AETNA INC EFT', NULL, '23-2229683', 'posted', 'insurance', NOW(), NOW()),
  (1107, 1, 'tlr_txn_1107', '2026-05-09', 'insurance', 'BLUE SHIELD OF CA', 1816.04, 'CHECK DEPOSIT BLUE SHIELD OF CA', '50018', '94-1156930', 'posted', 'insurance', NOW(), NOW()),
  (1109, 1, 'tlr_txn_1109', '2026-05-11', 'insurance', 'BLUE SHIELD OF CA', 273.86, 'CHECK DEPOSIT BLUE SHIELD OF CA', '50019', '94-1156930', 'posted', 'insurance', NOW(), NOW()),
  (1114, 1, 'tlr_txn_1114', '2026-05-11', 'insurance', 'GUARDIAN LIFE INS', 8352.79, 'ACH CREDIT GUARDIAN LIFE INS EFT', NULL, '13-5123390', 'posted', 'insurance', NOW(), NOW()),
  (1104, 1, 'tlr_txn_1104', '2026-05-12', 'insurance', 'PREMERA BLUE CROSS', 8057.20, 'ACH CREDIT PREMERA BLUE CROSS EFT', NULL, '91-0480450', 'posted', 'insurance', NOW(), NOW());

-- 3. RECON DAILY STATUS — one row per business day Jan-May 2026
INSERT IGNORE INTO recon_daily_status
  (recon_date, teller_account_id, bank_deposit_count, bank_deposit_total,
   od_payment_count, od_payment_total, matched_count, matched_total,
   difference, status, has_exceptions, reconciled_by, reconciled_at, last_calculated_at)
VALUES
  ('2026-01-01', 'tlr_acct_svdc_primary_001', 2, 10461.51, 2, 10604.00, 2, 9559.14, -142.49, 'partial', 0, NULL, NULL, NOW()),
  ('2026-01-06', 'tlr_acct_svdc_primary_001', 2, 9161.62, 2, 9185.09, 2, 8273.09, -23.47, 'partial', 0, NULL, NULL, NOW()),
  ('2026-01-13', 'tlr_acct_svdc_primary_001', 2, 12814.66, 2, 12328.22, 2, 11705.95, 486.44, 'partial', 0, NULL, NULL, NOW()),
  ('2026-01-20', 'tlr_acct_svdc_primary_001', 1, 6960.86, 2, 6940.39, 1, 6324.49, 20.47, 'partial', 1, NULL, NULL, NOW()),
  ('2026-01-21', 'tlr_acct_svdc_primary_001', 1, 2295.01, 1, 2321.76, 0, 2106.28, -26.75, 'unreconciled', 0, NULL, NULL, NOW()),
  ('2026-01-23', 'tlr_acct_svdc_primary_001', 1, 1215.71, 1, 1236.60, 1, 1178.75, -20.89, 'partial', 0, NULL, NULL, NOW()),
  ('2026-01-27', 'tlr_acct_svdc_primary_001', 1, 1391.31, 0, 1406.39, 0, 1258.00, -15.08, 'unreconciled', 0, NULL, NULL, NOW()),
  ('2026-01-29', 'tlr_acct_svdc_primary_001', 2, 9894.50, 2, 9425.12, 2, 9693.85, 469.38, 'partial', 0, NULL, NULL, NOW()),
  ('2026-02-04', 'tlr_acct_svdc_primary_001', 2, 12803.90, 2, 12233.25, 2, 12049.48, 570.65, 'partial', 1, NULL, NULL, NOW()),
  ('2026-02-05', 'tlr_acct_svdc_primary_001', 1, 8450.07, 1, 8042.84, 1, 8005.48, 407.23, 'partial', 1, NULL, NULL, NOW()),
  ('2026-02-06', 'tlr_acct_svdc_primary_001', 1, 318.03, 1, 317.05, 0, 294.66, 0.98, 'unreconciled', 0, NULL, NULL, NOW()),
  ('2026-02-09', 'tlr_acct_svdc_primary_001', 1, 7488.61, 2, 7571.43, 1, 7050.44, -82.82, 'partial', 1, NULL, NULL, NOW()),
  ('2026-02-10', 'tlr_acct_svdc_primary_001', 1, 4146.83, 1, 3945.41, 0, 3972.58, 201.42, 'unreconciled', 0, NULL, NULL, NOW()),
  ('2026-02-12', 'tlr_acct_svdc_primary_001', 1, 6229.66, 2, 6128.21, 0, 6064.10, 101.45, 'unreconciled', 0, NULL, NULL, NOW()),
  ('2026-02-20', 'tlr_acct_svdc_primary_001', 1, 1125.00, 1, 1156.91, 1, 1085.48, -31.91, 'partial', 0, NULL, NULL, NOW()),
  ('2026-02-24', 'tlr_acct_svdc_primary_001', 1, 6673.70, 1, 6536.23, 1, 6458.89, 137.47, 'partial', 0, NULL, NULL, NOW()),
  ('2026-02-26', 'tlr_acct_svdc_primary_001', 2, 7361.28, 2, 7146.93, 2, 6638.43, 214.35, 'partial', 0, NULL, NULL, NOW()),
  ('2026-03-02', 'tlr_acct_svdc_primary_001', 2, 13192.89, 2, 12728.31, 2, 12812.00, 464.58, 'partial', 1, NULL, NULL, NOW()),
  ('2026-03-03', 'tlr_acct_svdc_primary_001', 1, 5024.90, 0, 5169.23, 0, 4770.10, -144.33, 'unreconciled', 0, NULL, NULL, NOW()),
  ('2026-03-04', 'tlr_acct_svdc_primary_001', 2, 10583.86, 2, 10570.32, 2, 9617.38, 13.54, 'partial', 1, NULL, NULL, NOW()),
  ('2026-03-06', 'tlr_acct_svdc_primary_001', 1, 5076.49, 0, 5211.43, 0, 4641.82, -134.94, 'unreconciled', 0, NULL, NULL, NOW()),
  ('2026-03-09', 'tlr_acct_svdc_primary_001', 1, 553.05, 2, 532.60, 1, 501.60, 20.45, 'partial', 0, NULL, NULL, NOW()),
  ('2026-03-10', 'tlr_acct_svdc_primary_001', 1, 6864.10, 1, 6595.95, 1, 6245.51, 268.15, 'partial', 0, NULL, NULL, NOW()),
  ('2026-03-11', 'tlr_acct_svdc_primary_001', 1, 2443.81, 1, 2329.73, 0, 2334.73, 114.08, 'unreconciled', 0, NULL, NULL, NOW()),
  ('2026-03-12', 'tlr_acct_svdc_primary_001', 1, 1631.47, 1, 1611.42, 1, 1538.58, 20.05, 'partial', 0, NULL, NULL, NOW()),
  ('2026-03-17', 'tlr_acct_svdc_primary_001', 1, 2890.15, 1, 2816.73, 1, 2699.87, 73.42, 'partial', 0, NULL, NULL, NOW()),
  ('2026-03-18', 'tlr_acct_svdc_primary_001', 1, 4718.79, 2, 4803.69, 1, 4541.19, -84.90, 'partial', 0, NULL, NULL, NOW()),
  ('2026-03-25', 'tlr_acct_svdc_primary_001', 2, 8997.98, 2, 9108.01, 2, 8314.98, -110.03, 'partial', 0, NULL, NULL, NOW()),
  ('2026-03-31', 'tlr_acct_svdc_primary_001', 1, 6650.84, 2, 6533.13, 1, 6401.65, 117.71, 'partial', 0, NULL, NULL, NOW()),
  ('2026-04-01', 'tlr_acct_svdc_primary_001', 1, 6553.20, 1, 6836.87, 1, 5920.68, -283.67, 'partial', 0, NULL, NULL, NOW()),
  ('2026-04-02', 'tlr_acct_svdc_primary_001', 1, 2801.29, 0, 2843.61, 0, 2546.04, -42.32, 'unreconciled', 0, NULL, NULL, NOW()),
  ('2026-04-03', 'tlr_acct_svdc_primary_001', 1, 8215.67, 1, 7969.94, 1, 7719.10, 245.73, 'partial', 1, NULL, NULL, NOW()),
  ('2026-04-06', 'tlr_acct_svdc_primary_001', 1, 6166.40, 0, 6275.62, 0, 5612.70, -109.22, 'unreconciled', 0, NULL, NULL, NOW()),
  ('2026-04-09', 'tlr_acct_svdc_primary_001', 2, 6733.98, 2, 6813.83, 2, 6514.65, -79.85, 'partial', 1, NULL, NULL, NOW()),
  ('2026-04-10', 'tlr_acct_svdc_primary_001', 2, 7955.32, 2, 7960.55, 2, 7687.30, -5.23, 'partial', 0, NULL, NULL, NOW()),
  ('2026-04-15', 'tlr_acct_svdc_primary_001', 1, 7940.25, 0, 7558.85, 0, 7328.75, 381.40, 'unreconciled', 0, NULL, NULL, NOW()),
  ('2026-04-16', 'tlr_acct_svdc_primary_001', 1, 304.68, 1, 314.78, 1, 277.70, -10.10, 'partial', 0, NULL, NULL, NOW()),
  ('2026-04-21', 'tlr_acct_svdc_primary_001', 1, 1994.47, 1, 2075.99, 0, 1830.11, -81.52, 'unreconciled', 0, NULL, NULL, NOW()),
  ('2026-04-22', 'tlr_acct_svdc_primary_001', 1, 5259.94, 1, 5239.11, 1, 4986.54, 20.83, 'partial', 1, NULL, NULL, NOW()),
  ('2026-04-24', 'tlr_acct_svdc_primary_001', 1, 198.11, 2, 191.01, 1, 188.84, 7.10, 'partial', 0, NULL, NULL, NOW()),
  ('2026-04-28', 'tlr_acct_svdc_primary_001', 1, 1244.13, 1, 1244.73, 1, 1126.15, -0.60, 'partial', 0, NULL, NULL, NOW()),
  ('2026-04-30', 'tlr_acct_svdc_primary_001', 3, 8525.13, 3, 8100.97, 3, 7784.19, 424.16, 'partial', 1, NULL, NULL, NOW()),
  ('2026-05-01', 'tlr_acct_svdc_primary_001', 2, 4035.48, 2, 3993.59, 2, 3744.54, 41.89, 'partial', 0, NULL, NULL, NOW()),
  ('2026-05-04', 'tlr_acct_svdc_primary_001', 4, 8975.26, 4, 8738.51, 4, 8256.36, 236.75, 'partial', 0, NULL, NULL, NOW()),
  ('2026-05-06', 'tlr_acct_svdc_primary_001', 1, 7196.06, 1, 7351.64, 1, 6754.58, -155.58, 'partial', 0, NULL, NULL, NOW()),
  ('2026-05-07', 'tlr_acct_svdc_primary_001', 3, 10620.86, 3, 10183.38, 3, 10291.64, 437.48, 'partial', 1, NULL, NULL, NOW()),
  ('2026-05-11', 'tlr_acct_svdc_primary_001', 2, 8626.65, 1, 9003.66, 1, 7835.75, -377.01, 'partial', 0, NULL, NULL, NOW()),
  ('2026-05-12', 'tlr_acct_svdc_primary_001', 1, 8057.20, 1, 8364.65, 1, 7385.89, -307.45, 'partial', 0, NULL, NULL, NOW());

-- 4. RECON MONTHLY STATUS — Jan-Jun 2026
INSERT IGNORE INTO recon_monthly_status
  (month, teller_account_id, status, closed_by, closed_at, notes, last_verified_at, created_at, updated_at)
VALUES
  ('2026-01', 'tlr_acct_svdc_primary_001', 'closed', 'matthew', '2026-02-05 16:30:00', 'Closed after final EFT recon — all CC batches accounted for.', '2026-02-05 16:25:00', NOW(), NOW()),
  ('2026-02', 'tlr_acct_svdc_primary_001', 'closed', 'gary', '2026-03-04 11:12:00', 'Closed; 2 manual adjustments documented.', '2026-03-04 11:10:00', NOW(), NOW()),
  ('2026-03', 'tlr_acct_svdc_primary_001', 'closed', 'matthew', '2026-04-03 14:45:00', 'Closed.', '2026-04-03 14:40:00', NOW(), NOW()),
  ('2026-04', 'tlr_acct_svdc_primary_001', 'fully_reconciled', NULL, NULL, 'Ready for close — pending one CC chargeback reconciliation.', '2026-05-02 09:30:00', NOW(), NOW()),
  ('2026-05', 'tlr_acct_svdc_primary_001', 'in_progress', NULL, NULL, NULL, NULL, NOW(), NOW()),
  ('2026-06', 'tlr_acct_svdc_primary_001', 'in_progress', NULL, NULL, NULL, NULL, NOW(), NOW());

-- 5. RECON LINKS — ~80 successful matches
INSERT IGNORE INTO recon_links
  (bank_transaction_id, od_claimpayment_id, matched_amount, match_type, match_confidence, matched_by_user_id, note, matched_at)
VALUES
  (1013, 100000, 5629.15, 'manual', 0.84, 13, 'Manually linked — check #N/A', DATE_ADD('2026-01-01', INTERVAL 2 DAY)),
  (1015, 100001, 4832.36, 'auto_check_number', 0.98, 15, NULL, DATE_ADD('2026-01-01', INTERVAL 2 DAY)),
  (1006, 100002, 6300.22, 'auto_amount', 0.91, 14, NULL, DATE_ADD('2026-01-04', INTERVAL 1 DAY)),
  (1002, 100003, 6160.01, 'manual', 0.94, 15, 'Manually linked — check #N/A', DATE_ADD('2026-01-06', INTERVAL 2 DAY)),
  (1005, 100004, 3001.61, 'manual', 0.96, 13, 'Manually linked — check #50001', DATE_ADD('2026-01-06', INTERVAL 1 DAY)),
  (1001, 100005, 5176.21, 'auto_amount', 0.84, 15, NULL, DATE_ADD('2026-01-13', INTERVAL 2 DAY)),
  (1011, 100006, 7638.45, 'auto_amount', 0.94, 15, NULL, DATE_ADD('2026-01-13', INTERVAL 1 DAY)),
  (1008, 100007, 6960.86, 'auto_amount', 0.88, 14, NULL, DATE_ADD('2026-01-20', INTERVAL 1 DAY)),
  (1017, 100008, 1215.71, 'auto_amount', 0.87, 14, NULL, DATE_ADD('2026-01-23', INTERVAL 0 DAY)),
  (1012, 100009, 6626.60, 'auto_check_number', 0.85, 14, NULL, DATE_ADD('2026-01-25', INTERVAL 0 DAY)),
  (1016, 100010, 1391.31, 'auto_check_number', 0.94, 14, NULL, DATE_ADD('2026-01-27', INTERVAL 0 DAY)),
  (1000, 100011, 3521.63, 'auto_amount', 0.98, 14, NULL, DATE_ADD('2026-01-29', INTERVAL 0 DAY)),
  (1003, 100012, 6372.87, 'auto_check_number', 0.85, 13, NULL, DATE_ADD('2026-01-29', INTERVAL 1 DAY)),
  (1031, 100013, 1398.70, 'auto_amount', 0.84, 13, NULL, DATE_ADD('2026-02-01', INTERVAL 2 DAY)),
  (1022, 100014, 5166.19, 'auto_check_number', 0.90, 15, NULL, DATE_ADD('2026-02-04', INTERVAL 1 DAY)),
  (1025, 100015, 7637.71, 'auto_check_number', 0.90, 13, NULL, DATE_ADD('2026-02-04', INTERVAL 0 DAY)),
  (1027, 100016, 8450.07, 'auto_amount', 0.97, 15, NULL, DATE_ADD('2026-02-05', INTERVAL 1 DAY)),
  (1034, 100017, 3025.83, 'auto_amount', 0.82, 13, NULL, DATE_ADD('2026-02-07', INTERVAL 2 DAY)),
  (1024, 100018, 7488.61, 'manual', 0.96, 13, 'Manually linked — check #N/A', DATE_ADD('2026-02-09', INTERVAL 1 DAY)),
  (1038, 100019, 4146.83, 'auto_check_number', 0.84, 15, NULL, DATE_ADD('2026-02-10', INTERVAL 0 DAY)),
  (1035, 100020, 1125.00, 'auto_amount', 0.81, 13, NULL, DATE_ADD('2026-02-20', INTERVAL 0 DAY)),
  (1030, 100021, 1036.54, 'auto_check_number', 0.92, 14, NULL, DATE_ADD('2026-02-21', INTERVAL 2 DAY)),
  (1036, 100022, 2476.71, 'manual', 0.93, 15, 'Manually linked — check #50007', DATE_ADD('2026-02-21', INTERVAL 1 DAY)),
  (1021, 100023, 6673.70, 'auto_check_number', 0.98, 13, NULL, DATE_ADD('2026-02-24', INTERVAL 0 DAY)),
  (1037, 100024, 1721.11, 'auto_check_number', 0.87, 14, NULL, DATE_ADD('2026-02-26', INTERVAL 1 DAY)),
  (1041, 100025, 2919.45, 'auto_check_number', 0.97, 15, NULL, DATE_ADD('2026-03-01', INTERVAL 2 DAY)),
  (1049, 100026, 7163.94, 'auto_check_number', 0.86, 15, NULL, DATE_ADD('2026-03-02', INTERVAL 2 DAY)),
  (1052, 100027, 6028.95, 'manual', 0.91, 15, 'Manually linked — check #N/A', DATE_ADD('2026-03-02', INTERVAL 0 DAY)),
  (1042, 100028, 5076.49, 'auto_amount', 0.83, 13, NULL, DATE_ADD('2026-03-06', INTERVAL 0 DAY)),
  (1059, 100029, 553.05, 'auto_check_number', 0.92, 15, NULL, DATE_ADD('2026-03-09', INTERVAL 2 DAY)),
  (1050, 100030, 6864.10, 'auto_check_number', 0.92, 14, NULL, DATE_ADD('2026-03-10', INTERVAL 0 DAY)),
  (1047, 100031, 2443.81, 'auto_check_number', 0.92, 15, NULL, DATE_ADD('2026-03-11', INTERVAL 1 DAY)),
  (1063, 100032, 1631.47, 'auto_amount', 0.83, 14, NULL, DATE_ADD('2026-03-12', INTERVAL 0 DAY)),
  (1040, 100033, 3780.42, 'auto_amount', 0.92, 15, NULL, DATE_ADD('2026-03-14', INTERVAL 2 DAY)),
  (1043, 100034, 2890.15, 'auto_check_number', 0.84, 14, NULL, DATE_ADD('2026-03-17', INTERVAL 2 DAY)),
  (1062, 100035, 4718.79, 'auto_check_number', 0.87, 14, NULL, DATE_ADD('2026-03-18', INTERVAL 2 DAY)),
  (1060, 100036, 7479.24, 'manual', 0.94, 14, 'Manually linked — check #N/A', DATE_ADD('2026-03-22', INTERVAL 2 DAY)),
  (1048, 100037, 2628.24, 'auto_check_number', 0.91, 13, NULL, DATE_ADD('2026-03-25', INTERVAL 1 DAY)),
  (1056, 100038, 1245.79, 'auto_amount', 0.92, 13, NULL, DATE_ADD('2026-03-29', INTERVAL 2 DAY)),
  (1065, 100039, 6650.84, 'auto_check_number', 0.97, 14, NULL, DATE_ADD('2026-03-31', INTERVAL 1 DAY)),
  (1086, 100040, 6553.20, 'manual', 0.98, 15, 'Manually linked — check #N/A', DATE_ADD('2026-04-01', INTERVAL 0 DAY)),
  (1081, 100041, 2801.29, 'auto_amount', 0.85, 13, NULL, DATE_ADD('2026-04-02', INTERVAL 2 DAY)),
  (1087, 100042, 5960.78, 'manual', 0.83, 14, 'Manually linked — check #N/A', DATE_ADD('2026-04-09', INTERVAL 2 DAY)),
  (1082, 100043, 1232.82, 'auto_amount', 0.96, 15, NULL, DATE_ADD('2026-04-10', INTERVAL 0 DAY)),
  (1069, 100044, 795.90, 'manual', 0.85, 13, 'Manually linked — check #N/A', DATE_ADD('2026-04-11', INTERVAL 2 DAY)),
  (1072, 100045, 4352.87, 'manual', 0.90, 13, 'Manually linked — check #N/A', DATE_ADD('2026-04-12', INTERVAL 1 DAY)),
  (1089, 100046, 3850.01, 'auto_amount', 0.88, 13, NULL, DATE_ADD('2026-04-12', INTERVAL 0 DAY)),
  (1097, 100047, 7940.25, 'auto_check_number', 0.93, 15, NULL, DATE_ADD('2026-04-15', INTERVAL 2 DAY)),
  (1074, 100048, 304.68, 'auto_check_number', 0.81, 15, NULL, DATE_ADD('2026-04-16', INTERVAL 2 DAY)),
  (1096, 100049, 1994.47, 'auto_amount', 0.89, 13, NULL, DATE_ADD('2026-04-21', INTERVAL 1 DAY)),
  (1093, 100050, 5259.94, 'manual', 0.83, 14, 'Manually linked — check #N/A', DATE_ADD('2026-04-22', INTERVAL 1 DAY)),
  (1079, 100051, 2403.95, 'auto_amount', 0.83, 14, NULL, DATE_ADD('2026-04-25', INTERVAL 0 DAY)),
  (1076, 100052, 3356.65, 'auto_check_number', 0.96, 13, NULL, DATE_ADD('2026-04-26', INTERVAL 1 DAY)),
  (1068, 100053, 1244.13, 'auto_amount', 0.95, 15, NULL, DATE_ADD('2026-04-28', INTERVAL 0 DAY)),
  (1075, 100054, 3773.33, 'manual', 0.97, 14, 'Manually linked — check #N/A', DATE_ADD('2026-04-30', INTERVAL 2 DAY)),
  (1077, 100055, 1258.38, 'auto_check_number', 0.95, 14, NULL, DATE_ADD('2026-04-30', INTERVAL 0 DAY)),
  (1088, 100056, 3493.42, 'auto_check_number', 0.86, 15, NULL, DATE_ADD('2026-04-30', INTERVAL 1 DAY)),
  (1098, 100057, 1600.92, 'auto_amount', 0.96, 15, NULL, DATE_ADD('2026-05-01', INTERVAL 1 DAY)),
  (1115, 100058, 2434.56, 'auto_amount', 0.99, 13, NULL, DATE_ADD('2026-05-01', INTERVAL 2 DAY)),
  (1112, 100059, 3058.58, 'auto_amount', 0.91, 13, NULL, DATE_ADD('2026-05-03', INTERVAL 0 DAY)),
  (1113, 100060, 7873.20, 'auto_amount', 1.00, 15, NULL, DATE_ADD('2026-05-03', INTERVAL 0 DAY)),
  (1100, 100061, 4333.59, 'auto_amount', 0.96, 14, NULL, DATE_ADD('2026-05-04', INTERVAL 0 DAY)),
  (1105, 100062, 2749.81, 'auto_check_number', 0.97, 14, NULL, DATE_ADD('2026-05-04', INTERVAL 1 DAY)),
  (1111, 100063, 1110.15, 'auto_check_number', 0.96, 15, NULL, DATE_ADD('2026-05-04', INTERVAL 1 DAY)),
  (1110, 100064, 7196.06, 'auto_check_number', 0.95, 14, NULL, DATE_ADD('2026-05-06', INTERVAL 2 DAY)),
  (1101, 100065, 2765.60, 'manual', 0.92, 15, 'Manually linked — check #N/A', DATE_ADD('2026-05-07', INTERVAL 2 DAY)),
  (1102, 100066, 6877.22, 'auto_check_number', 0.92, 15, NULL, DATE_ADD('2026-05-07', INTERVAL 1 DAY)),
  (1108, 100067, 978.04, 'auto_check_number', 0.96, 14, NULL, DATE_ADD('2026-05-07', INTERVAL 0 DAY)),
  (1107, 100068, 1816.04, 'auto_amount', 0.91, 13, NULL, DATE_ADD('2026-05-09', INTERVAL 2 DAY)),
  (1109, 100069, 273.86, 'auto_amount', 0.82, 13, NULL, DATE_ADD('2026-05-11', INTERVAL 0 DAY)),
  (1114, 100070, 8352.79, 'auto_amount', 0.92, 14, NULL, DATE_ADD('2026-05-11', INTERVAL 2 DAY)),
  (1104, 100071, 8057.20, 'auto_check_number', 1.00, 15, NULL, DATE_ADD('2026-05-12', INTERVAL 0 DAY));

-- 6. RECON EXCEPTIONS — ~15 amount mismatches (mix of resolved/open)
INSERT IGNORE INTO recon_exceptions
  (bank_transaction_id, exception_type, bank_amount, od_amount, check_number, reason, resolved, resolved_by_user_id, resolved_at, created_at)
VALUES
  (1016, 'amount_mismatch', 1391.31, 1275.85, NULL, 'Partial payment posted in OD; bank shows full', 0, NULL, NULL, '2026-01-27 09:00:00'),
  (1025, 'amount_mismatch', 7637.71, 6627.54, NULL, 'Bank deposit higher than OD payment — possible split claim', 0, NULL, NULL, '2026-02-04 09:00:00'),
  (1065, 'amount_mismatch', 6650.84, 5704.97, NULL, 'OD payment higher than bank deposit — check carrier statement', 0, NULL, NULL, '2026-03-31 09:00:00'),
  (1090, 'amount_mismatch', 773.20, 716.55, NULL, 'Amount mismatch from PI-45 adjustment', 0, NULL, NULL, '2026-04-09 09:00:00'),
  (1076, 'amount_mismatch', 3356.65, 3098.65, NULL, 'OD payment higher than bank deposit — check carrier statement', 0, NULL, NULL, '2026-04-26 09:00:00'),
  (1075, 'amount_mismatch', 3773.33, 3506.98, NULL, 'OD payment higher than bank deposit — check carrier statement', 1, 15, DATE_ADD('2026-04-30', INTERVAL 3 DAY), '2026-04-30 09:00:00'),
  (1105, 'amount_mismatch', 2749.81, 2476.22, '50016', 'Amount mismatch from PI-45 adjustment', 0, NULL, NULL, '2026-05-04 09:00:00'),
  (1108, 'amount_mismatch', 978.04, 913.82, NULL, 'Amount mismatch from PI-45 adjustment', 1, 14, DATE_ADD('2026-05-07', INTERVAL 7 DAY), '2026-05-07 09:00:00'),
  (1114, 'amount_mismatch', 8352.79, 7125.31, NULL, 'OD payment higher than bank deposit — check carrier statement', 1, 15, DATE_ADD('2026-05-11', INTERVAL 2 DAY), '2026-05-11 09:00:00');

-- 7. CC FUNDING RECORDS — monthly batches Jan-May 2026
INSERT IGNORE INTO cc_funding_records
  (funding_id, funding_master_id, funding_date, merchid, net_sales, total_funding,
   fee, reversal, interchange_fee, service_charge, adjustment, currency,
   date_added, date_changed)
VALUES
  ('cc_fund_seed_001', 'cc_fund_seed_001_master', '2026-01-28', '887766554433', 8490.05, 8277.80, 212.25, 0.00, 127.35, 42.45, 0.00, 'USD', '2026-01-28', '2026-01-28'),
  ('cc_fund_seed_002', 'cc_fund_seed_002_master', '2026-02-28', '887766554433', 12449.18, 12137.95, 311.23, 0.00, 186.74, 62.25, 0.00, 'USD', '2026-02-28', '2026-02-28'),
  ('cc_fund_seed_003', 'cc_fund_seed_003_master', '2026-03-28', '887766554433', 10552.21, 10288.40, 263.81, 0.00, 158.28, 52.76, 0.00, 'USD', '2026-03-28', '2026-03-28'),
  ('cc_fund_seed_004', 'cc_fund_seed_004_master', '2026-04-28', '887766554433', 18438.06, 17977.11, 460.95, 0.00, 276.57, 92.19, 0.00, 'USD', '2026-04-28', '2026-04-28'),
  ('cc_fund_seed_005', 'cc_fund_seed_005_master', '2026-05-13', '887766554433', 21897.67, 21350.23, 547.44, 0.00, 328.47, 109.49, 0.00, 'USD', '2026-05-13', '2026-05-13');

-- 8. CC FUNDING TXNS — ~50 individual card transactions
INSERT IGNORE INTO cc_funding_txns
  (funding_txn_id, funding_id, retref, amount, card_type, card_brand,
   card_number, txn_type, txn_status, auth_code, txn_date, funding_date, currency)
VALUES
  ('ftx_000001', 'cc_fund_seed_001', 'RR000002', 612.63, 'DISC', 'Discover', '****5864', 'Sale', 'Approved', '703819', '20260116', '2026-01-28', 'USD'),
  ('ftx_000002', 'cc_fund_seed_001', 'RR000003', 314.50, 'VISA', 'Visa', '****3007', 'Sale', 'Approved', '668389', '20260116', '2026-01-28', 'USD'),
  ('ftx_000003', 'cc_fund_seed_001', 'RR000004', 312.74, 'VISA', 'Visa', '****1341', 'Sale', 'Approved', '816549', '20260107', '2026-01-28', 'USD'),
  ('ftx_000004', 'cc_fund_seed_001', 'RR000005', 272.79, 'DISC', 'Discover', '****3349', 'Sale', 'Approved', '388091', '20260105', '2026-01-28', 'USD'),
  ('ftx_000005', 'cc_fund_seed_001', 'RR000006', 222.84, 'DISC', 'Discover', '****3336', 'Sale', 'Approved', '789447', '20260104', '2026-01-28', 'USD'),
  ('ftx_000006', 'cc_fund_seed_001', 'RR000007', 185.61, 'MAST', 'MasterCard', '****7411', 'Sale', 'Approved', '654416', '20260105', '2026-01-28', 'USD'),
  ('ftx_000007', 'cc_fund_seed_001', 'RR000008', 232.85, 'MAST', 'MasterCard', '****5572', 'Sale', 'Approved', '471849', '20260121', '2026-01-28', 'USD'),
  ('ftx_000008', 'cc_fund_seed_001', 'RR000009', 398.65, 'VISA', 'Visa', '****9750', 'Sale', 'Approved', '339107', '20260106', '2026-01-28', 'USD'),
  ('ftx_000009', 'cc_fund_seed_001', 'RR000010', 90.00, 'AMEX', 'AmEx', '****6219', 'Sale', 'Approved', '448714', '20260126', '2026-01-28', 'USD'),
  ('ftx_000010', 'cc_fund_seed_001', 'RR000011', 108.28, 'MAST', 'MasterCard', '****9466', 'Sale', 'Approved', '833336', '20260108', '2026-01-28', 'USD'),
  ('ftx_000011', 'cc_fund_seed_002', 'RR000012', 414.84, 'DISC', 'Discover', '****4558', 'Sale', 'Approved', '606243', '20260226', '2026-02-28', 'USD'),
  ('ftx_000012', 'cc_fund_seed_002', 'RR000013', 424.16, 'VISA', 'Visa', '****1545', 'Sale', 'Approved', '808700', '20260204', '2026-02-28', 'USD'),
  ('ftx_000013', 'cc_fund_seed_002', 'RR000014', 84.05, 'AMEX', 'AmEx', '****8463', 'Sale', 'Approved', '147380', '20260220', '2026-02-28', 'USD'),
  ('ftx_000014', 'cc_fund_seed_002', 'RR000015', 439.01, 'DISC', 'Discover', '****6858', 'Sale', 'Approved', '441752', '20260210', '2026-02-28', 'USD'),
  ('ftx_000015', 'cc_fund_seed_002', 'RR000016', 554.24, 'MAST', 'MasterCard', '****6905', 'Sale', 'Approved', '657080', '20260221', '2026-02-28', 'USD'),
  ('ftx_000016', 'cc_fund_seed_002', 'RR000017', 331.94, 'DISC', 'Discover', '****3163', 'Sale', 'Approved', '795659', '20260206', '2026-02-28', 'USD'),
  ('ftx_000017', 'cc_fund_seed_002', 'RR000018', 369.70, 'DISC', 'Discover', '****4063', 'Sale', 'Approved', '126683', '20260223', '2026-02-28', 'USD'),
  ('ftx_000018', 'cc_fund_seed_002', 'RR000019', 328.88, 'MAST', 'MasterCard', '****9962', 'Sale', 'Approved', '779956', '20260222', '2026-02-28', 'USD'),
  ('ftx_000019', 'cc_fund_seed_002', 'RR000020', 534.83, 'MAST', 'MasterCard', '****8352', 'Sale', 'Approved', '483122', '20260216', '2026-02-28', 'USD'),
  ('ftx_000020', 'cc_fund_seed_002', 'RR000021', 735.64, 'DISC', 'Discover', '****7909', 'Sale', 'Approved', '467690', '20260223', '2026-02-28', 'USD'),
  ('ftx_000021', 'cc_fund_seed_003', 'RR000022', 486.00, 'DISC', 'Discover', '****5417', 'Sale', 'Approved', '602097', '20260318', '2026-03-28', 'USD'),
  ('ftx_000022', 'cc_fund_seed_003', 'RR000023', 342.11, 'MAST', 'MasterCard', '****9309', 'Sale', 'Approved', '623607', '20260327', '2026-03-28', 'USD'),
  ('ftx_000023', 'cc_fund_seed_003', 'RR000024', 510.54, 'VISA', 'Visa', '****8527', 'Sale', 'Approved', '716283', '20260318', '2026-03-28', 'USD'),
  ('ftx_000024', 'cc_fund_seed_003', 'RR000025', 596.21, 'MAST', 'MasterCard', '****2996', 'Sale', 'Approved', '364952', '20260316', '2026-03-28', 'USD'),
  ('ftx_000025', 'cc_fund_seed_003', 'RR000026', 127.09, 'VISA', 'Visa', '****1581', 'Sale', 'Approved', '235318', '20260304', '2026-03-28', 'USD'),
  ('ftx_000026', 'cc_fund_seed_003', 'RR000027', 345.04, 'VISA', 'Visa', '****4396', 'Sale', 'Approved', '991128', '20260310', '2026-03-28', 'USD'),
  ('ftx_000027', 'cc_fund_seed_003', 'RR000028', 783.24, 'DISC', 'Discover', '****6192', 'Sale', 'Approved', '451461', '20260302', '2026-03-28', 'USD'),
  ('ftx_000028', 'cc_fund_seed_003', 'RR000029', 183.47, 'DISC', 'Discover', '****4846', 'Sale', 'Approved', '674625', '20260315', '2026-03-28', 'USD'),
  ('ftx_000029', 'cc_fund_seed_003', 'RR000030', 70.55, 'MAST', 'MasterCard', '****2648', 'Sale', 'Approved', '216550', '20260324', '2026-03-28', 'USD'),
  ('ftx_000030', 'cc_fund_seed_003', 'RR000031', 568.55, 'MAST', 'MasterCard', '****1958', 'Sale', 'Approved', '345978', '20260317', '2026-03-28', 'USD'),
  ('ftx_000031', 'cc_fund_seed_004', 'RR000032', 102.29, 'AMEX', 'AmEx', '****1754', 'Sale', 'Approved', '588283', '20260421', '2026-04-28', 'USD'),
  ('ftx_000032', 'cc_fund_seed_004', 'RR000033', 186.69, 'DISC', 'Discover', '****6871', 'Sale', 'Approved', '118570', '20260402', '2026-04-28', 'USD'),
  ('ftx_000033', 'cc_fund_seed_004', 'RR000034', 762.58, 'MAST', 'MasterCard', '****5668', 'Sale', 'Approved', '735813', '20260422', '2026-04-28', 'USD'),
  ('ftx_000034', 'cc_fund_seed_004', 'RR000035', 88.66, 'VISA', 'Visa', '****9902', 'Sale', 'Approved', '298656', '20260423', '2026-04-28', 'USD'),
  ('ftx_000035', 'cc_fund_seed_004', 'RR000036', 328.03, 'AMEX', 'AmEx', '****7628', 'Sale', 'Approved', '858110', '20260427', '2026-04-28', 'USD'),
  ('ftx_000036', 'cc_fund_seed_004', 'RR000037', 503.73, 'MAST', 'MasterCard', '****8348', 'Sale', 'Approved', '654968', '20260424', '2026-04-28', 'USD'),
  ('ftx_000037', 'cc_fund_seed_004', 'RR000038', 447.19, 'DISC', 'Discover', '****2094', 'Sale', 'Approved', '169801', '20260402', '2026-04-28', 'USD'),
  ('ftx_000038', 'cc_fund_seed_004', 'RR000039', 96.42, 'VISA', 'Visa', '****4108', 'Sale', 'Approved', '524093', '20260407', '2026-04-28', 'USD'),
  ('ftx_000039', 'cc_fund_seed_004', 'RR000040', 691.68, 'DISC', 'Discover', '****2843', 'Sale', 'Approved', '372364', '20260413', '2026-04-28', 'USD'),
  ('ftx_000040', 'cc_fund_seed_004', 'RR000041', 636.54, 'VISA', 'Visa', '****2143', 'Sale', 'Approved', '494902', '20260411', '2026-04-28', 'USD'),
  ('ftx_000041', 'cc_fund_seed_005', 'RR000042', 845.53, 'DISC', 'Discover', '****5645', 'Sale', 'Approved', '269914', '20260504', '2026-05-13', 'USD'),
  ('ftx_000042', 'cc_fund_seed_005', 'RR000043', 622.30, 'AMEX', 'AmEx', '****6219', 'Sale', 'Approved', '890378', '20260511', '2026-05-13', 'USD'),
  ('ftx_000043', 'cc_fund_seed_005', 'RR000044', 571.22, 'MAST', 'MasterCard', '****2032', 'Sale', 'Approved', '838686', '20260513', '2026-05-13', 'USD'),
  ('ftx_000044', 'cc_fund_seed_005', 'RR000045', 468.85, 'AMEX', 'AmEx', '****9996', 'Sale', 'Approved', '436956', '20260502', '2026-05-13', 'USD'),
  ('ftx_000045', 'cc_fund_seed_005', 'RR000046', 141.08, 'DISC', 'Discover', '****7803', 'Sale', 'Approved', '869546', '20260501', '2026-05-13', 'USD'),
  ('ftx_000046', 'cc_fund_seed_005', 'RR000047', 108.49, 'AMEX', 'AmEx', '****7794', 'Sale', 'Approved', '208724', '20260509', '2026-05-13', 'USD'),
  ('ftx_000047', 'cc_fund_seed_005', 'RR000048', 140.09, 'DISC', 'Discover', '****3161', 'Sale', 'Approved', '740254', '20260513', '2026-05-13', 'USD'),
  ('ftx_000048', 'cc_fund_seed_005', 'RR000049', 275.01, 'AMEX', 'AmEx', '****9076', 'Sale', 'Approved', '483109', '20260504', '2026-05-13', 'USD'),
  ('ftx_000049', 'cc_fund_seed_005', 'RR000050', 244.06, 'AMEX', 'AmEx', '****3442', 'Sale', 'Approved', '213727', '20260506', '2026-05-13', 'USD'),
  ('ftx_000050', 'cc_fund_seed_005', 'RR000051', 129.86, 'VISA', 'Visa', '****3226', 'Sale', 'Approved', '244556', '20260513', '2026-05-13', 'USD');

-- 9. CARECREDIT UPLOADS — 3 monthly statements
INSERT IGNORE INTO carecredit_uploads
  (id, file_name, report_type, run_date, date_range_start, date_range_end,
   merchant_number, merchant_name, row_count, total_tran_amt_cents,
   total_disc_amt_cents, total_net_funding_cents, uploaded_by, uploaded_at)
VALUES
  (1, 'carecredit-2026-02.xlsx', 'monthly', '2026-03-01', '2026-02-01', '2026-02-28', 'MID887766', 'SVDC', 12, 1250000, 18750, 1231250, 13, '2026-03-01 10:00:00'),
  (2, 'carecredit-2026-03.xlsx', 'monthly', '2026-04-01', '2026-03-01', '2026-03-31', 'MID887766', 'SVDC', 15, 1680000, 25200, 1654800, 14, '2026-04-01 09:45:00'),
  (3, 'carecredit-2026-04.xlsx', 'monthly', '2026-05-01', '2026-04-01', '2026-04-30', 'MID887766', 'SVDC', 18, 2100000, 31500, 2068500, 13, '2026-05-01 11:20:00');

-- 10. CARECREDIT TXNS — ~45 transactions across the 3 uploads
INSERT IGNORE INTO carecredit_txns
  (upload_id, merchant_nbr, tran_type, tran_date, post_date, card_number_masked,
   patient_last_name, patient_first_name, auth_code, tran_amt_cents, disc_amt_cents,
   disc_rate, net_funding_cents, card_type_desc, tran_desc, promo_id, promo_desc,
   report_type, dedup_hash, created_at)
VALUES
  (1, 'MID887766', 'Sale', '2026-02-09', '2026-02-09', '****4351', 'Iyer', 'Mia', '434775', 146861, 2202, 0.015, 144659, 'Visa Credit', 'Patient Treatment', 'PROMO12M', '12mo no interest', 'monthly', 'cc_dedup_000001', NOW()),
  (1, 'MID887766', 'Sale', '2026-02-04', '2026-02-04', '****2380', 'Rodriguez', 'Sebastian', '404502', 89577, 1343, 0.015, 88234, 'Visa Credit', 'Patient Treatment', 'PROMO12M', '12mo no interest', 'monthly', 'cc_dedup_000002', NOW()),
  (1, 'MID887766', 'Sale', '2026-02-25', '2026-02-25', '****5739', 'Garcia', 'Ava', '233475', 73207, 1098, 0.015, 72109, 'Visa Credit', 'Patient Treatment', 'PROMO12M', '12mo no interest', 'monthly', 'cc_dedup_000003', NOW()),
  (1, 'MID887766', 'Sale', '2026-02-18', '2026-02-18', '****4476', 'Tanaka', 'Daniel', '742607', 121061, 1815, 0.015, 119246, 'Visa Credit', 'Patient Treatment', 'PROMO12M', '12mo no interest', 'monthly', 'cc_dedup_000004', NOW()),
  (1, 'MID887766', 'Sale', '2026-02-17', '2026-02-17', '****9725', 'Martinez', 'Charlotte', '401233', 225852, 3387, 0.015, 222465, 'Visa Credit', 'Patient Treatment', 'PROMO12M', '12mo no interest', 'monthly', 'cc_dedup_000005', NOW()),
  (1, 'MID887766', 'Sale', '2026-02-05', '2026-02-05', '****7283', 'Lopez', 'Mason', '936415', 33986, 509, 0.015, 33477, 'Visa Credit', 'Patient Treatment', 'PROMO12M', '12mo no interest', 'monthly', 'cc_dedup_000006', NOW()),
  (1, 'MID887766', 'Sale', '2026-02-13', '2026-02-13', '****9674', 'Chen', 'Olivia', '907430', 10197, 152, 0.015, 10045, 'Visa Credit', 'Patient Treatment', 'PROMO12M', '12mo no interest', 'monthly', 'cc_dedup_000007', NOW()),
  (1, 'MID887766', 'Sale', '2026-02-17', '2026-02-17', '****6454', 'Rodriguez', 'Sebastian', '233771', 67366, 1010, 0.015, 66356, 'Visa Credit', 'Patient Treatment', 'PROMO12M', '12mo no interest', 'monthly', 'cc_dedup_000008', NOW()),
  (1, 'MID887766', 'Sale', '2026-02-10', '2026-02-10', '****9914', 'Patel', 'Benjamin', '404777', 133014, 1995, 0.015, 131019, 'Visa Credit', 'Patient Treatment', 'PROMO12M', '12mo no interest', 'monthly', 'cc_dedup_000009', NOW()),
  (1, 'MID887766', 'Sale', '2026-02-02', '2026-02-02', '****6124', 'Iyer', 'Mia', '903039', 19921, 298, 0.015, 19623, 'Visa Credit', 'Patient Treatment', 'PROMO12M', '12mo no interest', 'monthly', 'cc_dedup_000010', NOW()),
  (1, 'MID887766', 'Sale', '2026-02-05', '2026-02-05', '****3660', 'Garcia', 'Ava', '584750', 90942, 1364, 0.015, 89578, 'Visa Credit', 'Patient Treatment', 'PROMO12M', '12mo no interest', 'monthly', 'cc_dedup_000011', NOW()),
  (1, 'MID887766', 'Sale', '2026-02-22', '2026-02-22', '****6929', 'Rodriguez', 'Sebastian', '250293', 75937, 1139, 0.015, 74798, 'Visa Credit', 'Patient Treatment', 'PROMO12M', '12mo no interest', 'monthly', 'cc_dedup_000012', NOW()),
  (2, 'MID887766', 'Sale', '2026-03-28', '2026-03-28', '****7868', 'Iyer', 'Mia', '264114', 162413, 2436, 0.015, 159977, 'Visa Credit', 'Patient Treatment', 'PROMO12M', '12mo no interest', 'monthly', 'cc_dedup_000013', NOW()),
  (2, 'MID887766', 'Sale', '2026-03-17', '2026-03-17', '****6130', 'Martinez', 'Charlotte', '772620', 58561, 878, 0.015, 57683, 'Visa Credit', 'Patient Treatment', 'PROMO12M', '12mo no interest', 'monthly', 'cc_dedup_000014', NOW()),
  (2, 'MID887766', 'Sale', '2026-03-02', '2026-03-02', '****1702', 'Brown', 'James', '852481', 147376, 2210, 0.015, 145166, 'Visa Credit', 'Patient Treatment', 'PROMO12M', '12mo no interest', 'monthly', 'cc_dedup_000015', NOW()),
  (2, 'MID887766', 'Sale', '2026-03-21', '2026-03-21', '****6481', 'Davis', 'Liam', '752614', 35068, 526, 0.015, 34542, 'Visa Credit', 'Patient Treatment', 'PROMO12M', '12mo no interest', 'monthly', 'cc_dedup_000016', NOW()),
  (2, 'MID887766', 'Sale', '2026-03-15', '2026-03-15', '****5394', 'Alvarez', 'Maria', '713969', 200093, 3001, 0.015, 197092, 'Visa Credit', 'Patient Treatment', 'PROMO12M', '12mo no interest', 'monthly', 'cc_dedup_000017', NOW()),
  (2, 'MID887766', 'Sale', '2026-03-17', '2026-03-17', '****6733', 'Kim', 'Isabella', '556251', 86816, 1302, 0.015, 85514, 'Visa Credit', 'Patient Treatment', 'PROMO12M', '12mo no interest', 'monthly', 'cc_dedup_000018', NOW()),
  (2, 'MID887766', 'Sale', '2026-03-21', '2026-03-21', '****5115', 'Johnson', 'Lucas', '227292', 239257, 3588, 0.015, 235669, 'Visa Credit', 'Patient Treatment', 'PROMO12M', '12mo no interest', 'monthly', 'cc_dedup_000019', NOW()),
  (2, 'MID887766', 'Sale', '2026-03-01', '2026-03-01', '****9368', 'Huang', 'Ethan', '249510', 83250, 1248, 0.015, 82002, 'Visa Credit', 'Patient Treatment', 'PROMO12M', '12mo no interest', 'monthly', 'cc_dedup_000020', NOW()),
  (2, 'MID887766', 'Sale', '2026-03-30', '2026-03-30', '****2498', 'Nguyen', 'Henry', '584147', 161830, 2427, 0.015, 159403, 'Visa Credit', 'Patient Treatment', 'PROMO12M', '12mo no interest', 'monthly', 'cc_dedup_000021', NOW()),
  (2, 'MID887766', 'Sale', '2026-03-30', '2026-03-30', '****5043', 'Martinez', 'Charlotte', '481937', 193732, 2905, 0.015, 190827, 'Visa Credit', 'Patient Treatment', 'PROMO12M', '12mo no interest', 'monthly', 'cc_dedup_000022', NOW()),
  (2, 'MID887766', 'Sale', '2026-03-27', '2026-03-27', '****3288', 'Iyer', 'Mia', '802345', 69800, 1047, 0.015, 68753, 'Visa Credit', 'Patient Treatment', 'PROMO12M', '12mo no interest', 'monthly', 'cc_dedup_000023', NOW()),
  (2, 'MID887766', 'Sale', '2026-03-05', '2026-03-05', '****1951', 'Fischer', 'Noah', '737596', 169303, 2539, 0.015, 166764, 'Visa Credit', 'Patient Treatment', 'PROMO12M', '12mo no interest', 'monthly', 'cc_dedup_000024', NOW()),
  (2, 'MID887766', 'Sale', '2026-03-15', '2026-03-15', '****7864', 'Martinez', 'Charlotte', '356100', 39126, 586, 0.015, 38540, 'Visa Credit', 'Patient Treatment', 'PROMO12M', '12mo no interest', 'monthly', 'cc_dedup_000025', NOW()),
  (2, 'MID887766', 'Sale', '2026-03-29', '2026-03-29', '****7185', 'Kim', 'Isabella', '610883', 46325, 694, 0.015, 45631, 'Visa Credit', 'Patient Treatment', 'PROMO12M', '12mo no interest', 'monthly', 'cc_dedup_000026', NOW()),
  (2, 'MID887766', 'Sale', '2026-03-22', '2026-03-22', '****7859', 'Singh', 'Harper', '835187', 170157, 2552, 0.015, 167605, 'Visa Credit', 'Patient Treatment', 'PROMO12M', '12mo no interest', 'monthly', 'cc_dedup_000027', NOW()),
  (3, 'MID887766', 'Sale', '2026-04-16', '2026-04-16', '****1194', 'Singh', 'Harper', '628066', 40635, 609, 0.015, 40026, 'Visa Credit', 'Patient Treatment', 'PROMO12M', '12mo no interest', 'monthly', 'cc_dedup_000028', NOW()),
  (3, 'MID887766', 'Sale', '2026-04-11', '2026-04-11', '****6065', 'Tanaka', 'Daniel', '420963', 84711, 1270, 0.015, 83441, 'Visa Credit', 'Patient Treatment', 'PROMO12M', '12mo no interest', 'monthly', 'cc_dedup_000029', NOW()),
  (3, 'MID887766', 'Sale', '2026-04-03', '2026-04-03', '****2732', 'Johnson', 'Lucas', '536433', 214315, 3214, 0.015, 211101, 'Visa Credit', 'Patient Treatment', 'PROMO12M', '12mo no interest', 'monthly', 'cc_dedup_000030', NOW()),
  (3, 'MID887766', 'Sale', '2026-04-22', '2026-04-22', '****4000', 'Brown', 'James', '484623', 74969, 1124, 0.015, 73845, 'Visa Credit', 'Patient Treatment', 'PROMO12M', '12mo no interest', 'monthly', 'cc_dedup_000031', NOW()),
  (3, 'MID887766', 'Sale', '2026-04-10', '2026-04-10', '****7275', 'Okafor', 'Amelia', '574177', 89497, 1342, 0.015, 88155, 'Visa Credit', 'Patient Treatment', 'PROMO12M', '12mo no interest', 'monthly', 'cc_dedup_000032', NOW()),
  (3, 'MID887766', 'Sale', '2026-04-24', '2026-04-24', '****6926', 'Esposito', 'Sofia', '744435', 225556, 3383, 0.015, 222173, 'Visa Credit', 'Patient Treatment', 'PROMO12M', '12mo no interest', 'monthly', 'cc_dedup_000033', NOW()),
  (3, 'MID887766', 'Sale', '2026-04-14', '2026-04-14', '****4870', 'Iyer', 'Mia', '239682', 30948, 464, 0.015, 30484, 'Visa Credit', 'Patient Treatment', 'PROMO12M', '12mo no interest', 'monthly', 'cc_dedup_000034', NOW()),
  (3, 'MID887766', 'Sale', '2026-04-05', '2026-04-05', '****8183', 'Davis', 'Liam', '186200', 123096, 1846, 0.015, 121250, 'Visa Credit', 'Patient Treatment', 'PROMO12M', '12mo no interest', 'monthly', 'cc_dedup_000035', NOW()),
  (3, 'MID887766', 'Sale', '2026-04-01', '2026-04-01', '****4324', 'Quintero', 'Emma', '406644', 202198, 3032, 0.015, 199166, 'Visa Credit', 'Patient Treatment', 'PROMO12M', '12mo no interest', 'monthly', 'cc_dedup_000036', NOW()),
  (3, 'MID887766', 'Sale', '2026-04-14', '2026-04-14', '****7106', 'Lopez', 'Mason', '517403', 99061, 1485, 0.015, 97576, 'Visa Credit', 'Patient Treatment', 'PROMO12M', '12mo no interest', 'monthly', 'cc_dedup_000037', NOW()),
  (3, 'MID887766', 'Sale', '2026-04-02', '2026-04-02', '****9862', 'Johnson', 'Lucas', '441592', 101767, 1526, 0.015, 100241, 'Visa Credit', 'Patient Treatment', 'PROMO12M', '12mo no interest', 'monthly', 'cc_dedup_000038', NOW()),
  (3, 'MID887766', 'Sale', '2026-04-25', '2026-04-25', '****6927', 'Fischer', 'Noah', '208900', 13719, 205, 0.015, 13514, 'Visa Credit', 'Patient Treatment', 'PROMO12M', '12mo no interest', 'monthly', 'cc_dedup_000039', NOW()),
  (3, 'MID887766', 'Sale', '2026-04-15', '2026-04-15', '****8113', 'Nguyen', 'Henry', '774222', 144328, 2164, 0.015, 142164, 'Visa Credit', 'Patient Treatment', 'PROMO12M', '12mo no interest', 'monthly', 'cc_dedup_000040', NOW()),
  (3, 'MID887766', 'Sale', '2026-04-03', '2026-04-03', '****8807', 'Esposito', 'Sofia', '235428', 245409, 3681, 0.015, 241728, 'Visa Credit', 'Patient Treatment', 'PROMO12M', '12mo no interest', 'monthly', 'cc_dedup_000041', NOW()),
  (3, 'MID887766', 'Sale', '2026-04-04', '2026-04-04', '****4604', 'Chen', 'Olivia', '244205', 88909, 1333, 0.015, 87576, 'Visa Credit', 'Patient Treatment', 'PROMO12M', '12mo no interest', 'monthly', 'cc_dedup_000042', NOW()),
  (3, 'MID887766', 'Sale', '2026-04-25', '2026-04-25', '****4896', 'Esposito', 'Sofia', '803221', 93255, 1398, 0.015, 91857, 'Visa Credit', 'Patient Treatment', 'PROMO12M', '12mo no interest', 'monthly', 'cc_dedup_000043', NOW()),
  (3, 'MID887766', 'Sale', '2026-04-25', '2026-04-25', '****5061', 'Johnson', 'Lucas', '640194', 177313, 2659, 0.015, 174654, 'Visa Credit', 'Patient Treatment', 'PROMO12M', '12mo no interest', 'monthly', 'cc_dedup_000044', NOW()),
  (3, 'MID887766', 'Sale', '2026-04-22', '2026-04-22', '****1442', 'Esposito', 'Sofia', '495599', 221206, 3318, 0.015, 217888, 'Visa Credit', 'Patient Treatment', 'PROMO12M', '12mo no interest', 'monthly', 'cc_dedup_000045', NOW());

-- 11. SUNBIT UPLOADS — 2 monthly statements
INSERT IGNORE INTO sunbit_uploads
  (id, file_name, date_range_start, date_range_end, row_count,
   total_treatment_cents, total_fee_cents, total_adjusted_cents, total_paid_cents,
   avg_fee_rate, uploaded_by, uploaded_at)
VALUES
  (1, 'sunbit-2026-03.csv', '2026-03-01', '2026-03-31',  8,  520000, 31200,  0,  488800, 0.0600, 13, '2026-04-02 14:00:00'),
  (2, 'sunbit-2026-04.csv', '2026-04-01', '2026-04-30', 12,  840000, 50400,  0,  789600, 0.0600, 14, '2026-05-02 14:30:00');

-- 12. SUNBIT TXNS — ~20 financed treatments
INSERT IGNORE INTO sunbit_txns
  (upload_id, activity_date, team_member, purchase_number, ref_chart_number,
   treatment_amt_cents, fee_rate, fee_amt_cents, paid_to_merchant_cents,
   activity_type, source_of_origin, dedup_hash, created_at)
VALUES
  (1, '2026-03-21', 'matthew', 'SB000001', 'CH35418', 39127, 0.0600, 2347, 36780, 'Purchase', 'in-office', 'sb_dedup_000001', NOW()),
  (1, '2026-03-03', 'matthew', 'SB000002', 'CH79113', 73933, 0.0600, 4435, 69498, 'Purchase', 'in-office', 'sb_dedup_000002', NOW()),
  (1, '2026-03-04', 'admin', 'SB000003', 'CH81671', 97565, 0.0600, 5853, 91712, 'Purchase', 'in-office', 'sb_dedup_000003', NOW()),
  (1, '2026-03-02', 'matthew', 'SB000004', 'CH17941', 47845, 0.0600, 2870, 44975, 'Purchase', 'in-office', 'sb_dedup_000004', NOW()),
  (1, '2026-03-30', 'gary', 'SB000005', 'CH57418', 57332, 0.0600, 3439, 53893, 'Purchase', 'in-office', 'sb_dedup_000005', NOW()),
  (1, '2026-03-06', 'admin', 'SB000006', 'CH92734', 118915, 0.0600, 7134, 111781, 'Purchase', 'in-office', 'sb_dedup_000006', NOW()),
  (1, '2026-03-05', 'matthew', 'SB000007', 'CH14735', 36519, 0.0600, 2191, 34328, 'Purchase', 'in-office', 'sb_dedup_000007', NOW()),
  (1, '2026-03-05', 'matthew', 'SB000008', 'CH38908', 48952, 0.0600, 2937, 46015, 'Purchase', 'in-office', 'sb_dedup_000008', NOW()),
  (2, '2026-04-19', 'gary', 'SB000009', 'CH57365', 49148, 0.0600, 2948, 46200, 'Purchase', 'in-office', 'sb_dedup_000009', NOW()),
  (2, '2026-04-06', 'admin', 'SB000010', 'CH47811', 66198, 0.0600, 3971, 62227, 'Purchase', 'in-office', 'sb_dedup_000010', NOW()),
  (2, '2026-04-21', 'gary', 'SB000011', 'CH23805', 144132, 0.0600, 8647, 135485, 'Purchase', 'in-office', 'sb_dedup_000011', NOW()),
  (2, '2026-04-04', 'matthew', 'SB000012', 'CH86985', 126455, 0.0600, 7587, 118868, 'Purchase', 'in-office', 'sb_dedup_000012', NOW()),
  (2, '2026-04-27', 'gary', 'SB000013', 'CH74093', 41329, 0.0600, 2479, 38850, 'Purchase', 'in-office', 'sb_dedup_000013', NOW()),
  (2, '2026-04-25', 'matthew', 'SB000014', 'CH23654', 106708, 0.0600, 6402, 100306, 'Purchase', 'in-office', 'sb_dedup_000014', NOW()),
  (2, '2026-04-25', 'matthew', 'SB000015', 'CH78273', 82166, 0.0600, 4929, 77237, 'Purchase', 'in-office', 'sb_dedup_000015', NOW()),
  (2, '2026-04-28', 'gary', 'SB000016', 'CH73678', 94663, 0.0600, 5679, 88984, 'Purchase', 'in-office', 'sb_dedup_000016', NOW()),
  (2, '2026-04-21', 'gary', 'SB000017', 'CH11847', 65044, 0.0600, 3902, 61142, 'Purchase', 'in-office', 'sb_dedup_000017', NOW()),
  (2, '2026-04-13', 'admin', 'SB000018', 'CH20995', 71080, 0.0600, 4264, 66816, 'Purchase', 'in-office', 'sb_dedup_000018', NOW()),
  (2, '2026-04-16', 'matthew', 'SB000019', 'CH78024', 95129, 0.0600, 5707, 89422, 'Purchase', 'in-office', 'sb_dedup_000019', NOW()),
  (2, '2026-04-16', 'gary', 'SB000020', 'CH83066', 144820, 0.0600, 8689, 136131, 'Purchase', 'in-office', 'sb_dedup_000020', NOW());

-- 13. REMOTE DEPOSITS — 12 mobile/remote check scans
INSERT IGNORE INTO remote_deposits
  (bank_transaction_id, deposit_date, type, account_number, check_number,
   routing_number, amount, tracking_number, location, account_name,
   match_status, note, created_at)
VALUES
  (1005, '2026-01-06', 'ins', '****4018', '50001', '121000248', 3001.61, 'TRK1248605', 'Salinas Office', 'BLUE SHIELD OF CA', 'date_mismatch', NULL, '2026-01-06 16:30:00'),
  (1007, '2026-01-21', 'pat', '****6508', '50002', '121000248', 2295.01, 'TRK8271332', 'Salinas Office', 'METLIFE DENTAL', 'date_mismatch', NULL, '2026-01-21 16:30:00'),
  (1031, '2026-02-01', 'ins', '****7748', '50006', '121000248', 1398.70, 'TRK8837969', 'Salinas Office', 'GUARDIAN LIFE INS', 'unmatched', NULL, '2026-02-01 16:30:00'),
  (1020, '2026-02-06', 'ins', '****9042', '50003', '121000248', 318.03, 'TRK6724217', 'Salinas Office', 'Noah Fischer', 'matched', NULL, '2026-02-06 16:30:00'),
  (1023, '2026-02-15', 'pat', '****6404', '50004', '121000248', 250.89, 'TRK6223532', 'Salinas Office', 'Charlotte Martinez', 'date_mismatch', NULL, '2026-02-15 16:30:00'),
  (1030, '2026-02-21', 'ins', '****7450', '50005', '121000248', 1036.54, 'TRK6185538', 'Salinas Office', 'PREMERA BLUE CROSS', 'matched', NULL, '2026-02-21 16:30:00'),
  (1036, '2026-02-21', 'pat', '****7926', '50007', '121000248', 2476.71, 'TRK4432600', 'Salinas Office', 'UNITED HEALTHCARE', 'unmatched', NULL, '2026-02-21 16:30:00'),
  (1059, '2026-03-09', 'ins', '****1777', '50009', '121000248', 553.05, 'TRK7134619', 'Salinas Office', 'GUARDIAN LIFE INS', 'date_mismatch', NULL, '2026-03-09 16:30:00'),
  (1063, '2026-03-12', 'ins', '****1452', '50010', '121000248', 1631.47, 'TRK5006112', 'Salinas Office', 'UNITED HEALTHCARE', 'unmatched', NULL, '2026-03-12 16:30:00'),
  (1053, '2026-03-28', 'ins', '****9021', '50008', '121000248', 411.62, 'TRK3467032', 'Salinas Office', 'Henry Nguyen', 'date_mismatch', NULL, '2026-03-28 16:30:00'),
  (1082, '2026-04-10', 'pat', '****3595', '50014', '121000248', 1232.82, 'TRK9078659', 'Salinas Office', 'AETNA INC', 'matched', NULL, '2026-04-10 16:30:00'),
  (1074, '2026-04-16', 'pat', '****9010', '50011', '121000248', 304.68, 'TRK5132987', 'Salinas Office', 'PREMERA BLUE CROSS', 'matched', NULL, '2026-04-16 16:30:00');

-- 14. CHECK DEPOSIT DETAILS — line items within deposits
INSERT IGNORE INTO check_deposit_details
  (transaction_id, payer_name, check_number, amount, created_at)
VALUES
  (1005, 'BLUE SHIELD OF CA', '50001', 3001.61, '2026-01-06 16:00:00'),
  (1007, 'METLIFE DENTAL', '50002', 2295.01, '2026-01-21 16:00:00'),
  (1031, 'GUARDIAN LIFE INS', '50006', 1398.70, '2026-02-01 16:00:00'),
  (1020, 'Noah Fischer', '50003', 318.03, '2026-02-06 16:00:00'),
  (1023, 'Charlotte Martinez', '50004', 250.89, '2026-02-15 16:00:00'),
  (1030, 'PREMERA BLUE CROSS', '50005', 1036.54, '2026-02-21 16:00:00'),
  (1036, 'UNITED HEALTHCARE', '50007', 2476.71, '2026-02-21 16:00:00'),
  (1059, 'GUARDIAN LIFE INS', '50009', 553.05, '2026-03-09 16:00:00'),
  (1063, 'UNITED HEALTHCARE', '50010', 1631.47, '2026-03-12 16:00:00'),
  (1053, 'Henry Nguyen', '50008', 411.62, '2026-03-28 16:00:00'),
  (1082, 'AETNA INC', '50014', 1232.82, '2026-04-10 16:00:00'),
  (1074, 'PREMERA BLUE CROSS', '50011', 304.68, '2026-04-16 16:00:00');

-- 15. RECON DAILY SNAPSHOTS — auto-reconciled snapshot history
INSERT IGNORE INTO recon_daily_snapshots
  (recon_date, teller_account_id, snapshot_type, bank_deposit_count, bank_deposit_total,
   od_payment_count, od_payment_total, matched_count, matched_total, difference,
   status, has_exceptions, snapshot_by, created_at)
VALUES
  ('2026-01-01', 'tlr_acct_svdc_primary_001', 'auto_reconciled', 5, 10804.74, 5, 10804.74, 5, 10804.74, 0.00, 'reconciled', 0, 'system', '2026-01-01 23:55:00'),
  ('2026-01-07', 'tlr_acct_svdc_primary_001', 'auto_reconciled', 3, 4599.19, 3, 4599.19, 3, 4599.19, 0.00, 'reconciled', 0, 'system', '2026-01-07 23:55:00'),
  ('2026-01-13', 'tlr_acct_svdc_primary_001', 'auto_reconciled', 6, 9507.26, 6, 9507.26, 6, 9507.26, 0.00, 'reconciled', 0, 'system', '2026-01-13 23:55:00'),
  ('2026-01-16', 'tlr_acct_svdc_primary_001', 'auto_reconciled', 3, 5510.26, 3, 5510.26, 3, 5510.26, 0.00, 'reconciled', 0, 'system', '2026-01-16 23:55:00'),
  ('2026-01-19', 'tlr_acct_svdc_primary_001', 'auto_reconciled', 5, 8601.18, 5, 8601.18, 5, 8601.18, 0.00, 'reconciled', 0, 'system', '2026-01-19 23:55:00'),
  ('2026-01-22', 'tlr_acct_svdc_primary_001', 'auto_reconciled', 4, 6517.60, 4, 6517.60, 4, 6517.60, 0.00, 'reconciled', 0, 'system', '2026-01-22 23:55:00'),
  ('2026-01-28', 'tlr_acct_svdc_primary_001', 'auto_reconciled', 3, 3494.12, 3, 3494.12, 3, 3494.12, 0.00, 'reconciled', 0, 'system', '2026-01-28 23:55:00'),
  ('2026-02-04', 'tlr_acct_svdc_primary_001', 'auto_reconciled', 6, 5218.29, 6, 5218.29, 6, 5218.29, 0.00, 'reconciled', 0, 'system', '2026-02-04 23:55:00'),
  ('2026-02-10', 'tlr_acct_svdc_primary_001', 'auto_reconciled', 5, 9913.19, 5, 9913.19, 5, 9913.19, 0.00, 'reconciled', 0, 'system', '2026-02-10 23:55:00'),
  ('2026-02-13', 'tlr_acct_svdc_primary_001', 'auto_reconciled', 3, 6020.98, 3, 6020.98, 3, 6020.98, 0.00, 'reconciled', 0, 'system', '2026-02-13 23:55:00'),
  ('2026-02-16', 'tlr_acct_svdc_primary_001', 'auto_reconciled', 5, 9509.29, 5, 9509.29, 5, 9509.29, 0.00, 'reconciled', 0, 'system', '2026-02-16 23:55:00'),
  ('2026-02-19', 'tlr_acct_svdc_primary_001', 'auto_reconciled', 5, 5952.58, 5, 5952.58, 5, 5952.58, 0.00, 'reconciled', 0, 'system', '2026-02-19 23:55:00'),
  ('2026-02-25', 'tlr_acct_svdc_primary_001', 'auto_reconciled', 2, 3604.52, 2, 3604.52, 2, 3604.52, 0.00, 'reconciled', 0, 'system', '2026-02-25 23:55:00'),
  ('2026-03-04', 'tlr_acct_svdc_primary_001', 'auto_reconciled', 3, 3952.20, 3, 3952.20, 3, 3952.20, 0.00, 'reconciled', 0, 'system', '2026-03-04 23:55:00'),
  ('2026-03-10', 'tlr_acct_svdc_primary_001', 'auto_reconciled', 5, 6749.48, 5, 6749.48, 5, 6749.48, 0.00, 'reconciled', 0, 'system', '2026-03-10 23:55:00'),
  ('2026-03-13', 'tlr_acct_svdc_primary_001', 'auto_reconciled', 2, 2228.92, 2, 2228.92, 2, 2228.92, 0.00, 'reconciled', 0, 'system', '2026-03-13 23:55:00'),
  ('2026-03-16', 'tlr_acct_svdc_primary_001', 'auto_reconciled', 3, 5153.67, 3, 5153.67, 3, 5153.67, 0.00, 'reconciled', 0, 'system', '2026-03-16 23:55:00'),
  ('2026-03-19', 'tlr_acct_svdc_primary_001', 'auto_reconciled', 2, 3872.84, 2, 3872.84, 2, 3872.84, 0.00, 'reconciled', 0, 'system', '2026-03-19 23:55:00'),
  ('2026-03-25', 'tlr_acct_svdc_primary_001', 'auto_reconciled', 2, 4385.78, 2, 4385.78, 2, 4385.78, 0.00, 'reconciled', 0, 'system', '2026-03-25 23:55:00'),
  ('2026-01-28', 'tlr_acct_svdc_primary_001', 'month_close', 22, 38420.55, 22, 38420.55, 22, 38420.55, 0.00, 'reconciled', 0, 'matthew', '2026-01-28 17:00:00'),
  ('2026-02-28', 'tlr_acct_svdc_primary_001', 'month_close', 22, 38420.55, 22, 38420.55, 22, 38420.55, 0.00, 'reconciled', 0, 'matthew', '2026-02-28 17:00:00'),
  ('2026-03-28', 'tlr_acct_svdc_primary_001', 'month_close', 22, 38420.55, 22, 38420.55, 22, 38420.55, 0.00, 'reconciled', 0, 'matthew', '2026-03-28 17:00:00');

-- 16. RECON AUDIT LOG — ~30 audit events across the period
INSERT IGNORE INTO recon_audit_log
  (action, recon_date, month, entity_type, entity_id, user_id, username, details, created_at)
VALUES
  ('manual_link_created', '2026-02-20', '2026-02', 'link', 187, 15, 'matthew', JSON_OBJECT('source','seed','note','Generated audit entry for QA dataset'), '2026-02-20 12:38:00'),
  ('recon_recalculated', '2026-01-03', '2026-01', 'daily', 59, 13, 'admin', JSON_OBJECT('source','seed','note','Generated audit entry for QA dataset'), '2026-01-03 13:12:00'),
  ('month_closed', '2026-01-24', '2026-01', 'month', 57, 15, 'matthew', JSON_OBJECT('source','seed','note','Generated audit entry for QA dataset'), '2026-01-24 11:16:00'),
  ('od_refresh', '2026-05-06', '2026-05', 'daily', 160, 14, 'gary', JSON_OBJECT('source','seed','note','Generated audit entry for QA dataset'), '2026-05-06 10:06:00'),
  ('carecredit_upload', '2026-02-07', '2026-02', 'carecredit_upload', 43, 15, 'matthew', JSON_OBJECT('source','seed','note','Generated audit entry for QA dataset'), '2026-02-07 11:28:00'),
  ('recon_recalculated', '2026-03-05', '2026-03', 'daily', 37, 13, 'admin', JSON_OBJECT('source','seed','note','Generated audit entry for QA dataset'), '2026-03-05 15:19:00'),
  ('month_closed', '2026-02-02', '2026-02', 'month', 87, 15, 'matthew', JSON_OBJECT('source','seed','note','Generated audit entry for QA dataset'), '2026-02-02 15:46:00'),
  ('od_refresh', '2026-02-17', '2026-02', 'daily', 43, 15, 'matthew', JSON_OBJECT('source','seed','note','Generated audit entry for QA dataset'), '2026-02-17 11:00:00'),
  ('recon_recalculated', '2026-01-08', '2026-01', 'daily', 190, 14, 'gary', JSON_OBJECT('source','seed','note','Generated audit entry for QA dataset'), '2026-01-08 16:54:00'),
  ('exception_resolved', '2026-03-19', '2026-03', 'exception', 13, 15, 'matthew', JSON_OBJECT('source','seed','note','Generated audit entry for QA dataset'), '2026-03-19 17:23:00'),
  ('carecredit_upload', '2026-05-11', '2026-05', 'carecredit_upload', 161, 15, 'matthew', JSON_OBJECT('source','seed','note','Generated audit entry for QA dataset'), '2026-05-11 14:17:00'),
  ('month_closed', '2026-04-14', '2026-04', 'month', 192, 13, 'admin', JSON_OBJECT('source','seed','note','Generated audit entry for QA dataset'), '2026-04-14 14:02:00'),
  ('month_reopened', '2026-02-23', '2026-02', 'month', 89, 13, 'admin', JSON_OBJECT('source','seed','note','Generated audit entry for QA dataset'), '2026-02-23 13:46:00'),
  ('od_refresh', '2026-05-01', '2026-05', 'daily', 3, 15, 'matthew', JSON_OBJECT('source','seed','note','Generated audit entry for QA dataset'), '2026-05-01 10:40:00'),
  ('exception_resolved', '2026-05-06', '2026-05', 'exception', 30, 15, 'matthew', JSON_OBJECT('source','seed','note','Generated audit entry for QA dataset'), '2026-05-06 09:09:00'),
  ('carecredit_upload', '2026-02-04', '2026-02', 'carecredit_upload', 77, 14, 'gary', JSON_OBJECT('source','seed','note','Generated audit entry for QA dataset'), '2026-02-04 15:55:00'),
  ('od_refresh', '2026-03-18', '2026-03', 'daily', 131, 13, 'admin', JSON_OBJECT('source','seed','note','Generated audit entry for QA dataset'), '2026-03-18 10:43:00'),
  ('month_reopened', '2026-03-16', '2026-03', 'month', 192, 15, 'matthew', JSON_OBJECT('source','seed','note','Generated audit entry for QA dataset'), '2026-03-16 13:43:00'),
  ('month_reopened', '2026-04-09', '2026-04', 'month', 193, 14, 'gary', JSON_OBJECT('source','seed','note','Generated audit entry for QA dataset'), '2026-04-09 13:33:00'),
  ('cc_upload', '2026-05-12', '2026-05', 'cc_funding', 174, 13, 'admin', JSON_OBJECT('source','seed','note','Generated audit entry for QA dataset'), '2026-05-12 16:28:00'),
  ('manual_link_created', '2026-03-25', '2026-03', 'link', 116, 15, 'matthew', JSON_OBJECT('source','seed','note','Generated audit entry for QA dataset'), '2026-03-25 14:21:00'),
  ('manual_link_created', '2026-04-05', '2026-04', 'link', 154, 13, 'admin', JSON_OBJECT('source','seed','note','Generated audit entry for QA dataset'), '2026-04-05 09:47:00'),
  ('recon_recalculated', '2026-03-27', '2026-03', 'daily', 56, 15, 'matthew', JSON_OBJECT('source','seed','note','Generated audit entry for QA dataset'), '2026-03-27 13:57:00'),
  ('recon_recalculated', '2026-03-23', '2026-03', 'daily', 196, 14, 'gary', JSON_OBJECT('source','seed','note','Generated audit entry for QA dataset'), '2026-03-23 13:51:00'),
  ('cc_upload', '2026-01-23', '2026-01', 'cc_funding', 18, 14, 'gary', JSON_OBJECT('source','seed','note','Generated audit entry for QA dataset'), '2026-01-23 15:50:00'),
  ('recon_recalculated', '2026-03-11', '2026-03', 'daily', 51, 14, 'gary', JSON_OBJECT('source','seed','note','Generated audit entry for QA dataset'), '2026-03-11 10:51:00'),
  ('exception_resolved', '2026-05-07', '2026-05', 'exception', 14, 15, 'matthew', JSON_OBJECT('source','seed','note','Generated audit entry for QA dataset'), '2026-05-07 10:20:00'),
  ('carecredit_upload', '2026-03-15', '2026-03', 'carecredit_upload', 184, 13, 'admin', JSON_OBJECT('source','seed','note','Generated audit entry for QA dataset'), '2026-03-15 13:20:00'),
  ('month_closed', '2026-04-26', '2026-04', 'month', 151, 13, 'admin', JSON_OBJECT('source','seed','note','Generated audit entry for QA dataset'), '2026-04-26 09:36:00'),
  ('month_reopened', '2026-02-15', '2026-02', 'month', 124, 13, 'admin', JSON_OBJECT('source','seed','note','Generated audit entry for QA dataset'), '2026-02-15 10:11:00'),
  ('recon_recalculated', '2026-05-04', '2026-05', 'daily', 150, 13, 'admin', JSON_OBJECT('source','seed','note','Generated audit entry for QA dataset'), '2026-05-04 17:20:00'),
  ('carecredit_upload', '2026-04-22', '2026-04', 'carecredit_upload', 162, 14, 'gary', JSON_OBJECT('source','seed','note','Generated audit entry for QA dataset'), '2026-04-22 17:05:00'),
  ('manual_link_created', '2026-05-01', '2026-05', 'link', 116, 13, 'admin', JSON_OBJECT('source','seed','note','Generated audit entry for QA dataset'), '2026-05-01 08:35:00'),
  ('month_reopened', '2026-01-07', '2026-01', 'month', 92, 15, 'matthew', JSON_OBJECT('source','seed','note','Generated audit entry for QA dataset'), '2026-01-07 12:27:00'),
  ('carecredit_upload', '2026-05-06', '2026-05', 'carecredit_upload', 4, 13, 'admin', JSON_OBJECT('source','seed','note','Generated audit entry for QA dataset'), '2026-05-06 12:53:00');

SET FOREIGN_KEY_CHECKS = 1;

-- ===== POST-SEED VERIFICATION =====

-- =====================================================================
-- SECTION 12: PAYROLL SEED DATA (~1000+ rows)
-- Sourced from seed_payroll_data.sql — providers, rates, time entries,
-- calculations, reports, quarterly audits, batch runs (5-month window).
-- =====================================================================
SET FOREIGN_KEY_CHECKS = 0;

-- 1. PROVIDERS (idempotent via open_dental_provnum UNIQUE)
-- Inserts new providers; placeholder System Administrator (id=24) preserved.
INSERT IGNORE INTO providers (name, open_dental_provnum, provider_type, is_active, created_at, updated_at)
VALUES
  ('Dr. Sarah Mitchell', 12, 'general_dentist', 1, NOW(), NOW()),
  ('Dr. James Patel', 13, 'general_dentist', 1, NOW(), NOW()),
  ('Dr. Aaron Kim', 14, 'oral_surgeon', 1, NOW(), NOW()),
  ('Dr. Linda Chen', 15, 'endodontist', 1, NOW(), NOW()),
  ('Maria Esposito, RDH', 16, 'hygienist', 1, NOW(), NOW()),
  ('Janet Brown, RDH', 17, 'hygienist', 1, NOW(), NOW());

-- 2. ADJUSTMENT SETTINGS (catalog)
INSERT IGNORE INTO adjustment_settings
  (adjustment_type_id, adjustment_name, is_included_by_default, category, description)
VALUES
  (1,  'Insurance Writeoff',          1, 'insurance', 'Standard PPO writeoff'),
  (2,  'Senior Discount',             0, 'discount',  '5% senior discount'),
  (3,  'Cash Payment Discount',       0, 'discount',  '5% prompt-pay discount'),
  (4,  'Professional Courtesy',       0, 'discount',  'Free of charge for staff/family'),
  (5,  'Bad Debt Writeoff',           0, 'credit',    'Uncollectible balance'),
  (6,  'Insurance Refund',            0, 'insurance', 'Carrier refund of overpayment'),
  (7,  'Patient Refund',              0, 'credit',    'Refund to patient'),
  (8,  'Membership Plan Discount',    1, 'discount',  'SVDC membership plan'),
  (9,  'Promotional Discount',        0, 'discount',  'Marketing promotion'),
  (10, 'Treatment Plan Adjustment',   0, 'other',     'TP-driven adjustment');

-- 3. PROVIDER ADJUSTMENT SETTINGS (which adjustments feed each provider type's calc)
INSERT IGNORE INTO provider_adjustment_settings
  (provider_type, procedure_category, adjustment_type_id, adjustment_name, is_included)
VALUES
  ('endodontist', 'all', 1, 'Insurance Writeoff', 1),
  ('endodontist', 'all', 2, 'Senior Discount', 0),
  ('endodontist', 'all', 3, 'Cash Payment Discount', 1),
  ('endodontist', 'all', 4, 'Professional Courtesy', 0),
  ('endodontist', 'all', 5, 'Bad Debt Writeoff', 0),
  ('endodontist', 'all', 6, 'Insurance Refund', 0),
  ('endodontist', 'all', 7, 'Patient Refund', 0),
  ('endodontist', 'all', 8, 'Membership Plan Discount', 1),
  ('endodontist', 'all', 9, 'Promotional Discount', 0),
  ('endodontist', 'all', 10, 'Treatment Plan Adjustment', 0),
  ('general_dentist', 'all', 1, 'Insurance Writeoff', 1),
  ('general_dentist', 'all', 2, 'Senior Discount', 0),
  ('general_dentist', 'all', 3, 'Cash Payment Discount', 1),
  ('general_dentist', 'all', 4, 'Professional Courtesy', 0),
  ('general_dentist', 'all', 5, 'Bad Debt Writeoff', 0),
  ('general_dentist', 'all', 6, 'Insurance Refund', 0),
  ('general_dentist', 'all', 7, 'Patient Refund', 0),
  ('general_dentist', 'all', 8, 'Membership Plan Discount', 1),
  ('general_dentist', 'all', 9, 'Promotional Discount', 0),
  ('general_dentist', 'all', 10, 'Treatment Plan Adjustment', 0),
  ('oral_surgeon', 'all', 1, 'Insurance Writeoff', 1),
  ('oral_surgeon', 'all', 2, 'Senior Discount', 0),
  ('oral_surgeon', 'all', 3, 'Cash Payment Discount', 1),
  ('oral_surgeon', 'all', 4, 'Professional Courtesy', 0),
  ('oral_surgeon', 'all', 5, 'Bad Debt Writeoff', 0),
  ('oral_surgeon', 'all', 6, 'Insurance Refund', 0),
  ('oral_surgeon', 'all', 7, 'Patient Refund', 0),
  ('oral_surgeon', 'all', 8, 'Membership Plan Discount', 1),
  ('oral_surgeon', 'all', 9, 'Promotional Discount', 0),
  ('oral_surgeon', 'all', 10, 'Treatment Plan Adjustment', 0),
  ('hygienist', 'all', 1, 'Insurance Writeoff', 1),
  ('hygienist', 'all', 2, 'Senior Discount', 0),
  ('hygienist', 'all', 3, 'Cash Payment Discount', 1),
  ('hygienist', 'all', 4, 'Professional Courtesy', 0),
  ('hygienist', 'all', 5, 'Bad Debt Writeoff', 0),
  ('hygienist', 'all', 6, 'Insurance Refund', 0),
  ('hygienist', 'all', 7, 'Patient Refund', 0),
  ('hygienist', 'all', 8, 'Membership Plan Discount', 1),
  ('hygienist', 'all', 9, 'Promotional Discount', 0),
  ('hygienist', 'all', 10, 'Treatment Plan Adjustment', 0);

-- 4. COMPENSATION RATES — per provider × procedure_category × rate_type
INSERT IGNORE INTO compensation_rates
  (provider_id, rate_type, procedure_category, compensation_percentage, daily_guarantee_rate, effective_date, notes, is_active)
VALUES
  ((SELECT id FROM providers WHERE open_dental_provnum = 12), 'compensation',     'standard', 30.00, 0.00, '2026-01-01', 'Initial rate Jan 2026', 1),
  ((SELECT id FROM providers WHERE open_dental_provnum = 12), 'daily_guarantee',  'standard', 0.00, 700.00, '2026-01-01', 'Initial guarantee Jan 2026', 1),
  ((SELECT id FROM providers WHERE open_dental_provnum = 12), 'compensation', 'ortho',       25.00, 0.00, '2026-01-01', 'Ortho-specific rate', 1),
  ((SELECT id FROM providers WHERE open_dental_provnum = 13), 'compensation',     'standard', 30.00, 0.00, '2026-01-01', 'Initial rate Jan 2026', 1),
  ((SELECT id FROM providers WHERE open_dental_provnum = 13), 'daily_guarantee',  'standard', 0.00, 700.00, '2026-01-01', 'Initial guarantee Jan 2026', 1),
  ((SELECT id FROM providers WHERE open_dental_provnum = 13), 'compensation', 'ortho',       25.00, 0.00, '2026-01-01', 'Ortho-specific rate', 1),
  ((SELECT id FROM providers WHERE open_dental_provnum = 14), 'compensation',     'standard', 35.00, 0.00, '2026-01-01', 'Initial rate Jan 2026', 1),
  ((SELECT id FROM providers WHERE open_dental_provnum = 14), 'daily_guarantee',  'standard', 0.00, 1200.00, '2026-01-01', 'Initial guarantee Jan 2026', 1),
  ((SELECT id FROM providers WHERE open_dental_provnum = 15), 'compensation',     'standard', 33.00, 0.00, '2026-01-01', 'Initial rate Jan 2026', 1),
  ((SELECT id FROM providers WHERE open_dental_provnum = 15), 'daily_guarantee',  'standard', 0.00, 950.00, '2026-01-01', 'Initial guarantee Jan 2026', 1),
  ((SELECT id FROM providers WHERE open_dental_provnum = 16), 'compensation',     'standard', 40.00, 0.00, '2026-01-01', 'Initial rate Jan 2026', 1),
  ((SELECT id FROM providers WHERE open_dental_provnum = 16), 'daily_guarantee',  'standard', 0.00, 350.00, '2026-01-01', 'Initial guarantee Jan 2026', 1),
  ((SELECT id FROM providers WHERE open_dental_provnum = 16), 'compensation', 'hygiene',     45.00, 0.00, '2026-01-01', 'Hygiene-specific rate', 1),
  ((SELECT id FROM providers WHERE open_dental_provnum = 17), 'compensation',     'standard', 40.00, 0.00, '2026-01-01', 'Initial rate Jan 2026', 1),
  ((SELECT id FROM providers WHERE open_dental_provnum = 17), 'daily_guarantee',  'standard', 0.00, 350.00, '2026-01-01', 'Initial guarantee Jan 2026', 1),
  ((SELECT id FROM providers WHERE open_dental_provnum = 17), 'compensation', 'hygiene',     45.00, 0.00, '2026-01-01', 'Hygiene-specific rate', 1);

-- 5. PROVIDER TIME ENTRIES — per business day per pay period
INSERT IGNORE INTO provider_time_entries
  (provider_id, entry_date, pay_period_start, pay_period_end, time_type, hours, notes, created_by, is_active)
VALUES
  ((SELECT id FROM providers WHERE open_dental_provnum = 12), '2026-01-01', '2026-01-01', '2026-01-15', 'sick', 8.00, NULL, 13, 1),
  ((SELECT id FROM providers WHERE open_dental_provnum = 12), '2026-01-02', '2026-01-01', '2026-01-15', 'base', 8.00, NULL, 13, 1),
  ((SELECT id FROM providers WHERE open_dental_provnum = 12), '2026-01-05', '2026-01-01', '2026-01-15', 'education', 4.00, NULL, 13, 1),
  ((SELECT id FROM providers WHERE open_dental_provnum = 12), '2026-01-06', '2026-01-01', '2026-01-15', 'base', 8.00, NULL, 13, 1),
  ((SELECT id FROM providers WHERE open_dental_provnum = 12), '2026-01-07', '2026-01-01', '2026-01-15', 'base', 8.00, NULL, 13, 1),
  ((SELECT id FROM providers WHERE open_dental_provnum = 12), '2026-01-08', '2026-01-01', '2026-01-15', 'base', 8.00, NULL, 13, 1),
  ((SELECT id FROM providers WHERE open_dental_provnum = 12), '2026-01-09', '2026-01-01', '2026-01-15', 'base', 8.00, NULL, 13, 1),
  ((SELECT id FROM providers WHERE open_dental_provnum = 12), '2026-01-12', '2026-01-01', '2026-01-15', 'base', 8.00, NULL, 13, 1),
  ((SELECT id FROM providers WHERE open_dental_provnum = 12), '2026-01-13', '2026-01-01', '2026-01-15', 'base', 8.00, NULL, 13, 1),
  ((SELECT id FROM providers WHERE open_dental_provnum = 12), '2026-01-14', '2026-01-01', '2026-01-15', 'base', 8.00, NULL, 13, 1),
  ((SELECT id FROM providers WHERE open_dental_provnum = 12), '2026-01-15', '2026-01-01', '2026-01-15', 'base', 8.00, NULL, 13, 1),
  ((SELECT id FROM providers WHERE open_dental_provnum = 12), '2026-01-16', '2026-01-16', '2026-01-31', 'base', 8.00, NULL, 13, 1),
  ((SELECT id FROM providers WHERE open_dental_provnum = 12), '2026-01-19', '2026-01-16', '2026-01-31', 'sick', 8.00, NULL, 13, 1),
  ((SELECT id FROM providers WHERE open_dental_provnum = 12), '2026-01-20', '2026-01-16', '2026-01-31', 'base', 8.00, NULL, 13, 1),
  ((SELECT id FROM providers WHERE open_dental_provnum = 12), '2026-01-21', '2026-01-16', '2026-01-31', 'base', 8.00, NULL, 13, 1),
  ((SELECT id FROM providers WHERE open_dental_provnum = 12), '2026-01-22', '2026-01-16', '2026-01-31', 'base', 8.00, NULL, 13, 1),
  ((SELECT id FROM providers WHERE open_dental_provnum = 12), '2026-01-23', '2026-01-16', '2026-01-31', 'base', 8.00, NULL, 13, 1),
  ((SELECT id FROM providers WHERE open_dental_provnum = 12), '2026-01-26', '2026-01-16', '2026-01-31', 'base', 8.00, NULL, 13, 1),
  ((SELECT id FROM providers WHERE open_dental_provnum = 12), '2026-01-27', '2026-01-16', '2026-01-31', 'base', 8.00, NULL, 13, 1),
  ((SELECT id FROM providers WHERE open_dental_provnum = 12), '2026-01-28', '2026-01-16', '2026-01-31', 'vacation', 8.00, NULL, 13, 1),
  ((SELECT id FROM providers WHERE open_dental_provnum = 12), '2026-01-29', '2026-01-16', '2026-01-31', 'base', 8.00, NULL, 13, 1),
  ((SELECT id FROM providers WHERE open_dental_provnum = 12), '2026-01-30', '2026-01-16', '2026-01-31', 'base', 8.00, NULL, 13, 1),
  ((SELECT id FROM providers WHERE open_dental_provnum = 12), '2026-02-02', '2026-02-01', '2026-02-15', 'base', 8.00, NULL, 13, 1),
  ((SELECT id FROM providers WHERE open_dental_provnum = 12), '2026-02-03', '2026-02-01', '2026-02-15', 'sick', 8.00, NULL, 13, 1),
  ((SELECT id FROM providers WHERE open_dental_provnum = 12), '2026-02-04', '2026-02-01', '2026-02-15', 'base', 8.00, NULL, 13, 1),
  ((SELECT id FROM providers WHERE open_dental_provnum = 12), '2026-02-05', '2026-02-01', '2026-02-15', 'base', 8.00, NULL, 13, 1),
  ((SELECT id FROM providers WHERE open_dental_provnum = 12), '2026-02-06', '2026-02-01', '2026-02-15', 'base', 8.00, NULL, 13, 1),
  ((SELECT id FROM providers WHERE open_dental_provnum = 12), '2026-02-09', '2026-02-01', '2026-02-15', 'base', 8.00, NULL, 13, 1),
  ((SELECT id FROM providers WHERE open_dental_provnum = 12), '2026-02-10', '2026-02-01', '2026-02-15', 'base', 8.00, NULL, 13, 1),
  ((SELECT id FROM providers WHERE open_dental_provnum = 12), '2026-02-11', '2026-02-01', '2026-02-15', 'base', 8.00, NULL, 13, 1),
  ((SELECT id FROM providers WHERE open_dental_provnum = 12), '2026-02-12', '2026-02-01', '2026-02-15', 'base', 8.00, NULL, 13, 1),
  ((SELECT id FROM providers WHERE open_dental_provnum = 12), '2026-02-13', '2026-02-01', '2026-02-15', 'base', 8.00, NULL, 13, 1),
  ((SELECT id FROM providers WHERE open_dental_provnum = 12), '2026-02-16', '2026-02-16', '2026-02-28', 'base', 8.00, NULL, 13, 1),
  ((SELECT id FROM providers WHERE open_dental_provnum = 12), '2026-02-17', '2026-02-16', '2026-02-28', 'base', 8.00, NULL, 13, 1),
  ((SELECT id FROM providers WHERE open_dental_provnum = 12), '2026-02-18', '2026-02-16', '2026-02-28', 'base', 8.00, NULL, 13, 1),
  ((SELECT id FROM providers WHERE open_dental_provnum = 12), '2026-02-19', '2026-02-16', '2026-02-28', 'education', 4.00, NULL, 13, 1),
  ((SELECT id FROM providers WHERE open_dental_provnum = 12), '2026-02-20', '2026-02-16', '2026-02-28', 'base', 8.00, NULL, 13, 1),
  ((SELECT id FROM providers WHERE open_dental_provnum = 12), '2026-02-23', '2026-02-16', '2026-02-28', 'education', 4.00, NULL, 13, 1),
  ((SELECT id FROM providers WHERE open_dental_provnum = 12), '2026-02-24', '2026-02-16', '2026-02-28', 'base', 8.00, NULL, 13, 1),
  ((SELECT id FROM providers WHERE open_dental_provnum = 12), '2026-02-25', '2026-02-16', '2026-02-28', 'base', 8.00, NULL, 13, 1),
  ((SELECT id FROM providers WHERE open_dental_provnum = 12), '2026-02-26', '2026-02-16', '2026-02-28', 'education', 4.00, NULL, 13, 1),
  ((SELECT id FROM providers WHERE open_dental_provnum = 12), '2026-02-27', '2026-02-16', '2026-02-28', 'base', 8.00, NULL, 13, 1),
  ((SELECT id FROM providers WHERE open_dental_provnum = 12), '2026-03-02', '2026-03-01', '2026-03-15', 'base', 8.00, NULL, 13, 1),
  ((SELECT id FROM providers WHERE open_dental_provnum = 12), '2026-03-03', '2026-03-01', '2026-03-15', 'base', 8.00, NULL, 13, 1),
  ((SELECT id FROM providers WHERE open_dental_provnum = 12), '2026-03-04', '2026-03-01', '2026-03-15', 'base', 8.00, NULL, 13, 1),
  ((SELECT id FROM providers WHERE open_dental_provnum = 12), '2026-03-05', '2026-03-01', '2026-03-15', 'education', 4.00, NULL, 13, 1),
  ((SELECT id FROM providers WHERE open_dental_provnum = 12), '2026-03-06', '2026-03-01', '2026-03-15', 'base', 8.00, NULL, 13, 1),
  ((SELECT id FROM providers WHERE open_dental_provnum = 12), '2026-03-09', '2026-03-01', '2026-03-15', 'base', 8.00, NULL, 13, 1),
  ((SELECT id FROM providers WHERE open_dental_provnum = 12), '2026-03-10', '2026-03-01', '2026-03-15', 'sick', 8.00, NULL, 13, 1),
  ((SELECT id FROM providers WHERE open_dental_provnum = 12), '2026-03-11', '2026-03-01', '2026-03-15', 'base', 8.00, NULL, 13, 1),
  ((SELECT id FROM providers WHERE open_dental_provnum = 12), '2026-03-12', '2026-03-01', '2026-03-15', 'base', 8.00, NULL, 13, 1),
  ((SELECT id FROM providers WHERE open_dental_provnum = 12), '2026-03-13', '2026-03-01', '2026-03-15', 'base', 8.00, NULL, 13, 1),
  ((SELECT id FROM providers WHERE open_dental_provnum = 12), '2026-03-16', '2026-03-16', '2026-03-31', 'sick', 8.00, NULL, 13, 1),
  ((SELECT id FROM providers WHERE open_dental_provnum = 12), '2026-03-17', '2026-03-16', '2026-03-31', 'base', 8.00, NULL, 13, 1),
  ((SELECT id FROM providers WHERE open_dental_provnum = 12), '2026-03-18', '2026-03-16', '2026-03-31', 'base', 8.00, NULL, 13, 1),
  ((SELECT id FROM providers WHERE open_dental_provnum = 12), '2026-03-19', '2026-03-16', '2026-03-31', 'education', 4.00, NULL, 13, 1),
  ((SELECT id FROM providers WHERE open_dental_provnum = 12), '2026-03-20', '2026-03-16', '2026-03-31', 'education', 4.00, NULL, 13, 1),
  ((SELECT id FROM providers WHERE open_dental_provnum = 12), '2026-03-23', '2026-03-16', '2026-03-31', 'base', 8.00, NULL, 13, 1),
  ((SELECT id FROM providers WHERE open_dental_provnum = 12), '2026-03-24', '2026-03-16', '2026-03-31', 'base', 8.00, NULL, 13, 1),
  ((SELECT id FROM providers WHERE open_dental_provnum = 12), '2026-03-25', '2026-03-16', '2026-03-31', 'vacation', 8.00, NULL, 13, 1),
  ((SELECT id FROM providers WHERE open_dental_provnum = 12), '2026-03-26', '2026-03-16', '2026-03-31', 'base', 8.00, NULL, 13, 1),
  ((SELECT id FROM providers WHERE open_dental_provnum = 12), '2026-03-27', '2026-03-16', '2026-03-31', 'education', 4.00, NULL, 13, 1),
  ((SELECT id FROM providers WHERE open_dental_provnum = 12), '2026-03-30', '2026-03-16', '2026-03-31', 'base', 8.00, NULL, 13, 1),
  ((SELECT id FROM providers WHERE open_dental_provnum = 12), '2026-03-31', '2026-03-16', '2026-03-31', 'base', 8.00, NULL, 13, 1),
  ((SELECT id FROM providers WHERE open_dental_provnum = 12), '2026-04-01', '2026-04-01', '2026-04-15', 'base', 8.00, NULL, 13, 1),
  ((SELECT id FROM providers WHERE open_dental_provnum = 12), '2026-04-02', '2026-04-01', '2026-04-15', 'base', 8.00, NULL, 13, 1),
  ((SELECT id FROM providers WHERE open_dental_provnum = 12), '2026-04-03', '2026-04-01', '2026-04-15', 'base', 8.00, NULL, 13, 1),
  ((SELECT id FROM providers WHERE open_dental_provnum = 12), '2026-04-06', '2026-04-01', '2026-04-15', 'base', 8.00, NULL, 13, 1),
  ((SELECT id FROM providers WHERE open_dental_provnum = 12), '2026-04-07', '2026-04-01', '2026-04-15', 'base', 8.00, NULL, 13, 1),
  ((SELECT id FROM providers WHERE open_dental_provnum = 12), '2026-04-08', '2026-04-01', '2026-04-15', 'sick', 8.00, NULL, 13, 1),
  ((SELECT id FROM providers WHERE open_dental_provnum = 12), '2026-04-09', '2026-04-01', '2026-04-15', 'base', 8.00, NULL, 13, 1),
  ((SELECT id FROM providers WHERE open_dental_provnum = 12), '2026-04-10', '2026-04-01', '2026-04-15', 'base', 8.00, NULL, 13, 1),
  ((SELECT id FROM providers WHERE open_dental_provnum = 12), '2026-04-13', '2026-04-01', '2026-04-15', 'base', 8.00, NULL, 13, 1),
  ((SELECT id FROM providers WHERE open_dental_provnum = 12), '2026-04-14', '2026-04-01', '2026-04-15', 'base', 8.00, NULL, 13, 1),
  ((SELECT id FROM providers WHERE open_dental_provnum = 12), '2026-04-15', '2026-04-01', '2026-04-15', 'vacation', 8.00, NULL, 13, 1),
  ((SELECT id FROM providers WHERE open_dental_provnum = 12), '2026-04-16', '2026-04-16', '2026-04-30', 'base', 8.00, NULL, 13, 1),
  ((SELECT id FROM providers WHERE open_dental_provnum = 12), '2026-04-17', '2026-04-16', '2026-04-30', 'base', 8.00, NULL, 13, 1),
  ((SELECT id FROM providers WHERE open_dental_provnum = 12), '2026-04-20', '2026-04-16', '2026-04-30', 'vacation', 8.00, NULL, 13, 1),
  ((SELECT id FROM providers WHERE open_dental_provnum = 12), '2026-04-21', '2026-04-16', '2026-04-30', 'base', 8.00, NULL, 13, 1),
  ((SELECT id FROM providers WHERE open_dental_provnum = 12), '2026-04-22', '2026-04-16', '2026-04-30', 'base', 8.00, NULL, 13, 1),
  ((SELECT id FROM providers WHERE open_dental_provnum = 12), '2026-04-23', '2026-04-16', '2026-04-30', 'education', 4.00, NULL, 13, 1),
  ((SELECT id FROM providers WHERE open_dental_provnum = 12), '2026-04-24', '2026-04-16', '2026-04-30', 'base', 8.00, NULL, 13, 1),
  ((SELECT id FROM providers WHERE open_dental_provnum = 12), '2026-04-27', '2026-04-16', '2026-04-30', 'base', 8.00, NULL, 13, 1),
  ((SELECT id FROM providers WHERE open_dental_provnum = 12), '2026-04-28', '2026-04-16', '2026-04-30', 'base', 8.00, NULL, 13, 1),
  ((SELECT id FROM providers WHERE open_dental_provnum = 12), '2026-04-29', '2026-04-16', '2026-04-30', 'base', 8.00, NULL, 13, 1),
  ((SELECT id FROM providers WHERE open_dental_provnum = 12), '2026-04-30', '2026-04-16', '2026-04-30', 'base', 8.00, NULL, 13, 1),
  ((SELECT id FROM providers WHERE open_dental_provnum = 12), '2026-05-01', '2026-05-01', '2026-05-15', 'base', 8.00, NULL, 13, 1),
  ((SELECT id FROM providers WHERE open_dental_provnum = 12), '2026-05-04', '2026-05-01', '2026-05-15', 'base', 8.00, NULL, 13, 1),
  ((SELECT id FROM providers WHERE open_dental_provnum = 12), '2026-05-05', '2026-05-01', '2026-05-15', 'base', 8.00, NULL, 13, 1),
  ((SELECT id FROM providers WHERE open_dental_provnum = 12), '2026-05-06', '2026-05-01', '2026-05-15', 'vacation', 8.00, NULL, 13, 1),
  ((SELECT id FROM providers WHERE open_dental_provnum = 12), '2026-05-07', '2026-05-01', '2026-05-15', 'base', 8.00, NULL, 13, 1),
  ((SELECT id FROM providers WHERE open_dental_provnum = 12), '2026-05-08', '2026-05-01', '2026-05-15', 'base', 8.00, NULL, 13, 1),
  ((SELECT id FROM providers WHERE open_dental_provnum = 12), '2026-05-11', '2026-05-01', '2026-05-15', 'base', 8.00, NULL, 13, 1),
  ((SELECT id FROM providers WHERE open_dental_provnum = 12), '2026-05-12', '2026-05-01', '2026-05-15', 'base', 8.00, NULL, 13, 1),
  ((SELECT id FROM providers WHERE open_dental_provnum = 12), '2026-05-13', '2026-05-01', '2026-05-15', 'base', 8.00, NULL, 13, 1),
  ((SELECT id FROM providers WHERE open_dental_provnum = 12), '2026-05-14', '2026-05-01', '2026-05-15', 'education', 4.00, NULL, 13, 1),
  ((SELECT id FROM providers WHERE open_dental_provnum = 12), '2026-05-15', '2026-05-01', '2026-05-15', 'base', 8.00, NULL, 13, 1),
  ((SELECT id FROM providers WHERE open_dental_provnum = 12), '2026-05-18', '2026-05-16', '2026-05-31', 'base', 8.00, NULL, 13, 1),
  ((SELECT id FROM providers WHERE open_dental_provnum = 12), '2026-05-19', '2026-05-16', '2026-05-31', 'base', 8.00, NULL, 13, 1),
  ((SELECT id FROM providers WHERE open_dental_provnum = 12), '2026-05-20', '2026-05-16', '2026-05-31', 'education', 4.00, NULL, 13, 1),
  ((SELECT id FROM providers WHERE open_dental_provnum = 12), '2026-05-21', '2026-05-16', '2026-05-31', 'education', 4.00, NULL, 13, 1),
  ((SELECT id FROM providers WHERE open_dental_provnum = 12), '2026-05-22', '2026-05-16', '2026-05-31', 'sick', 8.00, NULL, 13, 1),
  ((SELECT id FROM providers WHERE open_dental_provnum = 12), '2026-05-25', '2026-05-16', '2026-05-31', 'base', 8.00, NULL, 13, 1),
  ((SELECT id FROM providers WHERE open_dental_provnum = 12), '2026-05-26', '2026-05-16', '2026-05-31', 'base', 8.00, NULL, 13, 1),
  ((SELECT id FROM providers WHERE open_dental_provnum = 12), '2026-05-27', '2026-05-16', '2026-05-31', 'base', 8.00, NULL, 13, 1),
  ((SELECT id FROM providers WHERE open_dental_provnum = 12), '2026-05-28', '2026-05-16', '2026-05-31', 'base', 8.00, NULL, 13, 1),
  ((SELECT id FROM providers WHERE open_dental_provnum = 12), '2026-05-29', '2026-05-16', '2026-05-31', 'vacation', 8.00, NULL, 13, 1),
  ((SELECT id FROM providers WHERE open_dental_provnum = 13), '2026-01-01', '2026-01-01', '2026-01-15', 'education', 4.00, NULL, 13, 1),
  ((SELECT id FROM providers WHERE open_dental_provnum = 13), '2026-01-02', '2026-01-01', '2026-01-15', 'education', 4.00, NULL, 13, 1),
  ((SELECT id FROM providers WHERE open_dental_provnum = 13), '2026-01-05', '2026-01-01', '2026-01-15', 'vacation', 8.00, NULL, 13, 1),
  ((SELECT id FROM providers WHERE open_dental_provnum = 13), '2026-01-06', '2026-01-01', '2026-01-15', 'base', 8.00, NULL, 13, 1),
  ((SELECT id FROM providers WHERE open_dental_provnum = 13), '2026-01-07', '2026-01-01', '2026-01-15', 'education', 4.00, NULL, 13, 1),
  ((SELECT id FROM providers WHERE open_dental_provnum = 13), '2026-01-08', '2026-01-01', '2026-01-15', 'base', 8.00, NULL, 13, 1),
  ((SELECT id FROM providers WHERE open_dental_provnum = 13), '2026-01-09', '2026-01-01', '2026-01-15', 'base', 8.00, NULL, 13, 1),
  ((SELECT id FROM providers WHERE open_dental_provnum = 13), '2026-01-12', '2026-01-01', '2026-01-15', 'base', 8.00, NULL, 13, 1),
  ((SELECT id FROM providers WHERE open_dental_provnum = 13), '2026-01-13', '2026-01-01', '2026-01-15', 'base', 8.00, NULL, 13, 1),
  ((SELECT id FROM providers WHERE open_dental_provnum = 13), '2026-01-14', '2026-01-01', '2026-01-15', 'base', 8.00, NULL, 13, 1),
  ((SELECT id FROM providers WHERE open_dental_provnum = 13), '2026-01-15', '2026-01-01', '2026-01-15', 'base', 8.00, NULL, 13, 1),
  ((SELECT id FROM providers WHERE open_dental_provnum = 13), '2026-01-16', '2026-01-16', '2026-01-31', 'base', 8.00, NULL, 13, 1),
  ((SELECT id FROM providers WHERE open_dental_provnum = 13), '2026-01-19', '2026-01-16', '2026-01-31', 'base', 8.00, NULL, 13, 1),
  ((SELECT id FROM providers WHERE open_dental_provnum = 13), '2026-01-20', '2026-01-16', '2026-01-31', 'base', 8.00, NULL, 13, 1),
  ((SELECT id FROM providers WHERE open_dental_provnum = 13), '2026-01-21', '2026-01-16', '2026-01-31', 'base', 8.00, NULL, 13, 1),
  ((SELECT id FROM providers WHERE open_dental_provnum = 13), '2026-01-22', '2026-01-16', '2026-01-31', 'education', 4.00, NULL, 13, 1),
  ((SELECT id FROM providers WHERE open_dental_provnum = 13), '2026-01-23', '2026-01-16', '2026-01-31', 'education', 4.00, NULL, 13, 1),
  ((SELECT id FROM providers WHERE open_dental_provnum = 13), '2026-01-26', '2026-01-16', '2026-01-31', 'base', 8.00, NULL, 13, 1),
  ((SELECT id FROM providers WHERE open_dental_provnum = 13), '2026-01-27', '2026-01-16', '2026-01-31', 'base', 8.00, NULL, 13, 1),
  ((SELECT id FROM providers WHERE open_dental_provnum = 13), '2026-01-28', '2026-01-16', '2026-01-31', 'education', 4.00, NULL, 13, 1),
  ((SELECT id FROM providers WHERE open_dental_provnum = 13), '2026-01-29', '2026-01-16', '2026-01-31', 'base', 8.00, NULL, 13, 1),
  ((SELECT id FROM providers WHERE open_dental_provnum = 13), '2026-01-30', '2026-01-16', '2026-01-31', 'base', 8.00, NULL, 13, 1),
  ((SELECT id FROM providers WHERE open_dental_provnum = 13), '2026-02-02', '2026-02-01', '2026-02-15', 'base', 8.00, NULL, 13, 1),
  ((SELECT id FROM providers WHERE open_dental_provnum = 13), '2026-02-03', '2026-02-01', '2026-02-15', 'sick', 8.00, NULL, 13, 1),
  ((SELECT id FROM providers WHERE open_dental_provnum = 13), '2026-02-04', '2026-02-01', '2026-02-15', 'base', 8.00, NULL, 13, 1),
  ((SELECT id FROM providers WHERE open_dental_provnum = 13), '2026-02-05', '2026-02-01', '2026-02-15', 'base', 8.00, NULL, 13, 1),
  ((SELECT id FROM providers WHERE open_dental_provnum = 13), '2026-02-06', '2026-02-01', '2026-02-15', 'base', 8.00, NULL, 13, 1),
  ((SELECT id FROM providers WHERE open_dental_provnum = 13), '2026-02-09', '2026-02-01', '2026-02-15', 'base', 8.00, NULL, 13, 1),
  ((SELECT id FROM providers WHERE open_dental_provnum = 13), '2026-02-10', '2026-02-01', '2026-02-15', 'base', 8.00, NULL, 13, 1),
  ((SELECT id FROM providers WHERE open_dental_provnum = 13), '2026-02-11', '2026-02-01', '2026-02-15', 'base', 8.00, NULL, 13, 1),
  ((SELECT id FROM providers WHERE open_dental_provnum = 13), '2026-02-12', '2026-02-01', '2026-02-15', 'base', 8.00, NULL, 13, 1),
  ((SELECT id FROM providers WHERE open_dental_provnum = 13), '2026-02-13', '2026-02-01', '2026-02-15', 'base', 8.00, NULL, 13, 1),
  ((SELECT id FROM providers WHERE open_dental_provnum = 13), '2026-02-16', '2026-02-16', '2026-02-28', 'base', 8.00, NULL, 13, 1),
  ((SELECT id FROM providers WHERE open_dental_provnum = 13), '2026-02-17', '2026-02-16', '2026-02-28', 'education', 4.00, NULL, 13, 1),
  ((SELECT id FROM providers WHERE open_dental_provnum = 13), '2026-02-18', '2026-02-16', '2026-02-28', 'base', 8.00, NULL, 13, 1),
  ((SELECT id FROM providers WHERE open_dental_provnum = 13), '2026-02-19', '2026-02-16', '2026-02-28', 'base', 8.00, NULL, 13, 1),
  ((SELECT id FROM providers WHERE open_dental_provnum = 13), '2026-02-20', '2026-02-16', '2026-02-28', 'base', 8.00, NULL, 13, 1),
  ((SELECT id FROM providers WHERE open_dental_provnum = 13), '2026-02-23', '2026-02-16', '2026-02-28', 'base', 8.00, NULL, 13, 1),
  ((SELECT id FROM providers WHERE open_dental_provnum = 13), '2026-02-24', '2026-02-16', '2026-02-28', 'base', 8.00, NULL, 13, 1),
  ((SELECT id FROM providers WHERE open_dental_provnum = 13), '2026-02-25', '2026-02-16', '2026-02-28', 'base', 8.00, NULL, 13, 1),
  ((SELECT id FROM providers WHERE open_dental_provnum = 13), '2026-02-26', '2026-02-16', '2026-02-28', 'base', 8.00, NULL, 13, 1),
  ((SELECT id FROM providers WHERE open_dental_provnum = 13), '2026-02-27', '2026-02-16', '2026-02-28', 'base', 8.00, NULL, 13, 1),
  ((SELECT id FROM providers WHERE open_dental_provnum = 13), '2026-03-02', '2026-03-01', '2026-03-15', 'sick', 8.00, NULL, 13, 1),
  ((SELECT id FROM providers WHERE open_dental_provnum = 13), '2026-03-03', '2026-03-01', '2026-03-15', 'base', 8.00, NULL, 13, 1),
  ((SELECT id FROM providers WHERE open_dental_provnum = 13), '2026-03-04', '2026-03-01', '2026-03-15', 'base', 8.00, NULL, 13, 1),
  ((SELECT id FROM providers WHERE open_dental_provnum = 13), '2026-03-05', '2026-03-01', '2026-03-15', 'base', 8.00, NULL, 13, 1),
  ((SELECT id FROM providers WHERE open_dental_provnum = 13), '2026-03-06', '2026-03-01', '2026-03-15', 'base', 8.00, NULL, 13, 1),
  ((SELECT id FROM providers WHERE open_dental_provnum = 13), '2026-03-09', '2026-03-01', '2026-03-15', 'base', 8.00, NULL, 13, 1),
  ((SELECT id FROM providers WHERE open_dental_provnum = 13), '2026-03-10', '2026-03-01', '2026-03-15', 'base', 8.00, NULL, 13, 1),
  ((SELECT id FROM providers WHERE open_dental_provnum = 13), '2026-03-11', '2026-03-01', '2026-03-15', 'base', 8.00, NULL, 13, 1),
  ((SELECT id FROM providers WHERE open_dental_provnum = 13), '2026-03-12', '2026-03-01', '2026-03-15', 'education', 4.00, NULL, 13, 1),
  ((SELECT id FROM providers WHERE open_dental_provnum = 13), '2026-03-13', '2026-03-01', '2026-03-15', 'base', 8.00, NULL, 13, 1),
  ((SELECT id FROM providers WHERE open_dental_provnum = 13), '2026-03-16', '2026-03-16', '2026-03-31', 'base', 8.00, NULL, 13, 1),
  ((SELECT id FROM providers WHERE open_dental_provnum = 13), '2026-03-17', '2026-03-16', '2026-03-31', 'base', 8.00, NULL, 13, 1),
  ((SELECT id FROM providers WHERE open_dental_provnum = 13), '2026-03-18', '2026-03-16', '2026-03-31', 'base', 8.00, NULL, 13, 1),
  ((SELECT id FROM providers WHERE open_dental_provnum = 13), '2026-03-19', '2026-03-16', '2026-03-31', 'base', 8.00, NULL, 13, 1),
  ((SELECT id FROM providers WHERE open_dental_provnum = 13), '2026-03-20', '2026-03-16', '2026-03-31', 'base', 8.00, NULL, 13, 1),
  ((SELECT id FROM providers WHERE open_dental_provnum = 13), '2026-03-23', '2026-03-16', '2026-03-31', 'base', 8.00, NULL, 13, 1),
  ((SELECT id FROM providers WHERE open_dental_provnum = 13), '2026-03-24', '2026-03-16', '2026-03-31', 'base', 8.00, NULL, 13, 1),
  ((SELECT id FROM providers WHERE open_dental_provnum = 13), '2026-03-25', '2026-03-16', '2026-03-31', 'base', 8.00, NULL, 13, 1),
  ((SELECT id FROM providers WHERE open_dental_provnum = 13), '2026-03-26', '2026-03-16', '2026-03-31', 'base', 8.00, NULL, 13, 1),
  ((SELECT id FROM providers WHERE open_dental_provnum = 13), '2026-03-27', '2026-03-16', '2026-03-31', 'base', 8.00, NULL, 13, 1),
  ((SELECT id FROM providers WHERE open_dental_provnum = 13), '2026-03-30', '2026-03-16', '2026-03-31', 'base', 8.00, NULL, 13, 1),
  ((SELECT id FROM providers WHERE open_dental_provnum = 13), '2026-03-31', '2026-03-16', '2026-03-31', 'base', 8.00, NULL, 13, 1),
  ((SELECT id FROM providers WHERE open_dental_provnum = 13), '2026-04-01', '2026-04-01', '2026-04-15', 'vacation', 8.00, NULL, 13, 1),
  ((SELECT id FROM providers WHERE open_dental_provnum = 13), '2026-04-02', '2026-04-01', '2026-04-15', 'education', 4.00, NULL, 13, 1),
  ((SELECT id FROM providers WHERE open_dental_provnum = 13), '2026-04-03', '2026-04-01', '2026-04-15', 'base', 8.00, NULL, 13, 1),
  ((SELECT id FROM providers WHERE open_dental_provnum = 13), '2026-04-06', '2026-04-01', '2026-04-15', 'base', 8.00, NULL, 13, 1),
  ((SELECT id FROM providers WHERE open_dental_provnum = 13), '2026-04-07', '2026-04-01', '2026-04-15', 'base', 8.00, NULL, 13, 1),
  ((SELECT id FROM providers WHERE open_dental_provnum = 13), '2026-04-08', '2026-04-01', '2026-04-15', 'base', 8.00, NULL, 13, 1),
  ((SELECT id FROM providers WHERE open_dental_provnum = 13), '2026-04-09', '2026-04-01', '2026-04-15', 'base', 8.00, NULL, 13, 1),
  ((SELECT id FROM providers WHERE open_dental_provnum = 13), '2026-04-10', '2026-04-01', '2026-04-15', 'base', 8.00, NULL, 13, 1),
  ((SELECT id FROM providers WHERE open_dental_provnum = 13), '2026-04-13', '2026-04-01', '2026-04-15', 'base', 8.00, NULL, 13, 1),
  ((SELECT id FROM providers WHERE open_dental_provnum = 13), '2026-04-14', '2026-04-01', '2026-04-15', 'base', 8.00, NULL, 13, 1),
  ((SELECT id FROM providers WHERE open_dental_provnum = 13), '2026-04-15', '2026-04-01', '2026-04-15', 'base', 8.00, NULL, 13, 1),
  ((SELECT id FROM providers WHERE open_dental_provnum = 13), '2026-04-16', '2026-04-16', '2026-04-30', 'base', 8.00, NULL, 13, 1),
  ((SELECT id FROM providers WHERE open_dental_provnum = 13), '2026-04-17', '2026-04-16', '2026-04-30', 'base', 8.00, NULL, 13, 1),
  ((SELECT id FROM providers WHERE open_dental_provnum = 13), '2026-04-20', '2026-04-16', '2026-04-30', 'education', 4.00, NULL, 13, 1),
  ((SELECT id FROM providers WHERE open_dental_provnum = 13), '2026-04-21', '2026-04-16', '2026-04-30', 'base', 8.00, NULL, 13, 1),
  ((SELECT id FROM providers WHERE open_dental_provnum = 13), '2026-04-22', '2026-04-16', '2026-04-30', 'base', 8.00, NULL, 13, 1),
  ((SELECT id FROM providers WHERE open_dental_provnum = 13), '2026-04-23', '2026-04-16', '2026-04-30', 'base', 8.00, NULL, 13, 1),
  ((SELECT id FROM providers WHERE open_dental_provnum = 13), '2026-04-24', '2026-04-16', '2026-04-30', 'base', 8.00, NULL, 13, 1),
  ((SELECT id FROM providers WHERE open_dental_provnum = 13), '2026-04-27', '2026-04-16', '2026-04-30', 'education', 4.00, NULL, 13, 1),
  ((SELECT id FROM providers WHERE open_dental_provnum = 13), '2026-04-28', '2026-04-16', '2026-04-30', 'base', 8.00, NULL, 13, 1),
  ((SELECT id FROM providers WHERE open_dental_provnum = 13), '2026-04-29', '2026-04-16', '2026-04-30', 'base', 8.00, NULL, 13, 1),
  ((SELECT id FROM providers WHERE open_dental_provnum = 13), '2026-04-30', '2026-04-16', '2026-04-30', 'base', 8.00, NULL, 13, 1),
  ((SELECT id FROM providers WHERE open_dental_provnum = 13), '2026-05-01', '2026-05-01', '2026-05-15', 'base', 8.00, NULL, 13, 1),
  ((SELECT id FROM providers WHERE open_dental_provnum = 13), '2026-05-04', '2026-05-01', '2026-05-15', 'base', 8.00, NULL, 13, 1),
  ((SELECT id FROM providers WHERE open_dental_provnum = 13), '2026-05-05', '2026-05-01', '2026-05-15', 'vacation', 8.00, NULL, 13, 1),
  ((SELECT id FROM providers WHERE open_dental_provnum = 13), '2026-05-06', '2026-05-01', '2026-05-15', 'base', 8.00, NULL, 13, 1),
  ((SELECT id FROM providers WHERE open_dental_provnum = 13), '2026-05-07', '2026-05-01', '2026-05-15', 'base', 8.00, NULL, 13, 1),
  ((SELECT id FROM providers WHERE open_dental_provnum = 13), '2026-05-08', '2026-05-01', '2026-05-15', 'base', 8.00, NULL, 13, 1),
  ((SELECT id FROM providers WHERE open_dental_provnum = 13), '2026-05-11', '2026-05-01', '2026-05-15', 'base', 8.00, NULL, 13, 1),
  ((SELECT id FROM providers WHERE open_dental_provnum = 13), '2026-05-12', '2026-05-01', '2026-05-15', 'base', 8.00, NULL, 13, 1),
  ((SELECT id FROM providers WHERE open_dental_provnum = 13), '2026-05-13', '2026-05-01', '2026-05-15', 'education', 4.00, NULL, 13, 1),
  ((SELECT id FROM providers WHERE open_dental_provnum = 13), '2026-05-14', '2026-05-01', '2026-05-15', 'sick', 8.00, NULL, 13, 1),
  ((SELECT id FROM providers WHERE open_dental_provnum = 13), '2026-05-15', '2026-05-01', '2026-05-15', 'base', 8.00, NULL, 13, 1),
  ((SELECT id FROM providers WHERE open_dental_provnum = 13), '2026-05-18', '2026-05-16', '2026-05-31', 'base', 8.00, NULL, 13, 1),
  ((SELECT id FROM providers WHERE open_dental_provnum = 13), '2026-05-19', '2026-05-16', '2026-05-31', 'base', 8.00, NULL, 13, 1),
  ((SELECT id FROM providers WHERE open_dental_provnum = 13), '2026-05-20', '2026-05-16', '2026-05-31', 'education', 4.00, NULL, 13, 1),
  ((SELECT id FROM providers WHERE open_dental_provnum = 13), '2026-05-21', '2026-05-16', '2026-05-31', 'base', 8.00, NULL, 13, 1),
  ((SELECT id FROM providers WHERE open_dental_provnum = 13), '2026-05-22', '2026-05-16', '2026-05-31', 'base', 8.00, NULL, 13, 1),
  ((SELECT id FROM providers WHERE open_dental_provnum = 13), '2026-05-25', '2026-05-16', '2026-05-31', 'base', 8.00, NULL, 13, 1),
  ((SELECT id FROM providers WHERE open_dental_provnum = 13), '2026-05-26', '2026-05-16', '2026-05-31', 'base', 8.00, NULL, 13, 1),
  ((SELECT id FROM providers WHERE open_dental_provnum = 13), '2026-05-27', '2026-05-16', '2026-05-31', 'sick', 8.00, NULL, 13, 1),
  ((SELECT id FROM providers WHERE open_dental_provnum = 13), '2026-05-28', '2026-05-16', '2026-05-31', 'base', 8.00, NULL, 13, 1),
  ((SELECT id FROM providers WHERE open_dental_provnum = 13), '2026-05-29', '2026-05-16', '2026-05-31', 'base', 8.00, NULL, 13, 1),
  ((SELECT id FROM providers WHERE open_dental_provnum = 14), '2026-01-01', '2026-01-01', '2026-01-15', 'base', 8.00, NULL, 13, 1),
  ((SELECT id FROM providers WHERE open_dental_provnum = 14), '2026-01-02', '2026-01-01', '2026-01-15', 'sick', 8.00, NULL, 13, 1),
  ((SELECT id FROM providers WHERE open_dental_provnum = 14), '2026-01-05', '2026-01-01', '2026-01-15', 'sick', 8.00, NULL, 13, 1),
  ((SELECT id FROM providers WHERE open_dental_provnum = 14), '2026-01-06', '2026-01-01', '2026-01-15', 'base', 8.00, NULL, 13, 1),
  ((SELECT id FROM providers WHERE open_dental_provnum = 14), '2026-01-07', '2026-01-01', '2026-01-15', 'education', 4.00, NULL, 13, 1),
  ((SELECT id FROM providers WHERE open_dental_provnum = 14), '2026-01-08', '2026-01-01', '2026-01-15', 'base', 8.00, NULL, 13, 1),
  ((SELECT id FROM providers WHERE open_dental_provnum = 14), '2026-01-09', '2026-01-01', '2026-01-15', 'base', 8.00, NULL, 13, 1),
  ((SELECT id FROM providers WHERE open_dental_provnum = 14), '2026-01-12', '2026-01-01', '2026-01-15', 'base', 8.00, NULL, 13, 1),
  ((SELECT id FROM providers WHERE open_dental_provnum = 14), '2026-01-13', '2026-01-01', '2026-01-15', 'base', 8.00, NULL, 13, 1),
  ((SELECT id FROM providers WHERE open_dental_provnum = 14), '2026-01-14', '2026-01-01', '2026-01-15', 'base', 8.00, NULL, 13, 1),
  ((SELECT id FROM providers WHERE open_dental_provnum = 14), '2026-01-15', '2026-01-01', '2026-01-15', 'base', 8.00, NULL, 13, 1),
  ((SELECT id FROM providers WHERE open_dental_provnum = 14), '2026-01-16', '2026-01-16', '2026-01-31', 'base', 8.00, NULL, 13, 1),
  ((SELECT id FROM providers WHERE open_dental_provnum = 14), '2026-01-19', '2026-01-16', '2026-01-31', 'base', 8.00, NULL, 13, 1),
  ((SELECT id FROM providers WHERE open_dental_provnum = 14), '2026-01-20', '2026-01-16', '2026-01-31', 'base', 8.00, NULL, 13, 1),
  ((SELECT id FROM providers WHERE open_dental_provnum = 14), '2026-01-21', '2026-01-16', '2026-01-31', 'base', 8.00, NULL, 13, 1),
  ((SELECT id FROM providers WHERE open_dental_provnum = 14), '2026-01-22', '2026-01-16', '2026-01-31', 'education', 4.00, NULL, 13, 1),
  ((SELECT id FROM providers WHERE open_dental_provnum = 14), '2026-01-23', '2026-01-16', '2026-01-31', 'base', 8.00, NULL, 13, 1),
  ((SELECT id FROM providers WHERE open_dental_provnum = 14), '2026-01-26', '2026-01-16', '2026-01-31', 'base', 8.00, NULL, 13, 1),
  ((SELECT id FROM providers WHERE open_dental_provnum = 14), '2026-01-27', '2026-01-16', '2026-01-31', 'education', 4.00, NULL, 13, 1),
  ((SELECT id FROM providers WHERE open_dental_provnum = 14), '2026-01-28', '2026-01-16', '2026-01-31', 'base', 8.00, NULL, 13, 1),
  ((SELECT id FROM providers WHERE open_dental_provnum = 14), '2026-01-29', '2026-01-16', '2026-01-31', 'base', 8.00, NULL, 13, 1),
  ((SELECT id FROM providers WHERE open_dental_provnum = 14), '2026-01-30', '2026-01-16', '2026-01-31', 'base', 8.00, NULL, 13, 1),
  ((SELECT id FROM providers WHERE open_dental_provnum = 14), '2026-02-02', '2026-02-01', '2026-02-15', 'base', 8.00, NULL, 13, 1),
  ((SELECT id FROM providers WHERE open_dental_provnum = 14), '2026-02-03', '2026-02-01', '2026-02-15', 'base', 8.00, NULL, 13, 1),
  ((SELECT id FROM providers WHERE open_dental_provnum = 14), '2026-02-04', '2026-02-01', '2026-02-15', 'base', 8.00, NULL, 13, 1),
  ((SELECT id FROM providers WHERE open_dental_provnum = 14), '2026-02-05', '2026-02-01', '2026-02-15', 'base', 8.00, NULL, 13, 1),
  ((SELECT id FROM providers WHERE open_dental_provnum = 14), '2026-02-06', '2026-02-01', '2026-02-15', 'base', 8.00, NULL, 13, 1),
  ((SELECT id FROM providers WHERE open_dental_provnum = 14), '2026-02-09', '2026-02-01', '2026-02-15', 'base', 8.00, NULL, 13, 1),
  ((SELECT id FROM providers WHERE open_dental_provnum = 14), '2026-02-10', '2026-02-01', '2026-02-15', 'base', 8.00, NULL, 13, 1),
  ((SELECT id FROM providers WHERE open_dental_provnum = 14), '2026-02-11', '2026-02-01', '2026-02-15', 'base', 8.00, NULL, 13, 1),
  ((SELECT id FROM providers WHERE open_dental_provnum = 14), '2026-02-12', '2026-02-01', '2026-02-15', 'base', 8.00, NULL, 13, 1),
  ((SELECT id FROM providers WHERE open_dental_provnum = 14), '2026-02-13', '2026-02-01', '2026-02-15', 'vacation', 8.00, NULL, 13, 1),
  ((SELECT id FROM providers WHERE open_dental_provnum = 14), '2026-02-16', '2026-02-16', '2026-02-28', 'base', 8.00, NULL, 13, 1),
  ((SELECT id FROM providers WHERE open_dental_provnum = 14), '2026-02-17', '2026-02-16', '2026-02-28', 'base', 8.00, NULL, 13, 1),
  ((SELECT id FROM providers WHERE open_dental_provnum = 14), '2026-02-18', '2026-02-16', '2026-02-28', 'base', 8.00, NULL, 13, 1),
  ((SELECT id FROM providers WHERE open_dental_provnum = 14), '2026-02-19', '2026-02-16', '2026-02-28', 'base', 8.00, NULL, 13, 1),
  ((SELECT id FROM providers WHERE open_dental_provnum = 14), '2026-02-20', '2026-02-16', '2026-02-28', 'education', 4.00, NULL, 13, 1),
  ((SELECT id FROM providers WHERE open_dental_provnum = 14), '2026-02-23', '2026-02-16', '2026-02-28', 'base', 8.00, NULL, 13, 1),
  ((SELECT id FROM providers WHERE open_dental_provnum = 14), '2026-02-24', '2026-02-16', '2026-02-28', 'education', 4.00, NULL, 13, 1),
  ((SELECT id FROM providers WHERE open_dental_provnum = 14), '2026-02-25', '2026-02-16', '2026-02-28', 'base', 8.00, NULL, 13, 1),
  ((SELECT id FROM providers WHERE open_dental_provnum = 14), '2026-02-26', '2026-02-16', '2026-02-28', 'base', 8.00, NULL, 13, 1),
  ((SELECT id FROM providers WHERE open_dental_provnum = 14), '2026-02-27', '2026-02-16', '2026-02-28', 'sick', 8.00, NULL, 13, 1),
  ((SELECT id FROM providers WHERE open_dental_provnum = 14), '2026-03-02', '2026-03-01', '2026-03-15', 'base', 8.00, NULL, 13, 1),
  ((SELECT id FROM providers WHERE open_dental_provnum = 14), '2026-03-03', '2026-03-01', '2026-03-15', 'base', 8.00, NULL, 13, 1),
  ((SELECT id FROM providers WHERE open_dental_provnum = 14), '2026-03-04', '2026-03-01', '2026-03-15', 'base', 8.00, NULL, 13, 1),
  ((SELECT id FROM providers WHERE open_dental_provnum = 14), '2026-03-05', '2026-03-01', '2026-03-15', 'base', 8.00, NULL, 13, 1),
  ((SELECT id FROM providers WHERE open_dental_provnum = 14), '2026-03-06', '2026-03-01', '2026-03-15', 'base', 8.00, NULL, 13, 1),
  ((SELECT id FROM providers WHERE open_dental_provnum = 14), '2026-03-09', '2026-03-01', '2026-03-15', 'base', 8.00, NULL, 13, 1),
  ((SELECT id FROM providers WHERE open_dental_provnum = 14), '2026-03-10', '2026-03-01', '2026-03-15', 'base', 8.00, NULL, 13, 1),
  ((SELECT id FROM providers WHERE open_dental_provnum = 14), '2026-03-11', '2026-03-01', '2026-03-15', 'base', 8.00, NULL, 13, 1),
  ((SELECT id FROM providers WHERE open_dental_provnum = 14), '2026-03-12', '2026-03-01', '2026-03-15', 'education', 4.00, NULL, 13, 1),
  ((SELECT id FROM providers WHERE open_dental_provnum = 14), '2026-03-13', '2026-03-01', '2026-03-15', 'education', 4.00, NULL, 13, 1),
  ((SELECT id FROM providers WHERE open_dental_provnum = 14), '2026-03-16', '2026-03-16', '2026-03-31', 'base', 8.00, NULL, 13, 1),
  ((SELECT id FROM providers WHERE open_dental_provnum = 14), '2026-03-17', '2026-03-16', '2026-03-31', 'sick', 8.00, NULL, 13, 1),
  ((SELECT id FROM providers WHERE open_dental_provnum = 14), '2026-03-18', '2026-03-16', '2026-03-31', 'base', 8.00, NULL, 13, 1),
  ((SELECT id FROM providers WHERE open_dental_provnum = 14), '2026-03-19', '2026-03-16', '2026-03-31', 'base', 8.00, NULL, 13, 1),
  ((SELECT id FROM providers WHERE open_dental_provnum = 14), '2026-03-20', '2026-03-16', '2026-03-31', 'base', 8.00, NULL, 13, 1),
  ((SELECT id FROM providers WHERE open_dental_provnum = 14), '2026-03-23', '2026-03-16', '2026-03-31', 'base', 8.00, NULL, 13, 1),
  ((SELECT id FROM providers WHERE open_dental_provnum = 14), '2026-03-24', '2026-03-16', '2026-03-31', 'base', 8.00, NULL, 13, 1),
  ((SELECT id FROM providers WHERE open_dental_provnum = 14), '2026-03-25', '2026-03-16', '2026-03-31', 'base', 8.00, NULL, 13, 1),
  ((SELECT id FROM providers WHERE open_dental_provnum = 14), '2026-03-26', '2026-03-16', '2026-03-31', 'base', 8.00, NULL, 13, 1),
  ((SELECT id FROM providers WHERE open_dental_provnum = 14), '2026-03-27', '2026-03-16', '2026-03-31', 'base', 8.00, NULL, 13, 1),
  ((SELECT id FROM providers WHERE open_dental_provnum = 14), '2026-03-30', '2026-03-16', '2026-03-31', 'base', 8.00, NULL, 13, 1),
  ((SELECT id FROM providers WHERE open_dental_provnum = 14), '2026-03-31', '2026-03-16', '2026-03-31', 'base', 8.00, NULL, 13, 1),
  ((SELECT id FROM providers WHERE open_dental_provnum = 14), '2026-04-01', '2026-04-01', '2026-04-15', 'base', 8.00, NULL, 13, 1),
  ((SELECT id FROM providers WHERE open_dental_provnum = 14), '2026-04-02', '2026-04-01', '2026-04-15', 'base', 8.00, NULL, 13, 1),
  ((SELECT id FROM providers WHERE open_dental_provnum = 14), '2026-04-03', '2026-04-01', '2026-04-15', 'base', 8.00, NULL, 13, 1),
  ((SELECT id FROM providers WHERE open_dental_provnum = 14), '2026-04-06', '2026-04-01', '2026-04-15', 'vacation', 8.00, NULL, 13, 1),
  ((SELECT id FROM providers WHERE open_dental_provnum = 14), '2026-04-07', '2026-04-01', '2026-04-15', 'base', 8.00, NULL, 13, 1),
  ((SELECT id FROM providers WHERE open_dental_provnum = 14), '2026-04-08', '2026-04-01', '2026-04-15', 'base', 8.00, NULL, 13, 1),
  ((SELECT id FROM providers WHERE open_dental_provnum = 14), '2026-04-09', '2026-04-01', '2026-04-15', 'base', 8.00, NULL, 13, 1),
  ((SELECT id FROM providers WHERE open_dental_provnum = 14), '2026-04-10', '2026-04-01', '2026-04-15', 'education', 4.00, NULL, 13, 1),
  ((SELECT id FROM providers WHERE open_dental_provnum = 14), '2026-04-13', '2026-04-01', '2026-04-15', 'base', 8.00, NULL, 13, 1),
  ((SELECT id FROM providers WHERE open_dental_provnum = 14), '2026-04-14', '2026-04-01', '2026-04-15', 'base', 8.00, NULL, 13, 1),
  ((SELECT id FROM providers WHERE open_dental_provnum = 14), '2026-04-15', '2026-04-01', '2026-04-15', 'base', 8.00, NULL, 13, 1),
  ((SELECT id FROM providers WHERE open_dental_provnum = 14), '2026-04-16', '2026-04-16', '2026-04-30', 'vacation', 8.00, NULL, 13, 1),
  ((SELECT id FROM providers WHERE open_dental_provnum = 14), '2026-04-17', '2026-04-16', '2026-04-30', 'base', 8.00, NULL, 13, 1),
  ((SELECT id FROM providers WHERE open_dental_provnum = 14), '2026-04-20', '2026-04-16', '2026-04-30', 'sick', 8.00, NULL, 13, 1),
  ((SELECT id FROM providers WHERE open_dental_provnum = 14), '2026-04-21', '2026-04-16', '2026-04-30', 'base', 8.00, NULL, 13, 1),
  ((SELECT id FROM providers WHERE open_dental_provnum = 14), '2026-04-22', '2026-04-16', '2026-04-30', 'base', 8.00, NULL, 13, 1),
  ((SELECT id FROM providers WHERE open_dental_provnum = 14), '2026-04-23', '2026-04-16', '2026-04-30', 'vacation', 8.00, NULL, 13, 1),
  ((SELECT id FROM providers WHERE open_dental_provnum = 14), '2026-04-24', '2026-04-16', '2026-04-30', 'base', 8.00, NULL, 13, 1),
  ((SELECT id FROM providers WHERE open_dental_provnum = 14), '2026-04-27', '2026-04-16', '2026-04-30', 'education', 4.00, NULL, 13, 1),
  ((SELECT id FROM providers WHERE open_dental_provnum = 14), '2026-04-28', '2026-04-16', '2026-04-30', 'base', 8.00, NULL, 13, 1),
  ((SELECT id FROM providers WHERE open_dental_provnum = 14), '2026-04-29', '2026-04-16', '2026-04-30', 'base', 8.00, NULL, 13, 1),
  ((SELECT id FROM providers WHERE open_dental_provnum = 14), '2026-04-30', '2026-04-16', '2026-04-30', 'base', 8.00, NULL, 13, 1),
  ((SELECT id FROM providers WHERE open_dental_provnum = 14), '2026-05-01', '2026-05-01', '2026-05-15', 'base', 8.00, NULL, 13, 1),
  ((SELECT id FROM providers WHERE open_dental_provnum = 14), '2026-05-04', '2026-05-01', '2026-05-15', 'base', 8.00, NULL, 13, 1),
  ((SELECT id FROM providers WHERE open_dental_provnum = 14), '2026-05-05', '2026-05-01', '2026-05-15', 'base', 8.00, NULL, 13, 1),
  ((SELECT id FROM providers WHERE open_dental_provnum = 14), '2026-05-06', '2026-05-01', '2026-05-15', 'base', 8.00, NULL, 13, 1),
  ((SELECT id FROM providers WHERE open_dental_provnum = 14), '2026-05-07', '2026-05-01', '2026-05-15', 'base', 8.00, NULL, 13, 1),
  ((SELECT id FROM providers WHERE open_dental_provnum = 14), '2026-05-08', '2026-05-01', '2026-05-15', 'base', 8.00, NULL, 13, 1),
  ((SELECT id FROM providers WHERE open_dental_provnum = 14), '2026-05-11', '2026-05-01', '2026-05-15', 'base', 8.00, NULL, 13, 1),
  ((SELECT id FROM providers WHERE open_dental_provnum = 14), '2026-05-12', '2026-05-01', '2026-05-15', 'base', 8.00, NULL, 13, 1),
  ((SELECT id FROM providers WHERE open_dental_provnum = 14), '2026-05-13', '2026-05-01', '2026-05-15', 'base', 8.00, NULL, 13, 1),
  ((SELECT id FROM providers WHERE open_dental_provnum = 14), '2026-05-14', '2026-05-01', '2026-05-15', 'base', 8.00, NULL, 13, 1),
  ((SELECT id FROM providers WHERE open_dental_provnum = 14), '2026-05-15', '2026-05-01', '2026-05-15', 'base', 8.00, NULL, 13, 1),
  ((SELECT id FROM providers WHERE open_dental_provnum = 14), '2026-05-18', '2026-05-16', '2026-05-31', 'base', 8.00, NULL, 13, 1),
  ((SELECT id FROM providers WHERE open_dental_provnum = 14), '2026-05-19', '2026-05-16', '2026-05-31', 'education', 4.00, NULL, 13, 1),
  ((SELECT id FROM providers WHERE open_dental_provnum = 14), '2026-05-20', '2026-05-16', '2026-05-31', 'education', 4.00, NULL, 13, 1),
  ((SELECT id FROM providers WHERE open_dental_provnum = 14), '2026-05-21', '2026-05-16', '2026-05-31', 'base', 8.00, NULL, 13, 1),
  ((SELECT id FROM providers WHERE open_dental_provnum = 14), '2026-05-22', '2026-05-16', '2026-05-31', 'base', 8.00, NULL, 13, 1),
  ((SELECT id FROM providers WHERE open_dental_provnum = 14), '2026-05-25', '2026-05-16', '2026-05-31', 'sick', 8.00, NULL, 13, 1),
  ((SELECT id FROM providers WHERE open_dental_provnum = 14), '2026-05-26', '2026-05-16', '2026-05-31', 'base', 8.00, NULL, 13, 1),
  ((SELECT id FROM providers WHERE open_dental_provnum = 14), '2026-05-27', '2026-05-16', '2026-05-31', 'base', 8.00, NULL, 13, 1),
  ((SELECT id FROM providers WHERE open_dental_provnum = 14), '2026-05-28', '2026-05-16', '2026-05-31', 'sick', 8.00, NULL, 13, 1),
  ((SELECT id FROM providers WHERE open_dental_provnum = 14), '2026-05-29', '2026-05-16', '2026-05-31', 'base', 8.00, NULL, 13, 1),
  ((SELECT id FROM providers WHERE open_dental_provnum = 15), '2026-01-01', '2026-01-01', '2026-01-15', 'base', 8.00, NULL, 13, 1),
  ((SELECT id FROM providers WHERE open_dental_provnum = 15), '2026-01-02', '2026-01-01', '2026-01-15', 'base', 8.00, NULL, 13, 1),
  ((SELECT id FROM providers WHERE open_dental_provnum = 15), '2026-01-05', '2026-01-01', '2026-01-15', 'base', 8.00, NULL, 13, 1),
  ((SELECT id FROM providers WHERE open_dental_provnum = 15), '2026-01-06', '2026-01-01', '2026-01-15', 'base', 8.00, NULL, 13, 1),
  ((SELECT id FROM providers WHERE open_dental_provnum = 15), '2026-01-07', '2026-01-01', '2026-01-15', 'base', 8.00, NULL, 13, 1),
  ((SELECT id FROM providers WHERE open_dental_provnum = 15), '2026-01-08', '2026-01-01', '2026-01-15', 'base', 8.00, NULL, 13, 1),
  ((SELECT id FROM providers WHERE open_dental_provnum = 15), '2026-01-09', '2026-01-01', '2026-01-15', 'base', 8.00, NULL, 13, 1),
  ((SELECT id FROM providers WHERE open_dental_provnum = 15), '2026-01-12', '2026-01-01', '2026-01-15', 'base', 8.00, NULL, 13, 1),
  ((SELECT id FROM providers WHERE open_dental_provnum = 15), '2026-01-13', '2026-01-01', '2026-01-15', 'base', 8.00, NULL, 13, 1),
  ((SELECT id FROM providers WHERE open_dental_provnum = 15), '2026-01-14', '2026-01-01', '2026-01-15', 'vacation', 8.00, NULL, 13, 1),
  ((SELECT id FROM providers WHERE open_dental_provnum = 15), '2026-01-15', '2026-01-01', '2026-01-15', 'base', 8.00, NULL, 13, 1),
  ((SELECT id FROM providers WHERE open_dental_provnum = 15), '2026-01-16', '2026-01-16', '2026-01-31', 'base', 8.00, NULL, 13, 1),
  ((SELECT id FROM providers WHERE open_dental_provnum = 15), '2026-01-19', '2026-01-16', '2026-01-31', 'base', 8.00, NULL, 13, 1),
  ((SELECT id FROM providers WHERE open_dental_provnum = 15), '2026-01-20', '2026-01-16', '2026-01-31', 'base', 8.00, NULL, 13, 1),
  ((SELECT id FROM providers WHERE open_dental_provnum = 15), '2026-01-21', '2026-01-16', '2026-01-31', 'base', 8.00, NULL, 13, 1),
  ((SELECT id FROM providers WHERE open_dental_provnum = 15), '2026-01-22', '2026-01-16', '2026-01-31', 'base', 8.00, NULL, 13, 1),
  ((SELECT id FROM providers WHERE open_dental_provnum = 15), '2026-01-23', '2026-01-16', '2026-01-31', 'base', 8.00, NULL, 13, 1),
  ((SELECT id FROM providers WHERE open_dental_provnum = 15), '2026-01-26', '2026-01-16', '2026-01-31', 'base', 8.00, NULL, 13, 1),
  ((SELECT id FROM providers WHERE open_dental_provnum = 15), '2026-01-27', '2026-01-16', '2026-01-31', 'base', 8.00, NULL, 13, 1),
  ((SELECT id FROM providers WHERE open_dental_provnum = 15), '2026-01-28', '2026-01-16', '2026-01-31', 'base', 8.00, NULL, 13, 1),
  ((SELECT id FROM providers WHERE open_dental_provnum = 15), '2026-01-29', '2026-01-16', '2026-01-31', 'base', 8.00, NULL, 13, 1),
  ((SELECT id FROM providers WHERE open_dental_provnum = 15), '2026-01-30', '2026-01-16', '2026-01-31', 'base', 8.00, NULL, 13, 1),
  ((SELECT id FROM providers WHERE open_dental_provnum = 15), '2026-02-02', '2026-02-01', '2026-02-15', 'base', 8.00, NULL, 13, 1),
  ((SELECT id FROM providers WHERE open_dental_provnum = 15), '2026-02-03', '2026-02-01', '2026-02-15', 'base', 8.00, NULL, 13, 1),
  ((SELECT id FROM providers WHERE open_dental_provnum = 15), '2026-02-04', '2026-02-01', '2026-02-15', 'vacation', 8.00, NULL, 13, 1),
  ((SELECT id FROM providers WHERE open_dental_provnum = 15), '2026-02-05', '2026-02-01', '2026-02-15', 'base', 8.00, NULL, 13, 1),
  ((SELECT id FROM providers WHERE open_dental_provnum = 15), '2026-02-06', '2026-02-01', '2026-02-15', 'base', 8.00, NULL, 13, 1),
  ((SELECT id FROM providers WHERE open_dental_provnum = 15), '2026-02-09', '2026-02-01', '2026-02-15', 'base', 8.00, NULL, 13, 1),
  ((SELECT id FROM providers WHERE open_dental_provnum = 15), '2026-02-10', '2026-02-01', '2026-02-15', 'base', 8.00, NULL, 13, 1),
  ((SELECT id FROM providers WHERE open_dental_provnum = 15), '2026-02-11', '2026-02-01', '2026-02-15', 'base', 8.00, NULL, 13, 1),
  ((SELECT id FROM providers WHERE open_dental_provnum = 15), '2026-02-12', '2026-02-01', '2026-02-15', 'sick', 8.00, NULL, 13, 1),
  ((SELECT id FROM providers WHERE open_dental_provnum = 15), '2026-02-13', '2026-02-01', '2026-02-15', 'base', 8.00, NULL, 13, 1),
  ((SELECT id FROM providers WHERE open_dental_provnum = 15), '2026-02-16', '2026-02-16', '2026-02-28', 'base', 8.00, NULL, 13, 1),
  ((SELECT id FROM providers WHERE open_dental_provnum = 15), '2026-02-17', '2026-02-16', '2026-02-28', 'sick', 8.00, NULL, 13, 1),
  ((SELECT id FROM providers WHERE open_dental_provnum = 15), '2026-02-18', '2026-02-16', '2026-02-28', 'base', 8.00, NULL, 13, 1),
  ((SELECT id FROM providers WHERE open_dental_provnum = 15), '2026-02-19', '2026-02-16', '2026-02-28', 'base', 8.00, NULL, 13, 1),
  ((SELECT id FROM providers WHERE open_dental_provnum = 15), '2026-02-20', '2026-02-16', '2026-02-28', 'education', 4.00, NULL, 13, 1),
  ((SELECT id FROM providers WHERE open_dental_provnum = 15), '2026-02-23', '2026-02-16', '2026-02-28', 'base', 8.00, NULL, 13, 1),
  ((SELECT id FROM providers WHERE open_dental_provnum = 15), '2026-02-24', '2026-02-16', '2026-02-28', 'base', 8.00, NULL, 13, 1),
  ((SELECT id FROM providers WHERE open_dental_provnum = 15), '2026-02-25', '2026-02-16', '2026-02-28', 'base', 8.00, NULL, 13, 1),
  ((SELECT id FROM providers WHERE open_dental_provnum = 15), '2026-02-26', '2026-02-16', '2026-02-28', 'base', 8.00, NULL, 13, 1),
  ((SELECT id FROM providers WHERE open_dental_provnum = 15), '2026-02-27', '2026-02-16', '2026-02-28', 'base', 8.00, NULL, 13, 1),
  ((SELECT id FROM providers WHERE open_dental_provnum = 15), '2026-03-02', '2026-03-01', '2026-03-15', 'base', 8.00, NULL, 13, 1),
  ((SELECT id FROM providers WHERE open_dental_provnum = 15), '2026-03-03', '2026-03-01', '2026-03-15', 'base', 8.00, NULL, 13, 1),
  ((SELECT id FROM providers WHERE open_dental_provnum = 15), '2026-03-04', '2026-03-01', '2026-03-15', 'base', 8.00, NULL, 13, 1),
  ((SELECT id FROM providers WHERE open_dental_provnum = 15), '2026-03-05', '2026-03-01', '2026-03-15', 'sick', 8.00, NULL, 13, 1),
  ((SELECT id FROM providers WHERE open_dental_provnum = 15), '2026-03-06', '2026-03-01', '2026-03-15', 'base', 8.00, NULL, 13, 1),
  ((SELECT id FROM providers WHERE open_dental_provnum = 15), '2026-03-09', '2026-03-01', '2026-03-15', 'base', 8.00, NULL, 13, 1),
  ((SELECT id FROM providers WHERE open_dental_provnum = 15), '2026-03-10', '2026-03-01', '2026-03-15', 'base', 8.00, NULL, 13, 1),
  ((SELECT id FROM providers WHERE open_dental_provnum = 15), '2026-03-11', '2026-03-01', '2026-03-15', 'base', 8.00, NULL, 13, 1),
  ((SELECT id FROM providers WHERE open_dental_provnum = 15), '2026-03-12', '2026-03-01', '2026-03-15', 'base', 8.00, NULL, 13, 1),
  ((SELECT id FROM providers WHERE open_dental_provnum = 15), '2026-03-13', '2026-03-01', '2026-03-15', 'education', 4.00, NULL, 13, 1),
  ((SELECT id FROM providers WHERE open_dental_provnum = 15), '2026-03-16', '2026-03-16', '2026-03-31', 'base', 8.00, NULL, 13, 1),
  ((SELECT id FROM providers WHERE open_dental_provnum = 15), '2026-03-17', '2026-03-16', '2026-03-31', 'base', 8.00, NULL, 13, 1),
  ((SELECT id FROM providers WHERE open_dental_provnum = 15), '2026-03-18', '2026-03-16', '2026-03-31', 'base', 8.00, NULL, 13, 1),
  ((SELECT id FROM providers WHERE open_dental_provnum = 15), '2026-03-19', '2026-03-16', '2026-03-31', 'base', 8.00, NULL, 13, 1),
  ((SELECT id FROM providers WHERE open_dental_provnum = 15), '2026-03-20', '2026-03-16', '2026-03-31', 'base', 8.00, NULL, 13, 1),
  ((SELECT id FROM providers WHERE open_dental_provnum = 15), '2026-03-23', '2026-03-16', '2026-03-31', 'base', 8.00, NULL, 13, 1),
  ((SELECT id FROM providers WHERE open_dental_provnum = 15), '2026-03-24', '2026-03-16', '2026-03-31', 'base', 8.00, NULL, 13, 1),
  ((SELECT id FROM providers WHERE open_dental_provnum = 15), '2026-03-25', '2026-03-16', '2026-03-31', 'vacation', 8.00, NULL, 13, 1),
  ((SELECT id FROM providers WHERE open_dental_provnum = 15), '2026-03-26', '2026-03-16', '2026-03-31', 'base', 8.00, NULL, 13, 1),
  ((SELECT id FROM providers WHERE open_dental_provnum = 15), '2026-03-27', '2026-03-16', '2026-03-31', 'base', 8.00, NULL, 13, 1),
  ((SELECT id FROM providers WHERE open_dental_provnum = 15), '2026-03-30', '2026-03-16', '2026-03-31', 'base', 8.00, NULL, 13, 1),
  ((SELECT id FROM providers WHERE open_dental_provnum = 15), '2026-03-31', '2026-03-16', '2026-03-31', 'education', 4.00, NULL, 13, 1),
  ((SELECT id FROM providers WHERE open_dental_provnum = 15), '2026-04-01', '2026-04-01', '2026-04-15', 'base', 8.00, NULL, 13, 1),
  ((SELECT id FROM providers WHERE open_dental_provnum = 15), '2026-04-02', '2026-04-01', '2026-04-15', 'base', 8.00, NULL, 13, 1),
  ((SELECT id FROM providers WHERE open_dental_provnum = 15), '2026-04-03', '2026-04-01', '2026-04-15', 'sick', 8.00, NULL, 13, 1),
  ((SELECT id FROM providers WHERE open_dental_provnum = 15), '2026-04-06', '2026-04-01', '2026-04-15', 'base', 8.00, NULL, 13, 1),
  ((SELECT id FROM providers WHERE open_dental_provnum = 15), '2026-04-07', '2026-04-01', '2026-04-15', 'education', 4.00, NULL, 13, 1),
  ((SELECT id FROM providers WHERE open_dental_provnum = 15), '2026-04-08', '2026-04-01', '2026-04-15', 'base', 8.00, NULL, 13, 1),
  ((SELECT id FROM providers WHERE open_dental_provnum = 15), '2026-04-09', '2026-04-01', '2026-04-15', 'base', 8.00, NULL, 13, 1),
  ((SELECT id FROM providers WHERE open_dental_provnum = 15), '2026-04-10', '2026-04-01', '2026-04-15', 'sick', 8.00, NULL, 13, 1),
  ((SELECT id FROM providers WHERE open_dental_provnum = 15), '2026-04-13', '2026-04-01', '2026-04-15', 'base', 8.00, NULL, 13, 1),
  ((SELECT id FROM providers WHERE open_dental_provnum = 15), '2026-04-14', '2026-04-01', '2026-04-15', 'base', 8.00, NULL, 13, 1),
  ((SELECT id FROM providers WHERE open_dental_provnum = 15), '2026-04-15', '2026-04-01', '2026-04-15', 'base', 8.00, NULL, 13, 1),
  ((SELECT id FROM providers WHERE open_dental_provnum = 15), '2026-04-16', '2026-04-16', '2026-04-30', 'education', 4.00, NULL, 13, 1),
  ((SELECT id FROM providers WHERE open_dental_provnum = 15), '2026-04-17', '2026-04-16', '2026-04-30', 'base', 8.00, NULL, 13, 1),
  ((SELECT id FROM providers WHERE open_dental_provnum = 15), '2026-04-20', '2026-04-16', '2026-04-30', 'base', 8.00, NULL, 13, 1),
  ((SELECT id FROM providers WHERE open_dental_provnum = 15), '2026-04-21', '2026-04-16', '2026-04-30', 'base', 8.00, NULL, 13, 1),
  ((SELECT id FROM providers WHERE open_dental_provnum = 15), '2026-04-22', '2026-04-16', '2026-04-30', 'base', 8.00, NULL, 13, 1),
  ((SELECT id FROM providers WHERE open_dental_provnum = 15), '2026-04-23', '2026-04-16', '2026-04-30', 'base', 8.00, NULL, 13, 1),
  ((SELECT id FROM providers WHERE open_dental_provnum = 15), '2026-04-24', '2026-04-16', '2026-04-30', 'base', 8.00, NULL, 13, 1),
  ((SELECT id FROM providers WHERE open_dental_provnum = 15), '2026-04-27', '2026-04-16', '2026-04-30', 'base', 8.00, NULL, 13, 1),
  ((SELECT id FROM providers WHERE open_dental_provnum = 15), '2026-04-28', '2026-04-16', '2026-04-30', 'base', 8.00, NULL, 13, 1),
  ((SELECT id FROM providers WHERE open_dental_provnum = 15), '2026-04-29', '2026-04-16', '2026-04-30', 'base', 8.00, NULL, 13, 1),
  ((SELECT id FROM providers WHERE open_dental_provnum = 15), '2026-04-30', '2026-04-16', '2026-04-30', 'base', 8.00, NULL, 13, 1),
  ((SELECT id FROM providers WHERE open_dental_provnum = 15), '2026-05-01', '2026-05-01', '2026-05-15', 'base', 8.00, NULL, 13, 1),
  ((SELECT id FROM providers WHERE open_dental_provnum = 15), '2026-05-04', '2026-05-01', '2026-05-15', 'base', 8.00, NULL, 13, 1),
  ((SELECT id FROM providers WHERE open_dental_provnum = 15), '2026-05-05', '2026-05-01', '2026-05-15', 'education', 4.00, NULL, 13, 1),
  ((SELECT id FROM providers WHERE open_dental_provnum = 15), '2026-05-06', '2026-05-01', '2026-05-15', 'base', 8.00, NULL, 13, 1),
  ((SELECT id FROM providers WHERE open_dental_provnum = 15), '2026-05-07', '2026-05-01', '2026-05-15', 'base', 8.00, NULL, 13, 1),
  ((SELECT id FROM providers WHERE open_dental_provnum = 15), '2026-05-08', '2026-05-01', '2026-05-15', 'base', 8.00, NULL, 13, 1),
  ((SELECT id FROM providers WHERE open_dental_provnum = 15), '2026-05-11', '2026-05-01', '2026-05-15', 'base', 8.00, NULL, 13, 1),
  ((SELECT id FROM providers WHERE open_dental_provnum = 15), '2026-05-12', '2026-05-01', '2026-05-15', 'base', 8.00, NULL, 13, 1),
  ((SELECT id FROM providers WHERE open_dental_provnum = 15), '2026-05-13', '2026-05-01', '2026-05-15', 'base', 8.00, NULL, 13, 1),
  ((SELECT id FROM providers WHERE open_dental_provnum = 15), '2026-05-14', '2026-05-01', '2026-05-15', 'education', 4.00, NULL, 13, 1),
  ((SELECT id FROM providers WHERE open_dental_provnum = 15), '2026-05-15', '2026-05-01', '2026-05-15', 'base', 8.00, NULL, 13, 1),
  ((SELECT id FROM providers WHERE open_dental_provnum = 15), '2026-05-18', '2026-05-16', '2026-05-31', 'base', 8.00, NULL, 13, 1),
  ((SELECT id FROM providers WHERE open_dental_provnum = 15), '2026-05-19', '2026-05-16', '2026-05-31', 'education', 4.00, NULL, 13, 1),
  ((SELECT id FROM providers WHERE open_dental_provnum = 15), '2026-05-20', '2026-05-16', '2026-05-31', 'base', 8.00, NULL, 13, 1),
  ((SELECT id FROM providers WHERE open_dental_provnum = 15), '2026-05-21', '2026-05-16', '2026-05-31', 'base', 8.00, NULL, 13, 1),
  ((SELECT id FROM providers WHERE open_dental_provnum = 15), '2026-05-22', '2026-05-16', '2026-05-31', 'base', 8.00, NULL, 13, 1),
  ((SELECT id FROM providers WHERE open_dental_provnum = 15), '2026-05-25', '2026-05-16', '2026-05-31', 'base', 8.00, NULL, 13, 1),
  ((SELECT id FROM providers WHERE open_dental_provnum = 15), '2026-05-26', '2026-05-16', '2026-05-31', 'base', 8.00, NULL, 13, 1),
  ((SELECT id FROM providers WHERE open_dental_provnum = 15), '2026-05-27', '2026-05-16', '2026-05-31', 'base', 8.00, NULL, 13, 1),
  ((SELECT id FROM providers WHERE open_dental_provnum = 15), '2026-05-28', '2026-05-16', '2026-05-31', 'base', 8.00, NULL, 13, 1),
  ((SELECT id FROM providers WHERE open_dental_provnum = 15), '2026-05-29', '2026-05-16', '2026-05-31', 'base', 8.00, NULL, 13, 1),
  ((SELECT id FROM providers WHERE open_dental_provnum = 16), '2026-01-01', '2026-01-01', '2026-01-15', 'sick', 8.00, NULL, 13, 1),
  ((SELECT id FROM providers WHERE open_dental_provnum = 16), '2026-01-02', '2026-01-01', '2026-01-15', 'education', 4.00, NULL, 13, 1),
  ((SELECT id FROM providers WHERE open_dental_provnum = 16), '2026-01-05', '2026-01-01', '2026-01-15', 'base', 8.00, NULL, 13, 1),
  ((SELECT id FROM providers WHERE open_dental_provnum = 16), '2026-01-06', '2026-01-01', '2026-01-15', 'base', 8.00, NULL, 13, 1),
  ((SELECT id FROM providers WHERE open_dental_provnum = 16), '2026-01-07', '2026-01-01', '2026-01-15', 'vacation', 8.00, NULL, 13, 1),
  ((SELECT id FROM providers WHERE open_dental_provnum = 16), '2026-01-08', '2026-01-01', '2026-01-15', 'base', 8.00, NULL, 13, 1),
  ((SELECT id FROM providers WHERE open_dental_provnum = 16), '2026-01-09', '2026-01-01', '2026-01-15', 'base', 8.00, NULL, 13, 1),
  ((SELECT id FROM providers WHERE open_dental_provnum = 16), '2026-01-12', '2026-01-01', '2026-01-15', 'base', 8.00, NULL, 13, 1),
  ((SELECT id FROM providers WHERE open_dental_provnum = 16), '2026-01-13', '2026-01-01', '2026-01-15', 'base', 8.00, NULL, 13, 1),
  ((SELECT id FROM providers WHERE open_dental_provnum = 16), '2026-01-14', '2026-01-01', '2026-01-15', 'base', 8.00, NULL, 13, 1),
  ((SELECT id FROM providers WHERE open_dental_provnum = 16), '2026-01-15', '2026-01-01', '2026-01-15', 'base', 8.00, NULL, 13, 1),
  ((SELECT id FROM providers WHERE open_dental_provnum = 16), '2026-01-16', '2026-01-16', '2026-01-31', 'base', 8.00, NULL, 13, 1),
  ((SELECT id FROM providers WHERE open_dental_provnum = 16), '2026-01-19', '2026-01-16', '2026-01-31', 'base', 8.00, NULL, 13, 1),
  ((SELECT id FROM providers WHERE open_dental_provnum = 16), '2026-01-20', '2026-01-16', '2026-01-31', 'education', 4.00, NULL, 13, 1),
  ((SELECT id FROM providers WHERE open_dental_provnum = 16), '2026-01-21', '2026-01-16', '2026-01-31', 'base', 8.00, NULL, 13, 1),
  ((SELECT id FROM providers WHERE open_dental_provnum = 16), '2026-01-22', '2026-01-16', '2026-01-31', 'base', 8.00, NULL, 13, 1),
  ((SELECT id FROM providers WHERE open_dental_provnum = 16), '2026-01-23', '2026-01-16', '2026-01-31', 'base', 8.00, NULL, 13, 1),
  ((SELECT id FROM providers WHERE open_dental_provnum = 16), '2026-01-26', '2026-01-16', '2026-01-31', 'base', 8.00, NULL, 13, 1),
  ((SELECT id FROM providers WHERE open_dental_provnum = 16), '2026-01-27', '2026-01-16', '2026-01-31', 'base', 8.00, NULL, 13, 1),
  ((SELECT id FROM providers WHERE open_dental_provnum = 16), '2026-01-28', '2026-01-16', '2026-01-31', 'base', 8.00, NULL, 13, 1),
  ((SELECT id FROM providers WHERE open_dental_provnum = 16), '2026-01-29', '2026-01-16', '2026-01-31', 'base', 8.00, NULL, 13, 1),
  ((SELECT id FROM providers WHERE open_dental_provnum = 16), '2026-01-30', '2026-01-16', '2026-01-31', 'base', 8.00, NULL, 13, 1),
  ((SELECT id FROM providers WHERE open_dental_provnum = 16), '2026-02-02', '2026-02-01', '2026-02-15', 'base', 8.00, NULL, 13, 1),
  ((SELECT id FROM providers WHERE open_dental_provnum = 16), '2026-02-03', '2026-02-01', '2026-02-15', 'education', 4.00, NULL, 13, 1),
  ((SELECT id FROM providers WHERE open_dental_provnum = 16), '2026-02-04', '2026-02-01', '2026-02-15', 'education', 4.00, NULL, 13, 1),
  ((SELECT id FROM providers WHERE open_dental_provnum = 16), '2026-02-05', '2026-02-01', '2026-02-15', 'base', 8.00, NULL, 13, 1),
  ((SELECT id FROM providers WHERE open_dental_provnum = 16), '2026-02-06', '2026-02-01', '2026-02-15', 'base', 8.00, NULL, 13, 1),
  ((SELECT id FROM providers WHERE open_dental_provnum = 16), '2026-02-09', '2026-02-01', '2026-02-15', 'base', 8.00, NULL, 13, 1),
  ((SELECT id FROM providers WHERE open_dental_provnum = 16), '2026-02-10', '2026-02-01', '2026-02-15', 'base', 8.00, NULL, 13, 1),
  ((SELECT id FROM providers WHERE open_dental_provnum = 16), '2026-02-11', '2026-02-01', '2026-02-15', 'base', 8.00, NULL, 13, 1),
  ((SELECT id FROM providers WHERE open_dental_provnum = 16), '2026-02-12', '2026-02-01', '2026-02-15', 'base', 8.00, NULL, 13, 1),
  ((SELECT id FROM providers WHERE open_dental_provnum = 16), '2026-02-13', '2026-02-01', '2026-02-15', 'base', 8.00, NULL, 13, 1),
  ((SELECT id FROM providers WHERE open_dental_provnum = 16), '2026-02-16', '2026-02-16', '2026-02-28', 'base', 8.00, NULL, 13, 1),
  ((SELECT id FROM providers WHERE open_dental_provnum = 16), '2026-02-17', '2026-02-16', '2026-02-28', 'base', 8.00, NULL, 13, 1),
  ((SELECT id FROM providers WHERE open_dental_provnum = 16), '2026-02-18', '2026-02-16', '2026-02-28', 'base', 8.00, NULL, 13, 1),
  ((SELECT id FROM providers WHERE open_dental_provnum = 16), '2026-02-19', '2026-02-16', '2026-02-28', 'base', 8.00, NULL, 13, 1),
  ((SELECT id FROM providers WHERE open_dental_provnum = 16), '2026-02-20', '2026-02-16', '2026-02-28', 'base', 8.00, NULL, 13, 1),
  ((SELECT id FROM providers WHERE open_dental_provnum = 16), '2026-02-23', '2026-02-16', '2026-02-28', 'education', 4.00, NULL, 13, 1),
  ((SELECT id FROM providers WHERE open_dental_provnum = 16), '2026-02-24', '2026-02-16', '2026-02-28', 'base', 8.00, NULL, 13, 1),
  ((SELECT id FROM providers WHERE open_dental_provnum = 16), '2026-02-25', '2026-02-16', '2026-02-28', 'education', 4.00, NULL, 13, 1),
  ((SELECT id FROM providers WHERE open_dental_provnum = 16), '2026-02-26', '2026-02-16', '2026-02-28', 'base', 8.00, NULL, 13, 1),
  ((SELECT id FROM providers WHERE open_dental_provnum = 16), '2026-02-27', '2026-02-16', '2026-02-28', 'base', 8.00, NULL, 13, 1),
  ((SELECT id FROM providers WHERE open_dental_provnum = 16), '2026-03-02', '2026-03-01', '2026-03-15', 'base', 8.00, NULL, 13, 1),
  ((SELECT id FROM providers WHERE open_dental_provnum = 16), '2026-03-03', '2026-03-01', '2026-03-15', 'base', 8.00, NULL, 13, 1),
  ((SELECT id FROM providers WHERE open_dental_provnum = 16), '2026-03-04', '2026-03-01', '2026-03-15', 'base', 8.00, NULL, 13, 1),
  ((SELECT id FROM providers WHERE open_dental_provnum = 16), '2026-03-05', '2026-03-01', '2026-03-15', 'base', 8.00, NULL, 13, 1),
  ((SELECT id FROM providers WHERE open_dental_provnum = 16), '2026-03-06', '2026-03-01', '2026-03-15', 'base', 8.00, NULL, 13, 1),
  ((SELECT id FROM providers WHERE open_dental_provnum = 16), '2026-03-09', '2026-03-01', '2026-03-15', 'vacation', 8.00, NULL, 13, 1),
  ((SELECT id FROM providers WHERE open_dental_provnum = 16), '2026-03-10', '2026-03-01', '2026-03-15', 'base', 8.00, NULL, 13, 1),
  ((SELECT id FROM providers WHERE open_dental_provnum = 16), '2026-03-11', '2026-03-01', '2026-03-15', 'base', 8.00, NULL, 13, 1),
  ((SELECT id FROM providers WHERE open_dental_provnum = 16), '2026-03-12', '2026-03-01', '2026-03-15', 'base', 8.00, NULL, 13, 1),
  ((SELECT id FROM providers WHERE open_dental_provnum = 16), '2026-03-13', '2026-03-01', '2026-03-15', 'vacation', 8.00, NULL, 13, 1),
  ((SELECT id FROM providers WHERE open_dental_provnum = 16), '2026-03-16', '2026-03-16', '2026-03-31', 'base', 8.00, NULL, 13, 1),
  ((SELECT id FROM providers WHERE open_dental_provnum = 16), '2026-03-17', '2026-03-16', '2026-03-31', 'base', 8.00, NULL, 13, 1),
  ((SELECT id FROM providers WHERE open_dental_provnum = 16), '2026-03-18', '2026-03-16', '2026-03-31', 'base', 8.00, NULL, 13, 1),
  ((SELECT id FROM providers WHERE open_dental_provnum = 16), '2026-03-19', '2026-03-16', '2026-03-31', 'base', 8.00, NULL, 13, 1),
  ((SELECT id FROM providers WHERE open_dental_provnum = 16), '2026-03-20', '2026-03-16', '2026-03-31', 'base', 8.00, NULL, 13, 1),
  ((SELECT id FROM providers WHERE open_dental_provnum = 16), '2026-03-23', '2026-03-16', '2026-03-31', 'base', 8.00, NULL, 13, 1),
  ((SELECT id FROM providers WHERE open_dental_provnum = 16), '2026-03-24', '2026-03-16', '2026-03-31', 'base', 8.00, NULL, 13, 1),
  ((SELECT id FROM providers WHERE open_dental_provnum = 16), '2026-03-25', '2026-03-16', '2026-03-31', 'base', 8.00, NULL, 13, 1),
  ((SELECT id FROM providers WHERE open_dental_provnum = 16), '2026-03-26', '2026-03-16', '2026-03-31', 'base', 8.00, NULL, 13, 1),
  ((SELECT id FROM providers WHERE open_dental_provnum = 16), '2026-03-27', '2026-03-16', '2026-03-31', 'base', 8.00, NULL, 13, 1),
  ((SELECT id FROM providers WHERE open_dental_provnum = 16), '2026-03-30', '2026-03-16', '2026-03-31', 'base', 8.00, NULL, 13, 1),
  ((SELECT id FROM providers WHERE open_dental_provnum = 16), '2026-03-31', '2026-03-16', '2026-03-31', 'education', 4.00, NULL, 13, 1),
  ((SELECT id FROM providers WHERE open_dental_provnum = 16), '2026-04-01', '2026-04-01', '2026-04-15', 'education', 4.00, NULL, 13, 1),
  ((SELECT id FROM providers WHERE open_dental_provnum = 16), '2026-04-02', '2026-04-01', '2026-04-15', 'base', 8.00, NULL, 13, 1),
  ((SELECT id FROM providers WHERE open_dental_provnum = 16), '2026-04-03', '2026-04-01', '2026-04-15', 'base', 8.00, NULL, 13, 1),
  ((SELECT id FROM providers WHERE open_dental_provnum = 16), '2026-04-06', '2026-04-01', '2026-04-15', 'base', 8.00, NULL, 13, 1),
  ((SELECT id FROM providers WHERE open_dental_provnum = 16), '2026-04-07', '2026-04-01', '2026-04-15', 'base', 8.00, NULL, 13, 1),
  ((SELECT id FROM providers WHERE open_dental_provnum = 16), '2026-04-08', '2026-04-01', '2026-04-15', 'base', 8.00, NULL, 13, 1),
  ((SELECT id FROM providers WHERE open_dental_provnum = 16), '2026-04-09', '2026-04-01', '2026-04-15', 'base', 8.00, NULL, 13, 1),
  ((SELECT id FROM providers WHERE open_dental_provnum = 16), '2026-04-10', '2026-04-01', '2026-04-15', 'base', 8.00, NULL, 13, 1),
  ((SELECT id FROM providers WHERE open_dental_provnum = 16), '2026-04-13', '2026-04-01', '2026-04-15', 'base', 8.00, NULL, 13, 1),
  ((SELECT id FROM providers WHERE open_dental_provnum = 16), '2026-04-14', '2026-04-01', '2026-04-15', 'vacation', 8.00, NULL, 13, 1),
  ((SELECT id FROM providers WHERE open_dental_provnum = 16), '2026-04-15', '2026-04-01', '2026-04-15', 'base', 8.00, NULL, 13, 1),
  ((SELECT id FROM providers WHERE open_dental_provnum = 16), '2026-04-16', '2026-04-16', '2026-04-30', 'base', 8.00, NULL, 13, 1),
  ((SELECT id FROM providers WHERE open_dental_provnum = 16), '2026-04-17', '2026-04-16', '2026-04-30', 'base', 8.00, NULL, 13, 1),
  ((SELECT id FROM providers WHERE open_dental_provnum = 16), '2026-04-20', '2026-04-16', '2026-04-30', 'sick', 8.00, NULL, 13, 1),
  ((SELECT id FROM providers WHERE open_dental_provnum = 16), '2026-04-21', '2026-04-16', '2026-04-30', 'base', 8.00, NULL, 13, 1),
  ((SELECT id FROM providers WHERE open_dental_provnum = 16), '2026-04-22', '2026-04-16', '2026-04-30', 'base', 8.00, NULL, 13, 1),
  ((SELECT id FROM providers WHERE open_dental_provnum = 16), '2026-04-23', '2026-04-16', '2026-04-30', 'vacation', 8.00, NULL, 13, 1),
  ((SELECT id FROM providers WHERE open_dental_provnum = 16), '2026-04-24', '2026-04-16', '2026-04-30', 'education', 4.00, NULL, 13, 1),
  ((SELECT id FROM providers WHERE open_dental_provnum = 16), '2026-04-27', '2026-04-16', '2026-04-30', 'education', 4.00, NULL, 13, 1),
  ((SELECT id FROM providers WHERE open_dental_provnum = 16), '2026-04-28', '2026-04-16', '2026-04-30', 'base', 8.00, NULL, 13, 1),
  ((SELECT id FROM providers WHERE open_dental_provnum = 16), '2026-04-29', '2026-04-16', '2026-04-30', 'base', 8.00, NULL, 13, 1),
  ((SELECT id FROM providers WHERE open_dental_provnum = 16), '2026-04-30', '2026-04-16', '2026-04-30', 'base', 8.00, NULL, 13, 1),
  ((SELECT id FROM providers WHERE open_dental_provnum = 16), '2026-05-01', '2026-05-01', '2026-05-15', 'education', 4.00, NULL, 13, 1),
  ((SELECT id FROM providers WHERE open_dental_provnum = 16), '2026-05-04', '2026-05-01', '2026-05-15', 'base', 8.00, NULL, 13, 1),
  ((SELECT id FROM providers WHERE open_dental_provnum = 16), '2026-05-05', '2026-05-01', '2026-05-15', 'base', 8.00, NULL, 13, 1),
  ((SELECT id FROM providers WHERE open_dental_provnum = 16), '2026-05-06', '2026-05-01', '2026-05-15', 'base', 8.00, NULL, 13, 1),
  ((SELECT id FROM providers WHERE open_dental_provnum = 16), '2026-05-07', '2026-05-01', '2026-05-15', 'base', 8.00, NULL, 13, 1),
  ((SELECT id FROM providers WHERE open_dental_provnum = 16), '2026-05-08', '2026-05-01', '2026-05-15', 'base', 8.00, NULL, 13, 1),
  ((SELECT id FROM providers WHERE open_dental_provnum = 16), '2026-05-11', '2026-05-01', '2026-05-15', 'education', 4.00, NULL, 13, 1),
  ((SELECT id FROM providers WHERE open_dental_provnum = 16), '2026-05-12', '2026-05-01', '2026-05-15', 'base', 8.00, NULL, 13, 1),
  ((SELECT id FROM providers WHERE open_dental_provnum = 16), '2026-05-13', '2026-05-01', '2026-05-15', 'base', 8.00, NULL, 13, 1),
  ((SELECT id FROM providers WHERE open_dental_provnum = 16), '2026-05-14', '2026-05-01', '2026-05-15', 'base', 8.00, NULL, 13, 1),
  ((SELECT id FROM providers WHERE open_dental_provnum = 16), '2026-05-15', '2026-05-01', '2026-05-15', 'education', 4.00, NULL, 13, 1),
  ((SELECT id FROM providers WHERE open_dental_provnum = 16), '2026-05-18', '2026-05-16', '2026-05-31', 'base', 8.00, NULL, 13, 1),
  ((SELECT id FROM providers WHERE open_dental_provnum = 16), '2026-05-19', '2026-05-16', '2026-05-31', 'base', 8.00, NULL, 13, 1),
  ((SELECT id FROM providers WHERE open_dental_provnum = 16), '2026-05-20', '2026-05-16', '2026-05-31', 'base', 8.00, NULL, 13, 1),
  ((SELECT id FROM providers WHERE open_dental_provnum = 16), '2026-05-21', '2026-05-16', '2026-05-31', 'base', 8.00, NULL, 13, 1),
  ((SELECT id FROM providers WHERE open_dental_provnum = 16), '2026-05-22', '2026-05-16', '2026-05-31', 'base', 8.00, NULL, 13, 1),
  ((SELECT id FROM providers WHERE open_dental_provnum = 16), '2026-05-25', '2026-05-16', '2026-05-31', 'base', 8.00, NULL, 13, 1),
  ((SELECT id FROM providers WHERE open_dental_provnum = 16), '2026-05-26', '2026-05-16', '2026-05-31', 'base', 8.00, NULL, 13, 1),
  ((SELECT id FROM providers WHERE open_dental_provnum = 16), '2026-05-27', '2026-05-16', '2026-05-31', 'base', 8.00, NULL, 13, 1),
  ((SELECT id FROM providers WHERE open_dental_provnum = 16), '2026-05-28', '2026-05-16', '2026-05-31', 'base', 8.00, NULL, 13, 1),
  ((SELECT id FROM providers WHERE open_dental_provnum = 16), '2026-05-29', '2026-05-16', '2026-05-31', 'base', 8.00, NULL, 13, 1),
  ((SELECT id FROM providers WHERE open_dental_provnum = 17), '2026-01-01', '2026-01-01', '2026-01-15', 'base', 8.00, NULL, 13, 1),
  ((SELECT id FROM providers WHERE open_dental_provnum = 17), '2026-01-02', '2026-01-01', '2026-01-15', 'vacation', 8.00, NULL, 13, 1),
  ((SELECT id FROM providers WHERE open_dental_provnum = 17), '2026-01-05', '2026-01-01', '2026-01-15', 'base', 8.00, NULL, 13, 1),
  ((SELECT id FROM providers WHERE open_dental_provnum = 17), '2026-01-06', '2026-01-01', '2026-01-15', 'base', 8.00, NULL, 13, 1),
  ((SELECT id FROM providers WHERE open_dental_provnum = 17), '2026-01-07', '2026-01-01', '2026-01-15', 'base', 8.00, NULL, 13, 1),
  ((SELECT id FROM providers WHERE open_dental_provnum = 17), '2026-01-08', '2026-01-01', '2026-01-15', 'base', 8.00, NULL, 13, 1),
  ((SELECT id FROM providers WHERE open_dental_provnum = 17), '2026-01-09', '2026-01-01', '2026-01-15', 'sick', 8.00, NULL, 13, 1),
  ((SELECT id FROM providers WHERE open_dental_provnum = 17), '2026-01-12', '2026-01-01', '2026-01-15', 'base', 8.00, NULL, 13, 1),
  ((SELECT id FROM providers WHERE open_dental_provnum = 17), '2026-01-13', '2026-01-01', '2026-01-15', 'base', 8.00, NULL, 13, 1),
  ((SELECT id FROM providers WHERE open_dental_provnum = 17), '2026-01-14', '2026-01-01', '2026-01-15', 'base', 8.00, NULL, 13, 1),
  ((SELECT id FROM providers WHERE open_dental_provnum = 17), '2026-01-15', '2026-01-01', '2026-01-15', 'base', 8.00, NULL, 13, 1),
  ((SELECT id FROM providers WHERE open_dental_provnum = 17), '2026-01-16', '2026-01-16', '2026-01-31', 'base', 8.00, NULL, 13, 1),
  ((SELECT id FROM providers WHERE open_dental_provnum = 17), '2026-01-19', '2026-01-16', '2026-01-31', 'base', 8.00, NULL, 13, 1),
  ((SELECT id FROM providers WHERE open_dental_provnum = 17), '2026-01-20', '2026-01-16', '2026-01-31', 'base', 8.00, NULL, 13, 1),
  ((SELECT id FROM providers WHERE open_dental_provnum = 17), '2026-01-21', '2026-01-16', '2026-01-31', 'base', 8.00, NULL, 13, 1),
  ((SELECT id FROM providers WHERE open_dental_provnum = 17), '2026-01-22', '2026-01-16', '2026-01-31', 'base', 8.00, NULL, 13, 1),
  ((SELECT id FROM providers WHERE open_dental_provnum = 17), '2026-01-23', '2026-01-16', '2026-01-31', 'base', 8.00, NULL, 13, 1),
  ((SELECT id FROM providers WHERE open_dental_provnum = 17), '2026-01-26', '2026-01-16', '2026-01-31', 'base', 8.00, NULL, 13, 1),
  ((SELECT id FROM providers WHERE open_dental_provnum = 17), '2026-01-27', '2026-01-16', '2026-01-31', 'base', 8.00, NULL, 13, 1),
  ((SELECT id FROM providers WHERE open_dental_provnum = 17), '2026-01-28', '2026-01-16', '2026-01-31', 'base', 8.00, NULL, 13, 1),
  ((SELECT id FROM providers WHERE open_dental_provnum = 17), '2026-01-29', '2026-01-16', '2026-01-31', 'base', 8.00, NULL, 13, 1),
  ((SELECT id FROM providers WHERE open_dental_provnum = 17), '2026-01-30', '2026-01-16', '2026-01-31', 'base', 8.00, NULL, 13, 1),
  ((SELECT id FROM providers WHERE open_dental_provnum = 17), '2026-02-02', '2026-02-01', '2026-02-15', 'base', 8.00, NULL, 13, 1),
  ((SELECT id FROM providers WHERE open_dental_provnum = 17), '2026-02-03', '2026-02-01', '2026-02-15', 'education', 4.00, NULL, 13, 1),
  ((SELECT id FROM providers WHERE open_dental_provnum = 17), '2026-02-04', '2026-02-01', '2026-02-15', 'base', 8.00, NULL, 13, 1),
  ((SELECT id FROM providers WHERE open_dental_provnum = 17), '2026-02-05', '2026-02-01', '2026-02-15', 'education', 4.00, NULL, 13, 1),
  ((SELECT id FROM providers WHERE open_dental_provnum = 17), '2026-02-06', '2026-02-01', '2026-02-15', 'base', 8.00, NULL, 13, 1),
  ((SELECT id FROM providers WHERE open_dental_provnum = 17), '2026-02-09', '2026-02-01', '2026-02-15', 'base', 8.00, NULL, 13, 1),
  ((SELECT id FROM providers WHERE open_dental_provnum = 17), '2026-02-10', '2026-02-01', '2026-02-15', 'base', 8.00, NULL, 13, 1),
  ((SELECT id FROM providers WHERE open_dental_provnum = 17), '2026-02-11', '2026-02-01', '2026-02-15', 'base', 8.00, NULL, 13, 1),
  ((SELECT id FROM providers WHERE open_dental_provnum = 17), '2026-02-12', '2026-02-01', '2026-02-15', 'base', 8.00, NULL, 13, 1),
  ((SELECT id FROM providers WHERE open_dental_provnum = 17), '2026-02-13', '2026-02-01', '2026-02-15', 'education', 4.00, NULL, 13, 1),
  ((SELECT id FROM providers WHERE open_dental_provnum = 17), '2026-02-16', '2026-02-16', '2026-02-28', 'base', 8.00, NULL, 13, 1),
  ((SELECT id FROM providers WHERE open_dental_provnum = 17), '2026-02-17', '2026-02-16', '2026-02-28', 'base', 8.00, NULL, 13, 1),
  ((SELECT id FROM providers WHERE open_dental_provnum = 17), '2026-02-18', '2026-02-16', '2026-02-28', 'base', 8.00, NULL, 13, 1),
  ((SELECT id FROM providers WHERE open_dental_provnum = 17), '2026-02-19', '2026-02-16', '2026-02-28', 'base', 8.00, NULL, 13, 1),
  ((SELECT id FROM providers WHERE open_dental_provnum = 17), '2026-02-20', '2026-02-16', '2026-02-28', 'base', 8.00, NULL, 13, 1),
  ((SELECT id FROM providers WHERE open_dental_provnum = 17), '2026-02-23', '2026-02-16', '2026-02-28', 'base', 8.00, NULL, 13, 1),
  ((SELECT id FROM providers WHERE open_dental_provnum = 17), '2026-02-24', '2026-02-16', '2026-02-28', 'base', 8.00, NULL, 13, 1),
  ((SELECT id FROM providers WHERE open_dental_provnum = 17), '2026-02-25', '2026-02-16', '2026-02-28', 'education', 4.00, NULL, 13, 1),
  ((SELECT id FROM providers WHERE open_dental_provnum = 17), '2026-02-26', '2026-02-16', '2026-02-28', 'base', 8.00, NULL, 13, 1),
  ((SELECT id FROM providers WHERE open_dental_provnum = 17), '2026-02-27', '2026-02-16', '2026-02-28', 'base', 8.00, NULL, 13, 1),
  ((SELECT id FROM providers WHERE open_dental_provnum = 17), '2026-03-02', '2026-03-01', '2026-03-15', 'vacation', 8.00, NULL, 13, 1),
  ((SELECT id FROM providers WHERE open_dental_provnum = 17), '2026-03-03', '2026-03-01', '2026-03-15', 'base', 8.00, NULL, 13, 1),
  ((SELECT id FROM providers WHERE open_dental_provnum = 17), '2026-03-04', '2026-03-01', '2026-03-15', 'base', 8.00, NULL, 13, 1),
  ((SELECT id FROM providers WHERE open_dental_provnum = 17), '2026-03-05', '2026-03-01', '2026-03-15', 'base', 8.00, NULL, 13, 1),
  ((SELECT id FROM providers WHERE open_dental_provnum = 17), '2026-03-06', '2026-03-01', '2026-03-15', 'base', 8.00, NULL, 13, 1),
  ((SELECT id FROM providers WHERE open_dental_provnum = 17), '2026-03-09', '2026-03-01', '2026-03-15', 'base', 8.00, NULL, 13, 1),
  ((SELECT id FROM providers WHERE open_dental_provnum = 17), '2026-03-10', '2026-03-01', '2026-03-15', 'base', 8.00, NULL, 13, 1),
  ((SELECT id FROM providers WHERE open_dental_provnum = 17), '2026-03-11', '2026-03-01', '2026-03-15', 'sick', 8.00, NULL, 13, 1),
  ((SELECT id FROM providers WHERE open_dental_provnum = 17), '2026-03-12', '2026-03-01', '2026-03-15', 'base', 8.00, NULL, 13, 1),
  ((SELECT id FROM providers WHERE open_dental_provnum = 17), '2026-03-13', '2026-03-01', '2026-03-15', 'base', 8.00, NULL, 13, 1),
  ((SELECT id FROM providers WHERE open_dental_provnum = 17), '2026-03-16', '2026-03-16', '2026-03-31', 'base', 8.00, NULL, 13, 1),
  ((SELECT id FROM providers WHERE open_dental_provnum = 17), '2026-03-17', '2026-03-16', '2026-03-31', 'sick', 8.00, NULL, 13, 1),
  ((SELECT id FROM providers WHERE open_dental_provnum = 17), '2026-03-18', '2026-03-16', '2026-03-31', 'base', 8.00, NULL, 13, 1),
  ((SELECT id FROM providers WHERE open_dental_provnum = 17), '2026-03-19', '2026-03-16', '2026-03-31', 'base', 8.00, NULL, 13, 1),
  ((SELECT id FROM providers WHERE open_dental_provnum = 17), '2026-03-20', '2026-03-16', '2026-03-31', 'base', 8.00, NULL, 13, 1),
  ((SELECT id FROM providers WHERE open_dental_provnum = 17), '2026-03-23', '2026-03-16', '2026-03-31', 'base', 8.00, NULL, 13, 1),
  ((SELECT id FROM providers WHERE open_dental_provnum = 17), '2026-03-24', '2026-03-16', '2026-03-31', 'base', 8.00, NULL, 13, 1),
  ((SELECT id FROM providers WHERE open_dental_provnum = 17), '2026-03-25', '2026-03-16', '2026-03-31', 'base', 8.00, NULL, 13, 1),
  ((SELECT id FROM providers WHERE open_dental_provnum = 17), '2026-03-26', '2026-03-16', '2026-03-31', 'base', 8.00, NULL, 13, 1),
  ((SELECT id FROM providers WHERE open_dental_provnum = 17), '2026-03-27', '2026-03-16', '2026-03-31', 'base', 8.00, NULL, 13, 1),
  ((SELECT id FROM providers WHERE open_dental_provnum = 17), '2026-03-30', '2026-03-16', '2026-03-31', 'base', 8.00, NULL, 13, 1),
  ((SELECT id FROM providers WHERE open_dental_provnum = 17), '2026-03-31', '2026-03-16', '2026-03-31', 'education', 4.00, NULL, 13, 1),
  ((SELECT id FROM providers WHERE open_dental_provnum = 17), '2026-04-01', '2026-04-01', '2026-04-15', 'base', 8.00, NULL, 13, 1),
  ((SELECT id FROM providers WHERE open_dental_provnum = 17), '2026-04-02', '2026-04-01', '2026-04-15', 'base', 8.00, NULL, 13, 1),
  ((SELECT id FROM providers WHERE open_dental_provnum = 17), '2026-04-03', '2026-04-01', '2026-04-15', 'base', 8.00, NULL, 13, 1),
  ((SELECT id FROM providers WHERE open_dental_provnum = 17), '2026-04-06', '2026-04-01', '2026-04-15', 'base', 8.00, NULL, 13, 1),
  ((SELECT id FROM providers WHERE open_dental_provnum = 17), '2026-04-07', '2026-04-01', '2026-04-15', 'base', 8.00, NULL, 13, 1),
  ((SELECT id FROM providers WHERE open_dental_provnum = 17), '2026-04-08', '2026-04-01', '2026-04-15', 'base', 8.00, NULL, 13, 1),
  ((SELECT id FROM providers WHERE open_dental_provnum = 17), '2026-04-09', '2026-04-01', '2026-04-15', 'base', 8.00, NULL, 13, 1),
  ((SELECT id FROM providers WHERE open_dental_provnum = 17), '2026-04-10', '2026-04-01', '2026-04-15', 'education', 4.00, NULL, 13, 1),
  ((SELECT id FROM providers WHERE open_dental_provnum = 17), '2026-04-13', '2026-04-01', '2026-04-15', 'base', 8.00, NULL, 13, 1),
  ((SELECT id FROM providers WHERE open_dental_provnum = 17), '2026-04-14', '2026-04-01', '2026-04-15', 'base', 8.00, NULL, 13, 1),
  ((SELECT id FROM providers WHERE open_dental_provnum = 17), '2026-04-15', '2026-04-01', '2026-04-15', 'base', 8.00, NULL, 13, 1),
  ((SELECT id FROM providers WHERE open_dental_provnum = 17), '2026-04-16', '2026-04-16', '2026-04-30', 'base', 8.00, NULL, 13, 1),
  ((SELECT id FROM providers WHERE open_dental_provnum = 17), '2026-04-17', '2026-04-16', '2026-04-30', 'education', 4.00, NULL, 13, 1),
  ((SELECT id FROM providers WHERE open_dental_provnum = 17), '2026-04-20', '2026-04-16', '2026-04-30', 'base', 8.00, NULL, 13, 1),
  ((SELECT id FROM providers WHERE open_dental_provnum = 17), '2026-04-21', '2026-04-16', '2026-04-30', 'sick', 8.00, NULL, 13, 1),
  ((SELECT id FROM providers WHERE open_dental_provnum = 17), '2026-04-22', '2026-04-16', '2026-04-30', 'base', 8.00, NULL, 13, 1),
  ((SELECT id FROM providers WHERE open_dental_provnum = 17), '2026-04-23', '2026-04-16', '2026-04-30', 'base', 8.00, NULL, 13, 1),
  ((SELECT id FROM providers WHERE open_dental_provnum = 17), '2026-04-24', '2026-04-16', '2026-04-30', 'base', 8.00, NULL, 13, 1),
  ((SELECT id FROM providers WHERE open_dental_provnum = 17), '2026-04-27', '2026-04-16', '2026-04-30', 'base', 8.00, NULL, 13, 1),
  ((SELECT id FROM providers WHERE open_dental_provnum = 17), '2026-04-28', '2026-04-16', '2026-04-30', 'base', 8.00, NULL, 13, 1),
  ((SELECT id FROM providers WHERE open_dental_provnum = 17), '2026-04-29', '2026-04-16', '2026-04-30', 'education', 4.00, NULL, 13, 1),
  ((SELECT id FROM providers WHERE open_dental_provnum = 17), '2026-04-30', '2026-04-16', '2026-04-30', 'sick', 8.00, NULL, 13, 1),
  ((SELECT id FROM providers WHERE open_dental_provnum = 17), '2026-05-01', '2026-05-01', '2026-05-15', 'base', 8.00, NULL, 13, 1),
  ((SELECT id FROM providers WHERE open_dental_provnum = 17), '2026-05-04', '2026-05-01', '2026-05-15', 'base', 8.00, NULL, 13, 1),
  ((SELECT id FROM providers WHERE open_dental_provnum = 17), '2026-05-05', '2026-05-01', '2026-05-15', 'base', 8.00, NULL, 13, 1),
  ((SELECT id FROM providers WHERE open_dental_provnum = 17), '2026-05-06', '2026-05-01', '2026-05-15', 'sick', 8.00, NULL, 13, 1),
  ((SELECT id FROM providers WHERE open_dental_provnum = 17), '2026-05-07', '2026-05-01', '2026-05-15', 'base', 8.00, NULL, 13, 1),
  ((SELECT id FROM providers WHERE open_dental_provnum = 17), '2026-05-08', '2026-05-01', '2026-05-15', 'base', 8.00, NULL, 13, 1),
  ((SELECT id FROM providers WHERE open_dental_provnum = 17), '2026-05-11', '2026-05-01', '2026-05-15', 'base', 8.00, NULL, 13, 1),
  ((SELECT id FROM providers WHERE open_dental_provnum = 17), '2026-05-12', '2026-05-01', '2026-05-15', 'base', 8.00, NULL, 13, 1),
  ((SELECT id FROM providers WHERE open_dental_provnum = 17), '2026-05-13', '2026-05-01', '2026-05-15', 'base', 8.00, NULL, 13, 1),
  ((SELECT id FROM providers WHERE open_dental_provnum = 17), '2026-05-14', '2026-05-01', '2026-05-15', 'base', 8.00, NULL, 13, 1),
  ((SELECT id FROM providers WHERE open_dental_provnum = 17), '2026-05-15', '2026-05-01', '2026-05-15', 'base', 8.00, NULL, 13, 1),
  ((SELECT id FROM providers WHERE open_dental_provnum = 17), '2026-05-18', '2026-05-16', '2026-05-31', 'education', 4.00, NULL, 13, 1),
  ((SELECT id FROM providers WHERE open_dental_provnum = 17), '2026-05-19', '2026-05-16', '2026-05-31', 'base', 8.00, NULL, 13, 1),
  ((SELECT id FROM providers WHERE open_dental_provnum = 17), '2026-05-20', '2026-05-16', '2026-05-31', 'base', 8.00, NULL, 13, 1),
  ((SELECT id FROM providers WHERE open_dental_provnum = 17), '2026-05-21', '2026-05-16', '2026-05-31', 'base', 8.00, NULL, 13, 1),
  ((SELECT id FROM providers WHERE open_dental_provnum = 17), '2026-05-22', '2026-05-16', '2026-05-31', 'base', 8.00, NULL, 13, 1),
  ((SELECT id FROM providers WHERE open_dental_provnum = 17), '2026-05-25', '2026-05-16', '2026-05-31', 'base', 8.00, NULL, 13, 1),
  ((SELECT id FROM providers WHERE open_dental_provnum = 17), '2026-05-26', '2026-05-16', '2026-05-31', 'base', 8.00, NULL, 13, 1),
  ((SELECT id FROM providers WHERE open_dental_provnum = 17), '2026-05-27', '2026-05-16', '2026-05-31', 'base', 8.00, NULL, 13, 1),
  ((SELECT id FROM providers WHERE open_dental_provnum = 17), '2026-05-28', '2026-05-16', '2026-05-31', 'base', 8.00, NULL, 13, 1),
  ((SELECT id FROM providers WHERE open_dental_provnum = 17), '2026-05-29', '2026-05-16', '2026-05-31', 'base', 8.00, NULL, 13, 1);

-- 6. DOCTOR DAYS WORKED — semi-monthly per-period summaries
INSERT IGNORE INTO doctor_days_worked
  (provider_id, pay_period_start, pay_period_end, days_worked, notes)
VALUES
  ((SELECT id FROM providers WHERE open_dental_provnum = 12), '2026-01-01', '2026-01-15', 10, 'Notes: 1 sick day'),
  ((SELECT id FROM providers WHERE open_dental_provnum = 12), '2026-01-16', '2026-01-31', 11, NULL),
  ((SELECT id FROM providers WHERE open_dental_provnum = 12), '2026-02-01', '2026-02-15', 10, 'Notes: 1 sick day'),
  ((SELECT id FROM providers WHERE open_dental_provnum = 12), '2026-02-16', '2026-02-28', 10, NULL),
  ((SELECT id FROM providers WHERE open_dental_provnum = 12), '2026-03-01', '2026-03-15', 9, NULL),
  ((SELECT id FROM providers WHERE open_dental_provnum = 12), '2026-03-16', '2026-03-31', 10, NULL),
  ((SELECT id FROM providers WHERE open_dental_provnum = 12), '2026-04-01', '2026-04-15', 11, 'Notes: 1 sick day'),
  ((SELECT id FROM providers WHERE open_dental_provnum = 12), '2026-04-16', '2026-04-30', 11, NULL),
  ((SELECT id FROM providers WHERE open_dental_provnum = 12), '2026-05-01', '2026-05-15', 10, NULL),
  ((SELECT id FROM providers WHERE open_dental_provnum = 12), '2026-05-16', '2026-05-31', 8, NULL),
  ((SELECT id FROM providers WHERE open_dental_provnum = 13), '2026-01-01', '2026-01-15', 10, NULL),
  ((SELECT id FROM providers WHERE open_dental_provnum = 13), '2026-01-16', '2026-01-31', 11, NULL),
  ((SELECT id FROM providers WHERE open_dental_provnum = 13), '2026-02-01', '2026-02-15', 8, 'Notes: 1 sick day'),
  ((SELECT id FROM providers WHERE open_dental_provnum = 13), '2026-02-16', '2026-02-28', 8, 'Notes: 1 sick day'),
  ((SELECT id FROM providers WHERE open_dental_provnum = 13), '2026-03-01', '2026-03-15', 8, NULL),
  ((SELECT id FROM providers WHERE open_dental_provnum = 13), '2026-03-16', '2026-03-31', 12, NULL),
  ((SELECT id FROM providers WHERE open_dental_provnum = 13), '2026-04-01', '2026-04-15', 11, NULL),
  ((SELECT id FROM providers WHERE open_dental_provnum = 13), '2026-04-16', '2026-04-30', 11, 'Notes: 1 sick day'),
  ((SELECT id FROM providers WHERE open_dental_provnum = 13), '2026-05-01', '2026-05-15', 10, 'Notes: 1 sick day'),
  ((SELECT id FROM providers WHERE open_dental_provnum = 13), '2026-05-16', '2026-05-31', 8, NULL),
  ((SELECT id FROM providers WHERE open_dental_provnum = 14), '2026-01-01', '2026-01-15', 10, NULL),
  ((SELECT id FROM providers WHERE open_dental_provnum = 14), '2026-01-16', '2026-01-31', 11, NULL),
  ((SELECT id FROM providers WHERE open_dental_provnum = 14), '2026-02-01', '2026-02-15', 9, 'Notes: 1 sick day'),
  ((SELECT id FROM providers WHERE open_dental_provnum = 14), '2026-02-16', '2026-02-28', 8, NULL),
  ((SELECT id FROM providers WHERE open_dental_provnum = 14), '2026-03-01', '2026-03-15', 10, NULL),
  ((SELECT id FROM providers WHERE open_dental_provnum = 14), '2026-03-16', '2026-03-31', 12, NULL),
  ((SELECT id FROM providers WHERE open_dental_provnum = 14), '2026-04-01', '2026-04-15', 9, 'Notes: 1 sick day'),
  ((SELECT id FROM providers WHERE open_dental_provnum = 14), '2026-04-16', '2026-04-30', 9, NULL),
  ((SELECT id FROM providers WHERE open_dental_provnum = 14), '2026-05-01', '2026-05-15', 11, 'Notes: 1 sick day'),
  ((SELECT id FROM providers WHERE open_dental_provnum = 14), '2026-05-16', '2026-05-31', 8, NULL),
  ((SELECT id FROM providers WHERE open_dental_provnum = 15), '2026-01-01', '2026-01-15', 9, NULL),
  ((SELECT id FROM providers WHERE open_dental_provnum = 15), '2026-01-16', '2026-01-31', 11, 'Notes: 1 sick day'),
  ((SELECT id FROM providers WHERE open_dental_provnum = 15), '2026-02-01', '2026-02-15', 8, NULL),
  ((SELECT id FROM providers WHERE open_dental_provnum = 15), '2026-02-16', '2026-02-28', 8, NULL),
  ((SELECT id FROM providers WHERE open_dental_provnum = 15), '2026-03-01', '2026-03-15', 10, NULL),
  ((SELECT id FROM providers WHERE open_dental_provnum = 15), '2026-03-16', '2026-03-31', 10, NULL),
  ((SELECT id FROM providers WHERE open_dental_provnum = 15), '2026-04-01', '2026-04-15', 10, NULL),
  ((SELECT id FROM providers WHERE open_dental_provnum = 15), '2026-04-16', '2026-04-30', 11, NULL),
  ((SELECT id FROM providers WHERE open_dental_provnum = 15), '2026-05-01', '2026-05-15', 10, NULL),
  ((SELECT id FROM providers WHERE open_dental_provnum = 15), '2026-05-16', '2026-05-31', 10, NULL);

-- 7. HYGIENIST EXTRA PATIENTS — bonus rows
INSERT IGNORE INTO hygienist_extra_patients
  (provider_id, work_date, extra_patient_count, rate_per_patient, pay_period_start, pay_period_end, notes, approved_by, approved_at, created_by, is_active)
VALUES
  ((SELECT id FROM providers WHERE open_dental_provnum = 16), '2026-03-06', 4, 25.00, '2026-03-01', '2026-03-15', 'Standard extra-patient bonus', 13, NOW(), 13, 1),
  ((SELECT id FROM providers WHERE open_dental_provnum = 17), '2026-02-12', 3, 25.00, '2026-02-01', '2026-02-15', 'Standard extra-patient bonus', 13, NOW(), 13, 1),
  ((SELECT id FROM providers WHERE open_dental_provnum = 17), '2026-02-26', 3, 25.00, '2026-02-16', '2026-02-28', 'Standard extra-patient bonus', 13, NOW(), 13, 1),
  ((SELECT id FROM providers WHERE open_dental_provnum = 17), '2026-03-04', 3, 25.00, '2026-03-01', '2026-03-15', 'Standard extra-patient bonus', 13, NOW(), 13, 1);

-- 8. PROVIDER ADDITIONS — one-time manual additions
INSERT IGNORE INTO provider_additions
  (provider_id, provider_type, date, amount, note, category, created_by, is_active)
VALUES
  ((SELECT id FROM providers WHERE open_dental_provnum = 12), 'general_dentist', '2026-05-23', 128.82, 'Holiday bonus', 'manual_addition', 13, 1),
  ((SELECT id FROM providers WHERE open_dental_provnum = 12), 'general_dentist', '2026-03-27', 354.56, 'Holiday bonus', 'manual_addition', 13, 1),
  ((SELECT id FROM providers WHERE open_dental_provnum = 13), 'general_dentist', '2026-04-08', 147.57, 'New patient bonus', 'manual_addition', 13, 1),
  ((SELECT id FROM providers WHERE open_dental_provnum = 13), 'general_dentist', '2026-05-01', 444.62, 'Mentorship payment', 'manual_addition', 13, 1),
  ((SELECT id FROM providers WHERE open_dental_provnum = 13), 'general_dentist', '2026-05-13', 286.80, 'Continuing education stipend', 'manual_addition', 13, 1),
  ((SELECT id FROM providers WHERE open_dental_provnum = 14), 'oral_surgeon', '2026-03-26', 363.60, 'Mentorship payment', 'manual_addition', 13, 1),
  ((SELECT id FROM providers WHERE open_dental_provnum = 14), 'oral_surgeon', '2026-03-28', 136.80, 'Continuing education stipend', 'manual_addition', 13, 1),
  ((SELECT id FROM providers WHERE open_dental_provnum = 14), 'oral_surgeon', '2026-02-03', 427.82, 'Mentorship payment', 'manual_addition', 13, 1),
  ((SELECT id FROM providers WHERE open_dental_provnum = 15), 'endodontist', '2026-04-11', 287.43, 'Quarterly performance bonus', 'manual_addition', 13, 1),
  ((SELECT id FROM providers WHERE open_dental_provnum = 15), 'endodontist', '2026-03-10', 349.75, 'Quarterly performance bonus', 'manual_addition', 13, 1),
  ((SELECT id FROM providers WHERE open_dental_provnum = 16), 'hygienist', '2026-02-18', 377.89, 'Quarterly performance bonus', 'manual_addition', 13, 1),
  ((SELECT id FROM providers WHERE open_dental_provnum = 16), 'hygienist', '2026-03-04', 323.45, 'Continuing education stipend', 'manual_addition', 13, 1),
  ((SELECT id FROM providers WHERE open_dental_provnum = 17), 'hygienist', '2026-02-05', 449.00, 'Continuing education stipend', 'manual_addition', 13, 1),
  ((SELECT id FROM providers WHERE open_dental_provnum = 17), 'hygienist', '2026-01-25', 153.46, 'Quarterly performance bonus', 'manual_addition', 13, 1);

-- 9. PAYROLL SETTINGS — provider-specific configuration
INSERT IGNORE INTO payroll_settings
  (setting_type, setting_category, setting_key, provider_id, provider_type, setting_value, display_name, description, effective_date, is_active, created_by)
VALUES
  ('provider_specific', 'production', 'commission_pct',  (SELECT id FROM providers WHERE open_dental_provnum = 12), 'general_dentist', '30.0', 'Commission %',  'Provider commission percentage',  '2026-01-01', 1, 13),
  ('provider_specific', 'guarantee',  'daily_min',       (SELECT id FROM providers WHERE open_dental_provnum = 12), 'general_dentist', '700.00', 'Daily minimum',  'Daily guaranteed minimum pay',  '2026-01-01', 1, 13),
  ('provider_specific', 'production', 'commission_pct',  (SELECT id FROM providers WHERE open_dental_provnum = 13), 'general_dentist', '30.0', 'Commission %',  'Provider commission percentage',  '2026-01-01', 1, 13),
  ('provider_specific', 'guarantee',  'daily_min',       (SELECT id FROM providers WHERE open_dental_provnum = 13), 'general_dentist', '700.00', 'Daily minimum',  'Daily guaranteed minimum pay',  '2026-01-01', 1, 13),
  ('provider_specific', 'production', 'commission_pct',  (SELECT id FROM providers WHERE open_dental_provnum = 14), 'oral_surgeon', '35.0', 'Commission %',  'Provider commission percentage',  '2026-01-01', 1, 13),
  ('provider_specific', 'guarantee',  'daily_min',       (SELECT id FROM providers WHERE open_dental_provnum = 14), 'oral_surgeon', '1200.00', 'Daily minimum',  'Daily guaranteed minimum pay',  '2026-01-01', 1, 13),
  ('provider_specific', 'production', 'commission_pct',  (SELECT id FROM providers WHERE open_dental_provnum = 15), 'endodontist', '30.0', 'Commission %',  'Provider commission percentage',  '2026-01-01', 1, 13),
  ('provider_specific', 'guarantee',  'daily_min',       (SELECT id FROM providers WHERE open_dental_provnum = 15), 'endodontist', '700.00', 'Daily minimum',  'Daily guaranteed minimum pay',  '2026-01-01', 1, 13),
  ('provider_specific', 'production', 'commission_pct',  (SELECT id FROM providers WHERE open_dental_provnum = 16), 'hygienist', '40.0', 'Commission %',  'Provider commission percentage',  '2026-01-01', 1, 13),
  ('provider_specific', 'guarantee',  'daily_min',       (SELECT id FROM providers WHERE open_dental_provnum = 16), 'hygienist', '350.00', 'Daily minimum',  'Daily guaranteed minimum pay',  '2026-01-01', 1, 13),
  ('provider_specific', 'production', 'commission_pct',  (SELECT id FROM providers WHERE open_dental_provnum = 17), 'hygienist', '40.0', 'Commission %',  'Provider commission percentage',  '2026-01-01', 1, 13),
  ('provider_specific', 'guarantee',  'daily_min',       (SELECT id FROM providers WHERE open_dental_provnum = 17), 'hygienist', '350.00', 'Daily minimum',  'Daily guaranteed minimum pay',  '2026-01-01', 1, 13),
  ('provider_type', 'category_codes', 'restorative_codes', NULL, 'endodontist', '["D2391","D2392","D2740","D2750"]', 'Restorative procedure codes', 'CDT codes counted as restorative', '2026-01-01', 1, 13),
  ('provider_type', 'category_codes', 'restorative_codes', NULL, 'general_dentist', '["D2391","D2392","D2740","D2750"]', 'Restorative procedure codes', 'CDT codes counted as restorative', '2026-01-01', 1, 13),
  ('provider_type', 'category_codes', 'restorative_codes', NULL, 'oral_surgeon', '["D2391","D2392","D2740","D2750"]', 'Restorative procedure codes', 'CDT codes counted as restorative', '2026-01-01', 1, 13),
  ('provider_type', 'category_codes', 'restorative_codes', NULL, 'hygienist', '["D2391","D2392","D2740","D2750"]', 'Restorative procedure codes', 'CDT codes counted as restorative', '2026-01-01', 1, 13);

-- 10. PAYROLL CALCULATIONS — historical calculations Jan-Apr 2026
INSERT IGNORE INTO payroll_calculations
  (provider_id, calculation_date, start_date, end_date, gross_production, net_production, adjustments_total, writeoffs_total, final_compensation, total_payment, calculation_method, created_by)
VALUES
  ((SELECT id FROM providers WHERE open_dental_provnum = 12), '2026-01-15 18:00:00', '2026-01-01', '2026-01-15', 13851.66, 11605.94, 966.62, 1279.09, 3481.78, 3523.05, 'standard_v1', 13),
  ((SELECT id FROM providers WHERE open_dental_provnum = 12), '2026-01-31 18:00:00', '2026-01-16', '2026-01-31', 14947.12, 12013.70, 1222.42, 1711.00, 3604.11, 3739.29, 'standard_v1', 13),
  ((SELECT id FROM providers WHERE open_dental_provnum = 12), '2026-02-15 18:00:00', '2026-02-01', '2026-02-15', 14488.62, 11660.11, 1186.48, 1642.03, 3498.03, 3507.54, 'standard_v1', 13),
  ((SELECT id FROM providers WHERE open_dental_provnum = 12), '2026-02-28 18:00:00', '2026-02-16', '2026-02-28', 13033.05, 10348.99, 862.11, 1821.95, 3104.70, 3299.13, 'standard_v1', 13),
  ((SELECT id FROM providers WHERE open_dental_provnum = 12), '2026-03-15 18:00:00', '2026-03-01', '2026-03-15', 13697.69, 11240.32, 1278.77, 1178.60, 3372.10, 3438.56, 'standard_v1', 13),
  ((SELECT id FROM providers WHERE open_dental_provnum = 12), '2026-03-31 18:00:00', '2026-03-16', '2026-03-31', 15923.28, 12585.08, 1187.55, 2150.65, 3775.52, 3830.45, 'standard_v1', 13),
  ((SELECT id FROM providers WHERE open_dental_provnum = 12), '2026-04-15 18:00:00', '2026-04-01', '2026-04-15', 14188.69, 12128.72, 720.10, 1339.88, 3638.61, 3836.25, 'standard_v1', 13),
  ((SELECT id FROM providers WHERE open_dental_provnum = 12), '2026-04-30 18:00:00', '2026-04-16', '2026-04-30', 12513.20, 10244.09, 1212.05, 1057.06, 3073.23, 3085.27, 'standard_v1', 13),
  ((SELECT id FROM providers WHERE open_dental_provnum = 13), '2026-01-15 18:00:00', '2026-01-01', '2026-01-15', 12915.75, 10575.61, 753.65, 1586.50, 3172.68, 3266.54, 'standard_v1', 13),
  ((SELECT id FROM providers WHERE open_dental_provnum = 13), '2026-01-31 18:00:00', '2026-01-16', '2026-01-31', 15864.10, 12738.44, 1127.61, 1998.05, 3821.53, 4002.53, 'standard_v1', 13),
  ((SELECT id FROM providers WHERE open_dental_provnum = 13), '2026-02-15 18:00:00', '2026-02-01', '2026-02-15', 14075.86, 10835.86, 1225.44, 2014.57, 3250.76, 3279.05, 'standard_v1', 13),
  ((SELECT id FROM providers WHERE open_dental_provnum = 13), '2026-02-28 18:00:00', '2026-02-16', '2026-02-28', 12538.60, 10218.78, 1014.05, 1305.76, 3065.64, 3134.35, 'standard_v1', 13),
  ((SELECT id FROM providers WHERE open_dental_provnum = 13), '2026-03-15 18:00:00', '2026-03-01', '2026-03-15', 13573.28, 10956.48, 718.00, 1898.80, 3286.94, 3459.20, 'standard_v1', 13),
  ((SELECT id FROM providers WHERE open_dental_provnum = 13), '2026-03-31 18:00:00', '2026-03-16', '2026-03-31', 15517.65, 13146.69, 803.81, 1567.14, 3944.01, 4092.44, 'standard_v1', 13),
  ((SELECT id FROM providers WHERE open_dental_provnum = 13), '2026-04-15 18:00:00', '2026-04-01', '2026-04-15', 15751.27, 12713.42, 1181.30, 1856.54, 3814.03, 3991.57, 'standard_v1', 13),
  ((SELECT id FROM providers WHERE open_dental_provnum = 13), '2026-04-30 18:00:00', '2026-04-16', '2026-04-30', 12233.10, 10307.04, 820.67, 1105.39, 3092.11, 3122.34, 'standard_v1', 13),
  ((SELECT id FROM providers WHERE open_dental_provnum = 14), '2026-01-15 18:00:00', '2026-01-01', '2026-01-15', 20151.13, 15896.57, 1768.92, 2485.64, 5563.80, 5724.89, 'standard_v1', 13),
  ((SELECT id FROM providers WHERE open_dental_provnum = 14), '2026-01-31 18:00:00', '2026-01-16', '2026-01-31', 24380.43, 19998.81, 1365.88, 3015.73, 6999.58, 7128.39, 'standard_v1', 13),
  ((SELECT id FROM providers WHERE open_dental_provnum = 14), '2026-02-15 18:00:00', '2026-02-01', '2026-02-15', 19446.64, 15961.17, 1112.02, 2373.45, 5586.41, 5768.08, 'standard_v1', 13),
  ((SELECT id FROM providers WHERE open_dental_provnum = 14), '2026-02-28 18:00:00', '2026-02-16', '2026-02-28', 22551.06, 19108.69, 1420.56, 2021.82, 6688.04, 6821.24, 'standard_v1', 13),
  ((SELECT id FROM providers WHERE open_dental_provnum = 14), '2026-03-15 18:00:00', '2026-03-01', '2026-03-15', 20780.44, 16347.95, 1903.44, 2529.04, 5721.78, 5891.53, 'standard_v1', 13),
  ((SELECT id FROM providers WHERE open_dental_provnum = 14), '2026-03-31 18:00:00', '2026-03-16', '2026-03-31', 24753.21, 21020.04, 1385.65, 2347.52, 7357.01, 7449.33, 'standard_v1', 13),
  ((SELECT id FROM providers WHERE open_dental_provnum = 14), '2026-04-15 18:00:00', '2026-04-01', '2026-04-15', 23301.68, 18948.29, 1900.49, 2452.90, 6631.90, 6742.76, 'standard_v1', 13),
  ((SELECT id FROM providers WHERE open_dental_provnum = 14), '2026-04-30 18:00:00', '2026-04-16', '2026-04-30', 23440.59, 18564.28, 1852.44, 3023.87, 6497.50, 6576.86, 'standard_v1', 13),
  ((SELECT id FROM providers WHERE open_dental_provnum = 15), '2026-01-15 18:00:00', '2026-01-01', '2026-01-15', 20644.25, 17115.15, 1098.27, 2430.83, 5648.00, 5708.56, 'standard_v1', 13),
  ((SELECT id FROM providers WHERE open_dental_provnum = 15), '2026-01-31 18:00:00', '2026-01-16', '2026-01-31', 17618.35, 13862.39, 1604.23, 2151.73, 4574.59, 4599.13, 'standard_v1', 13),
  ((SELECT id FROM providers WHERE open_dental_provnum = 15), '2026-02-15 18:00:00', '2026-02-01', '2026-02-15', 19336.55, 15021.37, 1619.28, 2695.90, 4957.05, 5039.81, 'standard_v1', 13),
  ((SELECT id FROM providers WHERE open_dental_provnum = 15), '2026-02-28 18:00:00', '2026-02-16', '2026-02-28', 18165.83, 14278.31, 1294.27, 2593.25, 4711.84, 4849.35, 'standard_v1', 13),
  ((SELECT id FROM providers WHERE open_dental_provnum = 15), '2026-03-15 18:00:00', '2026-03-01', '2026-03-15', 16969.87, 13689.95, 1610.10, 1669.82, 4517.68, 4520.66, 'standard_v1', 13),
  ((SELECT id FROM providers WHERE open_dental_provnum = 15), '2026-03-31 18:00:00', '2026-03-16', '2026-03-31', 20653.82, 17259.65, 1508.74, 1885.43, 5695.68, 5810.25, 'standard_v1', 13),
  ((SELECT id FROM providers WHERE open_dental_provnum = 15), '2026-04-15 18:00:00', '2026-04-01', '2026-04-15', 19995.24, 15999.93, 1247.47, 2747.85, 5279.98, 5476.16, 'standard_v1', 13),
  ((SELECT id FROM providers WHERE open_dental_provnum = 15), '2026-04-30 18:00:00', '2026-04-16', '2026-04-30', 15938.31, 13183.55, 1215.52, 1539.24, 4350.57, 4351.95, 'standard_v1', 13),
  ((SELECT id FROM providers WHERE open_dental_provnum = 16), '2026-01-15 18:00:00', '2026-01-01', '2026-01-15', 9082.83, 7358.40, 673.79, 1050.64, 2943.36, 2984.04, 'standard_v1', 13),
  ((SELECT id FROM providers WHERE open_dental_provnum = 16), '2026-01-31 18:00:00', '2026-01-16', '2026-01-31', 8322.90, 6587.85, 822.09, 912.96, 2635.14, 2641.47, 'standard_v1', 13),
  ((SELECT id FROM providers WHERE open_dental_provnum = 16), '2026-02-15 18:00:00', '2026-02-01', '2026-02-15', 7390.81, 5877.37, 595.91, 917.53, 2350.95, 2505.02, 'standard_v1', 13),
  ((SELECT id FROM providers WHERE open_dental_provnum = 16), '2026-02-28 18:00:00', '2026-02-16', '2026-02-28', 9221.24, 7929.17, 507.46, 784.61, 3171.67, 3353.25, 'standard_v1', 13),
  ((SELECT id FROM providers WHERE open_dental_provnum = 16), '2026-03-15 18:00:00', '2026-03-01', '2026-03-15', 9050.65, 7144.45, 900.48, 1005.72, 2857.78, 2888.82, 'standard_v1', 13),
  ((SELECT id FROM providers WHERE open_dental_provnum = 16), '2026-03-31 18:00:00', '2026-03-16', '2026-03-31', 8161.40, 6795.47, 627.65, 738.28, 2718.19, 2829.76, 'standard_v1', 13),
  ((SELECT id FROM providers WHERE open_dental_provnum = 16), '2026-04-15 18:00:00', '2026-04-01', '2026-04-15', 8160.25, 6641.96, 784.88, 733.41, 2656.78, 2783.15, 'standard_v1', 13),
  ((SELECT id FROM providers WHERE open_dental_provnum = 16), '2026-04-30 18:00:00', '2026-04-16', '2026-04-30', 7854.08, 6141.81, 650.63, 1061.65, 2456.72, 2468.52, 'standard_v1', 13),
  ((SELECT id FROM providers WHERE open_dental_provnum = 17), '2026-01-15 18:00:00', '2026-01-01', '2026-01-15', 8629.70, 6648.40, 851.85, 1129.44, 2659.36, 2843.63, 'standard_v1', 13),
  ((SELECT id FROM providers WHERE open_dental_provnum = 17), '2026-01-31 18:00:00', '2026-01-16', '2026-01-31', 7698.07, 6083.26, 538.94, 1075.87, 2433.30, 2552.94, 'standard_v1', 13),
  ((SELECT id FROM providers WHERE open_dental_provnum = 17), '2026-02-15 18:00:00', '2026-02-01', '2026-02-15', 9505.03, 7468.08, 765.16, 1271.80, 2987.23, 3106.90, 'standard_v1', 13),
  ((SELECT id FROM providers WHERE open_dental_provnum = 17), '2026-02-28 18:00:00', '2026-02-16', '2026-02-28', 8047.43, 6588.50, 650.97, 807.95, 2635.40, 2835.01, 'standard_v1', 13),
  ((SELECT id FROM providers WHERE open_dental_provnum = 17), '2026-03-15 18:00:00', '2026-03-01', '2026-03-15', 8819.12, 7075.48, 543.44, 1200.20, 2830.19, 2987.29, 'standard_v1', 13),
  ((SELECT id FROM providers WHERE open_dental_provnum = 17), '2026-03-31 18:00:00', '2026-03-16', '2026-03-31', 8413.64, 6674.08, 505.83, 1233.72, 2669.63, 2689.66, 'standard_v1', 13),
  ((SELECT id FROM providers WHERE open_dental_provnum = 17), '2026-04-15 18:00:00', '2026-04-01', '2026-04-15', 9568.99, 7846.17, 585.50, 1137.32, 3138.47, 3165.04, 'standard_v1', 13),
  ((SELECT id FROM providers WHERE open_dental_provnum = 17), '2026-04-30 18:00:00', '2026-04-16', '2026-04-30', 7320.85, 5721.66, 512.40, 1086.78, 2288.66, 2441.69, 'standard_v1', 13);

-- 11. PAYROLL REPORTS — finalized reports paired with calculations
INSERT IGNORE INTO payroll_reports
  (provider_id, period_start_date, period_end_date, gross_production, adjustments, writeoffs, net_production, production_pay, daily_guarantee, pto_pay, total_pay, report_status, notes, created_by)
VALUES
  ((SELECT id FROM providers WHERE open_dental_provnum = 12), '2026-01-01', '2026-01-15', 12207.95, 1100.82, 1646.48, 9460.64, 2838.19, 6300.00, 0.00, 6300.00, 'paid', NULL, 13),
  ((SELECT id FROM providers WHERE open_dental_provnum = 12), '2026-01-16', '2026-01-31', 14985.70, 1384.35, 1709.89, 11891.46, 3567.44, 6300.00, 320.00, 6300.00, 'paid', NULL, 13),
  ((SELECT id FROM providers WHERE open_dental_provnum = 12), '2026-02-01', '2026-02-15', 15230.27, 1453.87, 1798.40, 11978.01, 3593.40, 7700.00, 0.00, 7700.00, 'paid', NULL, 13),
  ((SELECT id FROM providers WHERE open_dental_provnum = 12), '2026-02-16', '2026-02-28', 14652.39, 1266.51, 1724.11, 11661.76, 3498.53, 7000.00, 0.00, 7000.00, 'paid', NULL, 13),
  ((SELECT id FROM providers WHERE open_dental_provnum = 12), '2026-03-01', '2026-03-15', 15631.16, 829.35, 1923.00, 12878.81, 3863.64, 7000.00, 0.00, 7000.00, 'paid', NULL, 13),
  ((SELECT id FROM providers WHERE open_dental_provnum = 12), '2026-03-16', '2026-03-31', 12079.04, 1072.66, 1473.19, 9533.18, 2859.96, 5600.00, 0.00, 5600.00, 'approved', NULL, 13),
  ((SELECT id FROM providers WHERE open_dental_provnum = 12), '2026-04-01', '2026-04-15', 14232.78, 738.66, 1967.33, 11526.78, 3458.04, 6300.00, 320.00, 6300.00, 'approved', NULL, 13),
  ((SELECT id FROM providers WHERE open_dental_provnum = 12), '2026-04-16', '2026-04-30', 12395.14, 675.82, 1178.84, 10540.49, 3162.15, 7000.00, 0.00, 7000.00, 'finalized', NULL, 13),
  ((SELECT id FROM providers WHERE open_dental_provnum = 13), '2026-01-01', '2026-01-15', 15547.84, 1294.16, 2317.11, 11936.57, 3580.97, 7000.00, 320.00, 7000.00, 'paid', NULL, 13),
  ((SELECT id FROM providers WHERE open_dental_provnum = 13), '2026-01-16', '2026-01-31', 15677.43, 1396.46, 1628.18, 12652.79, 3795.84, 7700.00, 0.00, 7700.00, 'paid', NULL, 13),
  ((SELECT id FROM providers WHERE open_dental_provnum = 13), '2026-02-01', '2026-02-15', 13712.41, 959.19, 2032.32, 10720.90, 3216.27, 6300.00, 0.00, 6300.00, 'paid', NULL, 13),
  ((SELECT id FROM providers WHERE open_dental_provnum = 13), '2026-02-16', '2026-02-28', 14809.52, 1449.31, 1251.99, 12108.22, 3632.47, 5600.00, 0.00, 5600.00, 'paid', NULL, 13),
  ((SELECT id FROM providers WHERE open_dental_provnum = 13), '2026-03-01', '2026-03-15', 14673.71, 1279.92, 1245.39, 12148.40, 3644.52, 7700.00, 0.00, 7700.00, 'paid', NULL, 13),
  ((SELECT id FROM providers WHERE open_dental_provnum = 13), '2026-03-16', '2026-03-31', 14334.37, 1391.44, 1591.79, 11351.13, 3405.34, 7000.00, 0.00, 7000.00, 'approved', NULL, 13),
  ((SELECT id FROM providers WHERE open_dental_provnum = 13), '2026-04-01', '2026-04-15', 15540.27, 1068.30, 1567.77, 12904.21, 3871.26, 7700.00, 0.00, 7700.00, 'approved', NULL, 13),
  ((SELECT id FROM providers WHERE open_dental_provnum = 13), '2026-04-16', '2026-04-30', 15138.63, 935.54, 1433.93, 12769.17, 3830.75, 7000.00, 0.00, 7000.00, 'finalized', NULL, 13),
  ((SELECT id FROM providers WHERE open_dental_provnum = 14), '2026-01-01', '2026-01-15', 20233.78, 1442.34, 2791.66, 15999.77, 5599.92, 10800.00, 0.00, 10800.00, 'paid', NULL, 13),
  ((SELECT id FROM providers WHERE open_dental_provnum = 14), '2026-01-16', '2026-01-31', 23643.47, 1854.73, 2996.41, 18792.33, 6577.32, 12000.00, 0.00, 12000.00, 'paid', NULL, 13),
  ((SELECT id FROM providers WHERE open_dental_provnum = 14), '2026-02-01', '2026-02-15', 24226.23, 2251.24, 2148.45, 19826.54, 6939.29, 10800.00, 0.00, 10800.00, 'paid', NULL, 13),
  ((SELECT id FROM providers WHERE open_dental_provnum = 14), '2026-02-16', '2026-02-28', 23497.53, 2273.43, 3398.92, 17825.18, 6238.81, 9600.00, 0.00, 9600.00, 'paid', NULL, 13),
  ((SELECT id FROM providers WHERE open_dental_provnum = 14), '2026-03-01', '2026-03-15', 20971.98, 1377.79, 2754.74, 16839.46, 5893.81, 13200.00, 0.00, 13200.00, 'paid', NULL, 13),
  ((SELECT id FROM providers WHERE open_dental_provnum = 14), '2026-03-16', '2026-03-31', 23896.55, 2312.67, 3111.20, 18472.68, 6465.44, 10800.00, 320.00, 10800.00, 'approved', NULL, 13),
  ((SELECT id FROM providers WHERE open_dental_provnum = 14), '2026-04-01', '2026-04-15', 21059.19, 1165.43, 2188.59, 17705.17, 6196.81, 10800.00, 0.00, 10800.00, 'approved', NULL, 13),
  ((SELECT id FROM providers WHERE open_dental_provnum = 14), '2026-04-16', '2026-04-30', 24020.21, 1971.52, 3098.46, 18950.23, 6632.58, 12000.00, 320.00, 12000.00, 'finalized', NULL, 13),
  ((SELECT id FROM providers WHERE open_dental_provnum = 15), '2026-01-01', '2026-01-15', 16786.55, 1583.23, 1824.87, 13378.46, 4414.89, 8550.00, 0.00, 8550.00, 'paid', NULL, 13),
  ((SELECT id FROM providers WHERE open_dental_provnum = 15), '2026-01-16', '2026-01-31', 16029.40, 1602.07, 2352.77, 12074.55, 3984.60, 7600.00, 0.00, 7600.00, 'paid', NULL, 13),
  ((SELECT id FROM providers WHERE open_dental_provnum = 15), '2026-02-01', '2026-02-15', 18918.58, 1832.00, 2837.41, 14249.16, 4702.22, 7600.00, 0.00, 7600.00, 'paid', NULL, 13),
  ((SELECT id FROM providers WHERE open_dental_provnum = 15), '2026-02-16', '2026-02-28', 16584.91, 893.78, 2365.23, 13325.90, 4397.55, 8550.00, 0.00, 8550.00, 'paid', NULL, 13),
  ((SELECT id FROM providers WHERE open_dental_provnum = 15), '2026-03-01', '2026-03-15', 19074.77, 1495.37, 2502.56, 15076.84, 4975.36, 10450.00, 0.00, 10450.00, 'paid', NULL, 13),
  ((SELECT id FROM providers WHERE open_dental_provnum = 15), '2026-03-16', '2026-03-31', 19588.28, 1502.24, 2909.48, 15176.56, 5008.26, 8550.00, 0.00, 8550.00, 'approved', NULL, 13),
  ((SELECT id FROM providers WHERE open_dental_provnum = 15), '2026-04-01', '2026-04-15', 18027.31, 1497.27, 2264.04, 14265.99, 4707.78, 10450.00, 320.00, 10450.00, 'approved', NULL, 13),
  ((SELECT id FROM providers WHERE open_dental_provnum = 15), '2026-04-16', '2026-04-30', 17413.71, 1691.75, 2172.77, 13549.19, 4471.23, 7600.00, 0.00, 7600.00, 'finalized', NULL, 13),
  ((SELECT id FROM providers WHERE open_dental_provnum = 16), '2026-01-01', '2026-01-15', 9369.60, 484.15, 1045.68, 7839.77, 3135.91, 2800.00, 0.00, 3135.91, 'paid', NULL, 13),
  ((SELECT id FROM providers WHERE open_dental_provnum = 16), '2026-01-16', '2026-01-31', 7689.87, 671.16, 1149.55, 5869.16, 2347.66, 3500.00, 0.00, 3500.00, 'paid', NULL, 13),
  ((SELECT id FROM providers WHERE open_dental_provnum = 16), '2026-02-01', '2026-02-15', 8603.38, 718.77, 1022.37, 6862.24, 2744.89, 3150.00, 320.00, 3150.00, 'paid', NULL, 13),
  ((SELECT id FROM providers WHERE open_dental_provnum = 16), '2026-02-16', '2026-02-28', 7793.78, 635.79, 931.25, 6226.73, 2490.69, 3150.00, 320.00, 3150.00, 'paid', NULL, 13),
  ((SELECT id FROM providers WHERE open_dental_provnum = 16), '2026-03-01', '2026-03-15', 7321.76, 657.56, 705.46, 5958.75, 2383.50, 3150.00, 0.00, 3150.00, 'paid', NULL, 13),
  ((SELECT id FROM providers WHERE open_dental_provnum = 16), '2026-03-16', '2026-03-31', 7890.62, 520.82, 719.51, 6650.29, 2660.12, 2800.00, 0.00, 2800.00, 'approved', NULL, 13),
  ((SELECT id FROM providers WHERE open_dental_provnum = 16), '2026-04-01', '2026-04-15', 7886.92, 696.44, 702.44, 6488.05, 2595.22, 2800.00, 0.00, 2800.00, 'approved', NULL, 13),
  ((SELECT id FROM providers WHERE open_dental_provnum = 16), '2026-04-16', '2026-04-30', 9041.67, 730.58, 816.91, 7494.18, 2997.67, 2800.00, 0.00, 2997.67, 'finalized', NULL, 13),
  ((SELECT id FROM providers WHERE open_dental_provnum = 17), '2026-01-01', '2026-01-15', 8520.49, 602.04, 1118.97, 6799.47, 2719.79, 3150.00, 320.00, 3150.00, 'paid', NULL, 13),
  ((SELECT id FROM providers WHERE open_dental_provnum = 17), '2026-01-16', '2026-01-31', 9704.42, 614.13, 908.90, 8181.39, 3272.56, 2800.00, 0.00, 3272.56, 'paid', NULL, 13),
  ((SELECT id FROM providers WHERE open_dental_provnum = 17), '2026-02-01', '2026-02-15', 8703.84, 603.81, 1242.94, 6857.09, 2742.84, 2800.00, 0.00, 2800.00, 'paid', NULL, 13),
  ((SELECT id FROM providers WHERE open_dental_provnum = 17), '2026-02-16', '2026-02-28', 9623.82, 873.27, 960.51, 7790.04, 3116.01, 3150.00, 0.00, 3150.00, 'paid', NULL, 13),
  ((SELECT id FROM providers WHERE open_dental_provnum = 17), '2026-03-01', '2026-03-15', 8233.29, 643.22, 1180.63, 6409.44, 2563.78, 3150.00, 320.00, 3150.00, 'paid', NULL, 13),
  ((SELECT id FROM providers WHERE open_dental_provnum = 17), '2026-03-16', '2026-03-31', 7379.50, 659.52, 648.32, 6071.66, 2428.66, 2800.00, 0.00, 2800.00, 'approved', NULL, 13),
  ((SELECT id FROM providers WHERE open_dental_provnum = 17), '2026-04-01', '2026-04-15', 9339.55, 491.56, 1203.65, 7644.34, 3057.73, 3150.00, 0.00, 3150.00, 'approved', NULL, 13),
  ((SELECT id FROM providers WHERE open_dental_provnum = 17), '2026-04-16', '2026-04-30', 8884.81, 612.93, 912.12, 7359.76, 2943.90, 3500.00, 0.00, 3500.00, 'finalized', NULL, 13);

-- 12. QUARTERLY AUDIT RUNS — Q1 + Q2 2026
INSERT IGNORE INTO quarterly_audit_runs
  (quarter, year, start_date, end_date, status, progress, total_providers, processed_providers, error_message, created_by)
VALUES
  (1, 2026, '2026-01-01', '2026-03-31', 'completed', 100, 6, 6, NULL, 13),
  (2, 2026, '2026-04-01', '2026-06-30', 'processing', 50, 6, 3, NULL, 13);

-- 13. BATCH PAYROLL RUNS — batch run per pay period
INSERT IGNORE INTO batch_payroll_runs
  (id, requested_by, pay_period_start, pay_period_end, provider_ids, total_providers, status, report_type, providers_processed, providers_failed, total_compensation, total_base_pay, total_bonuses, total_deductions, started_at, completed_at)
VALUES
  ('batch-2026-001', 13, '2026-01-01', '2026-01-15', '[1,2,3,4,5,6]', 6, 'completed', 'regular', 6, 0, 99683.41, 84730.90, 9968.34, 4984.17, '2026-01-15 16:00:00', '2026-01-15 16:30:00'),
  ('batch-2026-002', 13, '2026-01-16', '2026-01-31', '[1,2,3,4,5,6]', 6, 'completed', 'regular', 6, 0, 98569.34, 83783.94, 9856.93, 4928.47, '2026-01-31 16:00:00', '2026-01-31 16:30:00'),
  ('batch-2026-003', 13, '2026-02-01', '2026-02-15', '[1,2,3,4,5,6]', 6, 'completed', 'regular', 6, 0, 102050.47, 86742.90, 10205.05, 5102.52, '2026-02-15 16:00:00', '2026-02-15 16:30:00'),
  ('batch-2026-004', 13, '2026-02-16', '2026-02-28', '[1,2,3,4,5,6]', 6, 'completed', 'regular', 6, 0, 90930.26, 77290.72, 9093.03, 4546.51, '2026-02-28 16:00:00', '2026-02-28 16:30:00'),
  ('batch-2026-005', 13, '2026-03-01', '2026-03-15', '[1,2,3,4,5,6]', 6, 'completed', 'regular', 6, 0, 96105.24, 81689.45, 9610.52, 4805.26, '2026-03-15 16:00:00', '2026-03-15 16:30:00'),
  ('batch-2026-006', 13, '2026-03-16', '2026-03-31', '[1,2,3,4,5,6]', 6, 'completed', 'regular', 6, 0, 87211.25, 74129.56, 8721.13, 4360.56, '2026-03-31 16:00:00', '2026-03-31 16:30:00'),
  ('batch-2026-007', 13, '2026-04-01', '2026-04-15', '[1,2,3,4,5,6]', 6, 'processing', 'regular', 3, 0, 103188.65, 87710.35, 10318.86, 5159.43, '2026-04-15 16:00:00', NULL),
  ('batch-2026-008', 13, '2026-04-16', '2026-04-30', '[1,2,3,4,5,6]', 6, 'processing', 'regular', 3, 0, 86132.02, 73212.22, 8613.20, 4306.60, '2026-04-30 16:00:00', NULL);

SET FOREIGN_KEY_CHECKS = 1;

-- ===== POST-SEED VERIFICATION =====

-- =====================================================================
-- SECTION 13: GROOMING + ERA + REFUNDS + AUDIT SEED DATA (~843 rows)
-- Sourced from seed_remaining_modules.sql — grooming runs/recs/feedback,
-- ERA payments/claims/codes, refund requests/addresses, audit logs,
-- user activity, login attempts, PHI access log.
-- =====================================================================
SET FOREIGN_KEY_CHECKS = 0;

-- ==== GROOMING MODULE ==== --

INSERT IGNORE INTO grooming_settings (setting_key, setting_value, setting_type, category, description) VALUES
  ('lapsed_patient_months',   '18',     'number',  'thresholds', 'Months since last visit before flag'),
  ('balance_warning_amount',  '100',    'number',  'thresholds', 'Outstanding balance threshold'),
  ('annual_max_warning',      '200',    'number',  'thresholds', 'Annual max remaining threshold'),
  ('fluoride_age_cutoff',     '14',     'number',  'thresholds', 'Max age for fluoride coverage'),
  ('fluoride_cash_fee',       '38.00',  'number',  'fees',       'Cash fluoride fee'),
  ('xray_recheck_months',     '12',     'number',  'thresholds', 'BWX recheck interval'),
  ('pano_recheck_months',     '60',     'number',  'thresholds', 'Pano recheck interval'),
  ('probing_recheck_months',  '12',     'number',  'thresholds', 'Probing recheck interval'),
  ('exam_recheck_months',     '6',      'number',  'thresholds', 'Exam recheck interval'),
  ('auto_write_note',         'false',  'boolean', 'features',   'Auto-write OD appointment note'),
  ('require_approval',        'true',   'boolean', 'features',   'Require approval before execute'),
  ('membership_check_enabled','true',   'boolean', 'features',   'Verify membership status')
ON DUPLICATE KEY UPDATE setting_value=VALUES(setting_value);

INSERT IGNORE INTO grooming_runs (run_id, target_date, start_time, end_time, total_appointments, new_appointments, total_flags, status, triggered_by, is_delta_run) VALUES
  (1010, '2026-05-13', '2026-05-13 06:00:00', '2026-05-13 06:08:00', 16, 5, 7, 'complete', 13, 0),
  (1009, '2026-05-12', '2026-05-12 06:00:00', '2026-05-12 06:04:00', 11, 0, 7, 'complete', 13, 0),
  (1008, '2026-05-11', '2026-05-11 06:00:00', '2026-05-11 06:03:00', 8, 2, 6, 'complete', 13, 0),
  (1005, '2026-05-08', '2026-05-08 06:00:00', '2026-05-08 06:08:00', 10, 1, 8, 'complete', 13, 0),
  (1004, '2026-05-07', '2026-05-07 06:00:00', '2026-05-07 06:02:00', 9, 4, 9, 'complete', 13, 0),
  (1003, '2026-05-06', '2026-05-06 06:00:00', '2026-05-06 06:03:00', 20, 1, 19, 'complete', 13, 0),
  (1002, '2026-05-05', '2026-05-05 06:00:00', '2026-05-05 06:02:00', 10, 1, 8, 'complete', 13, 0),
  (1001, '2026-05-04', '2026-05-04 06:00:00', '2026-05-04 06:06:00', 20, 2, 15, 'complete', 13, 0);

INSERT IGNORE INTO grooming_recommendations
  (recommendation_id, run_id, AptNum, PatNum, patient_name, apt_datetime, apt_DateTStamp,
   xray_status, probing_status, insurance_status, balance_status,
   has_flags, is_new_patient, action_status, target_date) VALUES
  (5001, 1010, 50001, 74929, 'Fischer, Noah', '2026-05-13 16:15:00', '2026-05-13 16:15:00', 'Due', 'Not Due', 'Needs verification', 'No balance', 0, 0, 'approved', '2026-05-13'),
  (5002, 1010, 50002, 90367, 'Davis, Liam', '2026-05-13 15:00:00', '2026-05-13 15:00:00', 'Due', 'Due', 'No insurance', 'No balance', 0, 0, 'pending', '2026-05-13'),
  (5003, 1010, 50003, 88548, 'Quintero, Emma', '2026-05-13 08:15:00', '2026-05-13 08:15:00', 'Up to date', 'Due', 'Needs verification', 'Balance due $380', 0, 0, 'pending', '2026-05-13'),
  (5004, 1010, 50004, 18560, 'Nguyen, Henry', '2026-05-13 17:00:00', '2026-05-13 17:00:00', 'Not Due', 'Not Due', 'No insurance', 'Balance due $480', 0, 0, 'pending', '2026-05-13'),
  (5005, 1010, 50005, 85050, 'Esposito, Sofia', '2026-05-13 10:15:00', '2026-05-13 10:15:00', 'Overdue', 'Not Due', 'Needs verification', 'No balance', 0, 1, 'skipped', '2026-05-13'),
  (5006, 1010, 50006, 25721, 'Martinez, Charlotte', '2026-05-13 10:15:00', '2026-05-13 10:15:00', 'Due', 'Due', 'Verified', 'No balance', 1, 0, 'skipped', '2026-05-13'),
  (5007, 1010, 50007, 78894, 'Singh, Harper', '2026-05-13 09:15:00', '2026-05-13 09:15:00', 'Up to date', 'Not Due', 'No insurance', 'No balance', 0, 0, 'skipped', '2026-05-13'),
  (5008, 1010, 50008, 76704, 'Fischer, Noah', '2026-05-13 14:30:00', '2026-05-13 14:30:00', 'Overdue', 'Not Due', 'Needs verification', 'Balance due $426', 1, 1, 'skipped', '2026-05-13'),
  (5009, 1010, 50009, 13842, 'Iyer, Mia', '2026-05-13 16:30:00', '2026-05-13 16:30:00', 'Up to date', 'Due', 'No insurance', 'No balance', 1, 0, 'approved', '2026-05-13'),
  (5010, 1009, 50010, 68010, 'Okafor, Amelia', '2026-05-12 14:45:00', '2026-05-12 14:45:00', 'Overdue', 'Due', 'Needs verification', 'Balance due $70', 0, 0, 'pending', '2026-05-12'),
  (5011, 1009, 50011, 92076, 'Nguyen, Henry', '2026-05-12 12:15:00', '2026-05-12 12:15:00', 'Not Due', 'Due', 'Needs verification', 'No balance', 1, 0, 'pending', '2026-05-12'),
  (5012, 1009, 50012, 10854, 'Davis, Liam', '2026-05-12 13:30:00', '2026-05-12 13:30:00', 'Due', 'Due', 'Verified', 'No balance', 1, 1, 'pending', '2026-05-12'),
  (5013, 1009, 50013, 96380, 'Iyer, Mia', '2026-05-12 16:30:00', '2026-05-12 16:30:00', 'Due', 'Not Due', 'Needs verification', 'No balance', 1, 0, 'approved', '2026-05-12'),
  (5014, 1009, 50014, 81808, 'Esposito, Sofia', '2026-05-12 08:45:00', '2026-05-12 08:45:00', 'Not Due', 'Due', 'No insurance', 'No balance', 1, 1, 'pending', '2026-05-12'),
  (5015, 1009, 50015, 81710, 'Lopez, Mason', '2026-05-12 08:45:00', '2026-05-12 08:45:00', 'Not Due', 'Due', 'No insurance', 'No balance', 1, 1, 'skipped', '2026-05-12'),
  (5016, 1008, 50016, 18366, 'Garcia, Ava', '2026-05-11 16:30:00', '2026-05-11 16:30:00', 'Overdue', 'Not Due', 'Needs verification', 'No balance', 1, 0, 'pending', '2026-05-11'),
  (5017, 1008, 50017, 91863, 'Singh, Harper', '2026-05-11 13:45:00', '2026-05-11 13:45:00', 'Overdue', 'Due', 'No insurance', 'No balance', 1, 0, 'pending', '2026-05-11'),
  (5018, 1008, 50018, 26743, 'Nguyen, Henry', '2026-05-11 14:45:00', '2026-05-11 14:45:00', 'Up to date', 'Not Due', 'Needs verification', 'Balance due $290', 1, 0, 'approved', '2026-05-11'),
  (5019, 1008, 50019, 71646, 'Huang, Ethan', '2026-05-11 14:15:00', '2026-05-11 14:15:00', 'Overdue', 'Not Due', 'Verified', 'Balance due $397', 1, 0, 'pending', '2026-05-11'),
  (5020, 1008, 50020, 10845, 'Rodriguez, Sebastian', '2026-05-11 16:45:00', '2026-05-11 16:45:00', 'Due', 'Not Due', 'Verified', 'No balance', 1, 0, 'pending', '2026-05-11'),
  (5021, 1008, 50021, 13867, 'Brown, James', '2026-05-11 11:45:00', '2026-05-11 11:45:00', 'Up to date', 'Due', 'Needs verification', 'No balance', 0, 0, 'pending', '2026-05-11'),
  (5022, 1008, 50022, 38104, 'Johnson, Lucas', '2026-05-11 09:30:00', '2026-05-11 09:30:00', 'Overdue', 'Not Due', 'Verified', 'No balance', 0, 0, 'pending', '2026-05-11'),
  (5023, 1008, 50023, 47155, 'Alvarez, Maria', '2026-05-11 16:00:00', '2026-05-11 16:00:00', 'Up to date', 'Not Due', 'No insurance', 'No balance', 1, 0, 'pending', '2026-05-11'),
  (5024, 1008, 50024, 70477, 'Tanaka, Daniel', '2026-05-11 16:30:00', '2026-05-11 16:30:00', 'Due', 'Due', 'Needs verification', 'No balance', 1, 0, 'pending', '2026-05-11'),
  (5025, 1005, 50025, 36287, 'Iyer, Mia', '2026-05-08 11:30:00', '2026-05-08 11:30:00', 'Up to date', 'Not Due', 'Verified', 'No balance', 1, 0, 'skipped', '2026-05-08'),
  (5026, 1005, 50026, 81314, 'Alvarez, Maria', '2026-05-08 17:30:00', '2026-05-08 17:30:00', 'Overdue', 'Due', 'No insurance', 'Balance due $132', 1, 1, 'approved', '2026-05-08'),
  (5027, 1005, 50027, 97991, 'Nguyen, Henry', '2026-05-08 10:00:00', '2026-05-08 10:00:00', 'Not Due', 'Not Due', 'Needs verification', 'Balance due $167', 1, 0, 'pending', '2026-05-08'),
  (5028, 1005, 50028, 18336, 'Alvarez, Maria', '2026-05-08 09:30:00', '2026-05-08 09:30:00', 'Up to date', 'Due', 'No insurance', 'Balance due $461', 0, 0, 'approved', '2026-05-08'),
  (5029, 1005, 50029, 91057, 'Brown, James', '2026-05-08 11:00:00', '2026-05-08 11:00:00', 'Overdue', 'Due', 'Verified', 'Balance due $262', 0, 0, 'pending', '2026-05-08'),
  (5030, 1005, 50030, 93741, 'Okafor, Amelia', '2026-05-08 08:15:00', '2026-05-08 08:15:00', 'Not Due', 'Not Due', 'Needs verification', 'Balance due $92', 1, 1, 'pending', '2026-05-08'),
  (5031, 1005, 50031, 57247, 'Johnson, Lucas', '2026-05-08 08:45:00', '2026-05-08 08:45:00', 'Overdue', 'Not Due', 'No insurance', 'No balance', 1, 0, 'skipped', '2026-05-08'),
  (5032, 1005, 50032, 86632, 'Johnson, Lucas', '2026-05-08 10:45:00', '2026-05-08 10:45:00', 'Overdue', 'Not Due', 'No insurance', 'No balance', 0, 0, 'approved', '2026-05-08'),
  (5033, 1004, 50033, 67724, 'Davis, Liam', '2026-05-07 15:00:00', '2026-05-07 15:00:00', 'Overdue', 'Due', 'Verified', 'No balance', 1, 0, 'skipped', '2026-05-07'),
  (5034, 1004, 50034, 12215, 'Chen, Olivia', '2026-05-07 12:15:00', '2026-05-07 12:15:00', 'Not Due', 'Not Due', 'No insurance', 'No balance', 1, 0, 'pending', '2026-05-07'),
  (5035, 1004, 50035, 65962, 'Garcia, Ava', '2026-05-07 11:00:00', '2026-05-07 11:00:00', 'Up to date', 'Not Due', 'Needs verification', 'No balance', 1, 0, 'skipped', '2026-05-07'),
  (5036, 1004, 50036, 59803, 'Alvarez, Maria', '2026-05-07 09:00:00', '2026-05-07 09:00:00', 'Due', 'Due', 'No insurance', 'No balance', 1, 0, 'approved', '2026-05-07'),
  (5037, 1004, 50037, 13392, 'Patel, Benjamin', '2026-05-07 13:00:00', '2026-05-07 13:00:00', 'Due', 'Not Due', 'No insurance', 'No balance', 1, 0, 'pending', '2026-05-07'),
  (5038, 1004, 50038, 19651, 'Fischer, Noah', '2026-05-07 11:30:00', '2026-05-07 11:30:00', 'Due', 'Due', 'No insurance', 'No balance', 0, 1, 'skipped', '2026-05-07'),
  (5039, 1004, 50039, 82243, 'Martinez, Charlotte', '2026-05-07 10:30:00', '2026-05-07 10:30:00', 'Due', 'Due', 'Needs verification', 'No balance', 1, 1, 'approved', '2026-05-07'),
  (5040, 1004, 50040, 14888, 'Fischer, Noah', '2026-05-07 17:30:00', '2026-05-07 17:30:00', 'Due', 'Due', 'Needs verification', 'Balance due $202', 1, 0, 'pending', '2026-05-07'),
  (5041, 1004, 50041, 39815, 'Alvarez, Maria', '2026-05-07 16:45:00', '2026-05-07 16:45:00', 'Overdue', 'Due', 'Needs verification', 'Balance due $75', 0, 0, 'approved', '2026-05-07'),
  (5042, 1003, 50042, 40344, 'Patel, Benjamin', '2026-05-06 08:45:00', '2026-05-06 08:45:00', 'Up to date', 'Not Due', 'No insurance', 'No balance', 1, 0, 'pending', '2026-05-06'),
  (5043, 1003, 50043, 86288, 'Lopez, Mason', '2026-05-06 14:30:00', '2026-05-06 14:30:00', 'Due', 'Not Due', 'Needs verification', 'Balance due $166', 1, 0, 'skipped', '2026-05-06'),
  (5044, 1003, 50044, 78664, 'Brown, James', '2026-05-06 09:45:00', '2026-05-06 09:45:00', 'Due', 'Due', 'Needs verification', 'Balance due $202', 1, 0, 'skipped', '2026-05-06'),
  (5045, 1003, 50045, 78922, 'Esposito, Sofia', '2026-05-06 12:00:00', '2026-05-06 12:00:00', 'Due', 'Not Due', 'Verified', 'No balance', 0, 0, 'pending', '2026-05-06'),
  (5046, 1003, 50046, 39143, 'Chen, Olivia', '2026-05-06 09:15:00', '2026-05-06 09:15:00', 'Due', 'Not Due', 'Verified', 'No balance', 1, 1, 'skipped', '2026-05-06'),
  (5047, 1003, 50047, 85715, 'Kim, Isabella', '2026-05-06 11:00:00', '2026-05-06 11:00:00', 'Overdue', 'Not Due', 'No insurance', 'No balance', 0, 0, 'approved', '2026-05-06'),
  (5048, 1003, 50048, 47940, 'Patel, Benjamin', '2026-05-06 12:30:00', '2026-05-06 12:30:00', 'Overdue', 'Not Due', 'Needs verification', 'No balance', 0, 0, 'skipped', '2026-05-06'),
  (5049, 1003, 50049, 67548, 'Patel, Benjamin', '2026-05-06 11:45:00', '2026-05-06 11:45:00', 'Overdue', 'Not Due', 'Verified', 'No balance', 1, 1, 'pending', '2026-05-06'),
  (5050, 1003, 50050, 58683, 'Chen, Olivia', '2026-05-06 10:45:00', '2026-05-06 10:45:00', 'Up to date', 'Due', 'No insurance', 'No balance', 1, 1, 'pending', '2026-05-06'),
  (5051, 1003, 50051, 65671, 'Davis, Liam', '2026-05-06 11:45:00', '2026-05-06 11:45:00', 'Overdue', 'Not Due', 'No insurance', 'No balance', 1, 0, 'skipped', '2026-05-06'),
  (5052, 1002, 50052, 27711, 'Alvarez, Maria', '2026-05-05 10:00:00', '2026-05-05 10:00:00', 'Due', 'Not Due', 'Needs verification', 'No balance', 0, 0, 'pending', '2026-05-05'),
  (5053, 1002, 50053, 28972, 'Esposito, Sofia', '2026-05-05 12:15:00', '2026-05-05 12:15:00', 'Up to date', 'Not Due', 'Verified', 'No balance', 0, 1, 'approved', '2026-05-05'),
  (5054, 1002, 50054, 44115, 'Martinez, Charlotte', '2026-05-05 13:30:00', '2026-05-05 13:30:00', 'Due', 'Due', 'Needs verification', 'Balance due $184', 1, 0, 'pending', '2026-05-05'),
  (5055, 1002, 50055, 67033, 'Huang, Ethan', '2026-05-05 11:45:00', '2026-05-05 11:45:00', 'Not Due', 'Due', 'No insurance', 'No balance', 1, 0, 'approved', '2026-05-05'),
  (5056, 1002, 50056, 53480, 'Rodriguez, Sebastian', '2026-05-05 12:30:00', '2026-05-05 12:30:00', 'Up to date', 'Due', 'No insurance', 'Balance due $472', 1, 0, 'skipped', '2026-05-05'),
  (5057, 1002, 50057, 64929, 'Chen, Olivia', '2026-05-05 09:45:00', '2026-05-05 09:45:00', 'Overdue', 'Due', 'No insurance', 'No balance', 1, 0, 'approved', '2026-05-05'),
  (5058, 1001, 50058, 72325, 'Davis, Liam', '2026-05-04 13:15:00', '2026-05-04 13:15:00', 'Not Due', 'Not Due', 'Verified', 'No balance', 0, 0, 'skipped', '2026-05-04'),
  (5059, 1001, 50059, 82259, 'Brown, James', '2026-05-04 12:00:00', '2026-05-04 12:00:00', 'Up to date', 'Not Due', 'No insurance', 'No balance', 1, 0, 'pending', '2026-05-04'),
  (5060, 1001, 50060, 46414, 'Tanaka, Daniel', '2026-05-04 15:15:00', '2026-05-04 15:15:00', 'Up to date', 'Not Due', 'Needs verification', 'No balance', 1, 0, 'pending', '2026-05-04'),
  (5061, 1001, 50061, 43995, 'Iyer, Mia', '2026-05-04 11:00:00', '2026-05-04 11:00:00', 'Not Due', 'Not Due', 'Needs verification', 'No balance', 1, 0, 'approved', '2026-05-04'),
  (5062, 1001, 50062, 99872, 'Huang, Ethan', '2026-05-04 17:45:00', '2026-05-04 17:45:00', 'Overdue', 'Not Due', 'No insurance', 'No balance', 0, 0, 'pending', '2026-05-04'),
  (5063, 1001, 50063, 66312, 'Okafor, Amelia', '2026-05-04 09:45:00', '2026-05-04 09:45:00', 'Due', 'Not Due', 'Needs verification', 'Balance due $360', 0, 0, 'approved', '2026-05-04'),
  (5064, 1001, 50064, 76747, 'Martinez, Charlotte', '2026-05-04 11:45:00', '2026-05-04 11:45:00', 'Overdue', 'Not Due', 'No insurance', 'No balance', 1, 1, 'approved', '2026-05-04'),
  (5065, 1001, 50065, 68204, 'Kim, Isabella', '2026-05-04 13:00:00', '2026-05-04 13:00:00', 'Due', 'Not Due', 'No insurance', 'No balance', 1, 0, 'skipped', '2026-05-04');

INSERT IGNORE INTO grooming_audit_log
  (recommendation_id, AptNum, PatNum, action_type, proc_code, executed_at, executed_by, success, retry_count) VALUES
  (5035, 50035, 65962, 'REMOVE', 'D4341', '2026-05-09 14:59:00', 14, 1, 0),
  (5053, 50053, 28972, 'ADD', 'D4341', '2026-05-12 15:52:00', 13, 1, 0),
  (5045, 50045, 78922, 'REMOVE', 'D3310', '2026-05-11 14:39:00', 14, 1, 0),
  (5025, 50025, 36287, 'ADD', 'D1208', '2026-05-08 12:12:00', 14, 1, 0),
  (5047, 50047, 85715, 'ADD', 'D1208', '2026-05-11 14:06:00', 14, 0, 0),
  (5015, 50015, 81710, 'ADD', 'D2750', '2026-05-10 10:43:00', 14, 1, 0),
  (5033, 50033, 67724, 'REMOVE', 'D4341', '2026-05-08 09:16:00', 13, 1, 0),
  (5056, 50056, 53480, 'REMOVE', 'D2750', '2026-05-07 11:57:00', 14, 1, 0),
  (5052, 50052, 27711, 'ADD', 'D3310', '2026-05-13 16:08:00', 15, 1, 0),
  (5005, 50005, 85050, 'ADD', 'D1208', '2026-05-12 12:56:00', 14, 1, 0),
  (5043, 50043, 86288, 'REMOVE', 'D3310', '2026-05-08 10:09:00', 14, 0, 0),
  (5023, 50023, 47155, 'ADD', 'D2740', '2026-05-13 15:51:00', 13, 0, 0),
  (5020, 50020, 10845, 'REMOVE', 'D8090', '2026-05-10 16:04:00', 14, 1, 0),
  (5010, 50010, 68010, 'ADD', 'D1208', '2026-05-07 15:51:00', 13, 1, 0),
  (5041, 50041, 39815, 'REMOVE', 'D1110', '2026-05-12 16:35:00', 13, 1, 0);

INSERT IGNORE INTO grooming_membership_verifications (PatNum, DiscountPlanNum, verified_at, verified_by, status, notes) VALUES
  (22413, 102, '2026-05-04 13:50:00', 'matthew', 'Expired', NULL),
  (20761, 101, '2026-04-29 14:21:00', 'gary', 'Inactive', NULL),
  (74644, 102, '2026-04-22 17:03:00', 'gary', 'Active', NULL),
  (37253, 102, '2026-04-18 09:44:00', 'matthew', 'Inactive', NULL),
  (86397, 102, '2026-04-27 16:41:00', 'admin', 'Active', NULL),
  (90784, 101, '2026-05-13 12:09:00', 'gary', 'Expired', NULL),
  (88254, 101, '2026-04-18 09:31:00', 'admin', 'Expired', NULL),
  (10618, 103, '2026-04-29 10:25:00', 'matthew', 'Active', NULL),
  (48176, 101, '2026-05-11 14:46:00', 'matthew', 'Inactive', NULL),
  (19057, 101, '2026-04-15 17:26:00', 'admin', 'Inactive', NULL),
  (43049, 102, '2026-05-09 11:55:00', 'admin', 'Active', NULL),
  (66863, 101, '2026-04-23 08:33:00', 'matthew', 'Inactive', NULL),
  (75415, 103, '2026-05-08 16:35:00', 'matthew', 'Active', NULL),
  (64900, 103, '2026-04-25 14:17:00', 'matthew', 'Active', NULL),
  (66263, 101, '2026-04-19 12:12:00', 'matthew', 'Inactive', NULL);

INSERT IGNORE INTO grooming_feedback
  (recommendation_id, AptNum, PatNum, target_date, patient_name, issue_type, priority, user_notes, recommendation_snapshot, status, submitted_by) VALUES
  (5007, 50007, 78894, '2026-05-12', 'Singh, Harper', 'duplicate_recommendation', 'low', 'QA-flagged issue for review', JSON_OBJECT('source','seed'), 'reviewing', 13),
  (5026, 50026, 81314, '2026-05-07', 'Alvarez, Maria', 'duplicate_recommendation', 'high', 'QA-flagged issue for review', JSON_OBJECT('source','seed'), 'new', 15),
  (5029, 50029, 91057, '2026-05-10', 'Brown, James', 'wrong_xray_flag', 'medium', 'QA-flagged issue for review', JSON_OBJECT('source','seed'), 'resolved', 14),
  (5006, 50006, 25721, '2026-05-07', 'Martinez, Charlotte', 'duplicate_recommendation', 'high', 'QA-flagged issue for review', JSON_OBJECT('source','seed'), 'reviewing', 15),
  (5043, 50043, 86288, '2026-05-06', 'Lopez, Mason', 'incorrect_balance', 'medium', 'QA-flagged issue for review', JSON_OBJECT('source','seed'), 'reviewing', 15);

-- ==== ERA / INSURANCE POSTING MODULE ==== --

INSERT IGNORE INTO era_payments
  (era_id, source, payer_name, payer_id_code, payer_tax_id, check_number, check_date, check_amount,
   payment_method, total_claim_count, status, received_datetime) VALUES
  (201, 'dxc_manual', 'DELTA DENTAL OF CA', '94094', '94-3137605', '653156', '2026-03-14', 3160.73, 'ACH', 15, 'pending_review', '2026-03-14 06:00:00'),
  (202, 'dxc_manual', 'DELTA DENTAL OF CA', '94094', '94-3137605', '998266', '2026-04-02', 15392.80, 'ACH', 8, 'posted', '2026-04-02 06:00:00'),
  (203, 'dxc_manual', 'DELTA DENTAL OF CA', '94094', '94-3137605', '181409', '2026-05-18', 12464.94, 'ACH', 16, 'pending_review', '2026-05-18 06:00:00'),
  (204, 'dxc_manual', 'UNITED HEALTHCARE', '52133', '36-2739571', '771189', '2026-05-26', 14613.08, 'ACH', 8, 'error', '2026-05-26 06:00:00'),
  (205, 'dxc_manual', 'CIGNA HEALTHCARE', '62308', '06-1059331', '488373', '2026-04-28', 8490.21, 'ACH', 7, 'pending_review', '2026-04-28 06:00:00'),
  (206, 'dxc_manual', 'UNITED HEALTHCARE', '52133', '36-2739571', '158363', '2026-05-11', 12736.30, 'ACH', 14, 'posted', '2026-05-11 06:00:00'),
  (207, 'dxc_manual', 'GUARDIAN LIFE INS', '64246', '13-5123390', '775501', '2026-04-27', 9374.76, 'ACH', 11, 'posted', '2026-04-27 06:00:00'),
  (208, 'dxc_manual', 'UNITED HEALTHCARE', '52133', '36-2739571', '437386', '2026-05-28', 16486.79, 'ACH', 15, 'posted', '2026-05-28 06:00:00'),
  (209, 'dxc_manual', 'BLUE SHIELD OF CA', '94036', '94-1156930', '558420', '2026-03-07', 9098.02, 'ACH', 16, 'ready_to_post', '2026-03-07 06:00:00'),
  (210, 'dxc_manual', 'METLIFE DENTAL', '65978', '13-5581829', '774110', '2026-04-19', 13895.82, 'ACH', 6, 'partially_posted', '2026-04-19 06:00:00'),
  (211, 'dxc_manual', 'UNITED HEALTHCARE', '52133', '36-2739571', '211636', '2026-04-25', 13766.92, 'ACH', 17, 'error', '2026-04-25 06:00:00'),
  (212, 'dxc_manual', 'DELTA DENTAL OF CA', '94094', '94-3137605', '787448', '2026-04-09', 13871.05, 'ACH', 18, 'partially_posted', '2026-04-09 06:00:00');

INSERT IGNORE INTO era_claims
  (era_claim_id, era_id, claim_identifier, patient_first_name, patient_last_name,
   subscriber_id, claim_status_code, claim_status_description,
   total_charge_amount, paid_amount, patient_responsibility_amount, writeoff_total,
   match_status, claim_review_status, posted_to_od) VALUES
  (5001, 201, '19613230', 'Benjamin', 'Patel', '407613137', '1', 'Processed as Primary', 804.9, 552.83, 134.72, 117.35, 'matched', 'posted', 1),
  (5002, 201, '18139721', 'Noah', 'Fischer', '347758999', '1', 'Processed as Primary', 437.71, 316.22, 99.93, 21.56, 'unmatched', 'edited', 0),
  (5003, 201, '95858368', 'Sebastian', 'Rodriguez', '128473901', '1', 'Processed as Primary', 437.1, 239.78, 99.8, 97.52, 'matched', 'needs_attention', 0),
  (5004, 201, '31415175', 'Charlotte', 'Martinez', '170042482', '1', 'Processed as Primary', 619.07, 479.59, 185.69, -46.21, 'matched', 'edited', 0),
  (5005, 201, '78505334', 'Sebastian', 'Rodriguez', '453583812', '1', 'Processed as Primary', 383.88, 271.37, 92.06, 20.45, 'matched', 'edited', 0),
  (5006, 201, '69500665', 'Benjamin', 'Patel', '686150646', '1', 'Processed as Primary', 523.67, 414.54, 85.37, 23.76, 'matched', 'manually_posted', 1),
  (5007, 201, '42831603', 'Emma', 'Quintero', '856916594', '1', 'Processed as Primary', 239.28, 133.18, 69.06, 37.04, 'unmatched', 'ready', 0),
  (5008, 201, '99342182', 'Maria', 'Alvarez', '737873506', '1', 'Processed as Primary', 466.04, 192.94, 76.23, 196.87, 'matched', 'edited', 0),
  (5009, 201, '30074470', 'Amelia', 'Okafor', '668389272', '1', 'Processed as Primary', 528.38, 353.15, 111.46, 63.77, 'matched', 'ready', 0),
  (5010, 201, '36259150', 'Mason', 'Lopez', '719633734', '1', 'Processed as Primary', 388.55, 163.4, 41.8, 183.35, 'unmatched', 'posted', 1),
  (5011, 201, '78944723', 'Noah', 'Fischer', '216538548', '1', 'Processed as Primary', 374.07, 173.54, 54.65, 145.88, 'matched', 'posted', 1),
  (5012, 201, '36627485', 'Liam', 'Davis', '557231182', '1', 'Processed as Primary', 437.69, 299.8, 97.69, 40.2, 'matched', 'posted', 1),
  (5013, 201, '27560111', 'Mia', 'Iyer', '160735216', '1', 'Processed as Primary', 663.28, 383.69, 92.1, 187.49, 'ambiguous', 'posted', 1),
  (5014, 201, '94664217', 'Sebastian', 'Rodriguez', '833336651', '1', 'Processed as Primary', 555.96, 308.55, 155.36, 92.05, 'matched', 'posted', 1),
  (5015, 201, '52974191', 'Noah', 'Fischer', '276951229', '1', 'Processed as Primary', 476.24, 299.48, 85.29, 91.47, 'matched', 'needs_attention', 0),
  (5016, 202, '14738025', 'James', 'Brown', '728417995', '1', 'Processed as Primary', 701.21, 311.96, 78.56, 310.69, 'ambiguous', 'needs_attention', 0),
  (5017, 202, '50798620', 'Lucas', 'Johnson', '690502155', '1', 'Processed as Primary', 577.41, 381.3, 101.59, 94.52, 'matched', 'edited', 0),
  (5018, 202, '28396070', 'Charlotte', 'Martinez', '469604781', '1', 'Processed as Primary', 664.51, 362.65, 137.8, 164.06, 'matched', 'edited', 0),
  (5019, 202, '99621583', 'Amelia', 'Okafor', '779956293', '1', 'Processed as Primary', 388.27, 159.91, 100.07, 128.29, 'matched', 'posted', 1),
  (5020, 202, '87370743', 'Benjamin', 'Patel', '667978143', '1', 'Processed as Primary', 579.3, 326.64, 152.58, 100.08, 'matched', 'manually_posted', 1),
  (5021, 202, '60209794', 'Benjamin', 'Patel', '664105463', '1', 'Processed as Primary', 435.98, 313.18, 91.85, 30.95, 'matched', 'manually_posted', 1),
  (5022, 202, '19601578', 'Ethan', 'Huang', '852713278', '1', 'Processed as Primary', 371.28, 285.62, 80.33, 5.33, 'ambiguous', 'manually_posted', 1),
  (5023, 202, '58233263', 'Henry', 'Nguyen', '201691556', '1', 'Processed as Primary', 576.99, 389.72, 88.05, 99.22, 'matched', 'posted', 1),
  (5024, 203, '43969557', 'Sofia', 'Esposito', '991128004', '1', 'Processed as Primary', 195.21, 89.82, 24.73, 80.66, 'matched', 'ready', 0),
  (5025, 203, '26395552', 'Ethan', 'Huang', '658118719', '1', 'Processed as Primary', 792.66, 478.58, 170.73, 143.35, 'matched', 'ready', 0),
  (5026, 203, '21655005', 'Mia', 'Iyer', '859446722', '1', 'Processed as Primary', 596.93, 366.31, 64.9, 165.72, 'matched', 'ready', 0),
  (5027, 203, '83692740', 'Henry', 'Nguyen', '175499677', '1', 'Processed as Primary', 433.11, 191.69, 66.99, 174.43, 'matched', 'ready', 0),
  (5028, 203, '15252475', 'Isabella', 'Kim', '903467740', '1', 'Processed as Primary', 653.6, 310.1, 136.34, 207.16, 'unmatched', 'ready', 0),
  (5029, 203, '99020494', 'Mia', 'Iyer', '298656201', '1', 'Processed as Primary', 513.09, 350.23, 130.87, 31.99, 'matched', 'ready', 0),
  (5030, 203, '61761409', 'Benjamin', 'Patel', '430286467', '1', 'Processed as Primary', 401.68, 299.6, 99.34, 2.74, 'ambiguous', 'needs_attention', 0),
  (5031, 203, '16980108', 'Emma', 'Quintero', '136587101', '1', 'Processed as Primary', 581.64, 427.62, 117, 37.02, 'matched', 'ready', 0),
  (5032, 203, '61003448', 'James', 'Brown', '284328484', '1', 'Processed as Primary', 294.31, 158.39, 57.17, 78.75, 'matched', 'needs_attention', 0),
  (5033, 203, '44111186', 'Ava', 'Garcia', '995059264', '1', 'Processed as Primary', 461.71, 321, 47.1, 93.61, 'matched', 'manually_posted', 1),
  (5034, 203, '62195304', 'Charlotte', 'Martinez', '890378654', '1', 'Processed as Primary', 511.28, 243.12, 81.28, 186.88, 'unmatched', 'edited', 0),
  (5035, 203, '57910282', 'Benjamin', 'Patel', '944320130', '1', 'Processed as Primary', 610.56, 337.29, 75.07, 198.2, 'ambiguous', 'needs_attention', 0),
  (5036, 203, '86954679', 'Daniel', 'Tanaka', '103506183', '1', 'Processed as Primary', 412.08, 178.74, 51.94, 181.4, 'unmatched', 'edited', 0),
  (5037, 203, '61987446', 'James', 'Brown', '316192484', '1', 'Processed as Primary', 683.24, 479.62, 84.83, 118.79, 'unmatched', 'ready', 0),
  (5038, 203, '32596688', 'Amelia', 'Okafor', '330859232', '1', 'Processed as Primary', 835.17, 432.45, 221.2, 181.52, 'ambiguous', 'manually_posted', 1),
  (5039, 203, '32264850', 'Sebastian', 'Rodriguez', '244556099', '1', 'Processed as Primary', 339.96, 153.17, 64.74, 122.05, 'matched', 'ready', 0),
  (5040, 204, '86741561', 'Daniel', 'Tanaka', '403385734', '1', 'Processed as Primary', 464.66, 292.51, 76.05, 96.1, 'matched', 'posted', 1),
  (5041, 204, '57392487', 'Olivia', 'Chen', '233475732', '1', 'Processed as Primary', 257.41, 137.8, 42.17, 77.44, 'matched', 'needs_attention', 0),
  (5042, 204, '91019363', 'Daniel', 'Tanaka', '657595634', '1', 'Processed as Primary', 477.04, 311.85, 84.55, 80.64, 'unmatched', 'edited', 0),
  (5043, 204, '93641555', 'Daniel', 'Tanaka', '193189597', '1', 'Processed as Primary', 384.29, 244.57, 46.68, 93.04, 'matched', 'edited', 0),
  (5044, 204, '63503675', 'Maria', 'Alvarez', '645427418', '1', 'Processed as Primary', 473.12, 371.66, 132.2, -30.74, 'ambiguous', 'posted', 1),
  (5045, 204, '47607059', 'Olivia', 'Chen', '144336700', '1', 'Processed as Primary', 687.67, 417.16, 118.66, 151.85, 'ambiguous', 'posted', 1),
  (5046, 204, '36604490', 'James', 'Brown', '584750378', '1', 'Processed as Primary', 548.55, 415.2, 88.47, 44.88, 'matched', 'ready', 0),
  (5047, 204, '67426309', 'Sebastian', 'Rodriguez', '917680645', '1', 'Processed as Primary', 346.51, 248.05, 80.31, 18.15, 'matched', 'manually_posted', 1),
  (5048, 205, '77262055', 'Benjamin', 'Patel', '168587946', '1', 'Processed as Primary', 277.64, 183.24, 39.37, 55.03, 'matched', 'manually_posted', 1),
  (5049, 205, '72075216', 'Mason', 'Lopez', '648187732', '1', 'Processed as Primary', 188.35, 81.22, 50.33, 56.8, 'matched', 'ready', 0),
  (5050, 205, '58524894', 'Amelia', 'Okafor', '393116951', '1', 'Processed as Primary', 152.94, 109.74, 29.85, 13.35, 'matched', 'edited', 0),
  (5051, 205, '51154441', 'Isabella', 'Kim', '227292060', '1', 'Processed as Primary', 595.94, 359.22, 115.16, 121.56, 'ambiguous', 'edited', 0),
  (5052, 205, '67209436', 'Ethan', 'Huang', '998025250', '1', 'Processed as Primary', 367.67, 148.52, 105.14, 114.01, 'matched', 'edited', 0),
  (5053, 205, '48193798', 'Liam', 'Davis', '493842697', '1', 'Processed as Primary', 526.56, 341.43, 133.48, 51.65, 'ambiguous', 'manually_posted', 1),
  (5054, 205, '24832744', 'Noah', 'Fischer', '195138195', '1', 'Processed as Primary', 761.62, 382.1, 195.03, 184.49, 'matched', 'edited', 0),
  (5055, 206, '56423770', 'Amelia', 'Okafor', '242533552', '1', 'Processed as Primary', 600.7, 271.19, 119.72, 209.79, 'unmatched', 'posted', 1),
  (5056, 206, '78592968', 'Daniel', 'Tanaka', '835187912', '1', 'Processed as Primary', 631.13, 395.76, 178.93, 56.44, 'unmatched', 'edited', 0),
  (5057, 206, '38528908', 'Harper', 'Singh', '431775415', '1', 'Processed as Primary', 244.4, 149.33, 25.49, 69.58, 'matched', 'needs_attention', 0),
  (5058, 206, '53643301', 'Mason', 'Lopez', '183541637', '1', 'Processed as Primary', 399.64, 238.84, 108.11, 52.69, 'matched', 'ready', 0),
  (5059, 206, '40831499', 'Noah', 'Fischer', '727579403', '1', 'Processed as Primary', 676.1, 360.6, 125.4, 190.1, 'unmatched', 'posted', 1),
  (5060, 206, '48868244', 'Isabella', 'Kim', '185343492', '1', 'Processed as Primary', 307.2, 233.35, 80.88, -7.03, 'unmatched', 'edited', 0),
  (5061, 206, '81835713', 'Lucas', 'Johnson', '186200082', '1', 'Processed as Primary', 451.05, 208.42, 59.48, 183.15, 'matched', 'ready', 0),
  (5062, 206, '43865764', 'Emma', 'Quintero', '532596755', '1', 'Processed as Primary', 711.73, 287.29, 123.76, 300.68, 'matched', 'manually_posted', 1),
  (5063, 206, '44159262', 'Henry', 'Nguyen', '339448094', '1', 'Processed as Primary', 474.65, 282.85, 84.25, 107.55, 'matched', 'needs_attention', 0),
  (5064, 206, '56259061', 'Maria', 'Alvarez', '811389315', '1', 'Processed as Primary', 743.25, 493.12, 92.31, 157.82, 'unmatched', 'manually_posted', 1),
  (5065, 206, '20751830', 'Amelia', 'Okafor', '400901633', '1', 'Processed as Primary', 291.52, 231, 34.71, 25.81, 'ambiguous', 'ready', 0),
  (5066, 206, '48968892', 'Olivia', 'Chen', '803221559', '1', 'Processed as Primary', 430.37, 199.73, 61.55, 169.09, 'matched', 'needs_attention', 0),
  (5067, 206, '89291465', 'Lucas', 'Johnson', '764346587', '1', 'Processed as Primary', 639.75, 469.98, 121.71, 48.06, 'unmatched', 'posted', 1),
  (5068, 206, '35418125', 'Maria', 'Alvarez', '282977402', '1', 'Processed as Primary', 457.69, 258.53, 52.73, 146.43, 'unmatched', 'manually_posted', 1),
  (5069, 207, '21867187', 'Ethan', 'Huang', '853268817', '1', 'Processed as Primary', 212.05, 115.77, 53.77, 42.51, 'matched', 'manually_posted', 1),
  (5070, 207, '41153114', 'Benjamin', 'Patel', '304991364', '1', 'Processed as Primary', 441.3, 202.77, 49.5, 189.03, 'matched', 'ready', 0),
  (5071, 207, '78949822', 'Daniel', 'Tanaka', '927349901', '1', 'Processed as Primary', 312.37, 190.78, 77.66, 43.93, 'unmatched', 'ready', 0),
  (5072, 207, '24214527', 'Maria', 'Alvarez', '247587826', '1', 'Processed as Primary', 188.03, 87.14, 38.15, 62.74, 'matched', 'posted', 1),
  (5073, 207, '57365354', 'Ava', 'Garcia', '143750369', '1', 'Processed as Primary', 374.84, 281.66, 49.45, 43.73, 'unmatched', 'posted', 1),
  (5074, 207, '73889886', 'Ava', 'Garcia', '177133142', '1', 'Processed as Primary', 273.49, 189.4, 50.33, 33.76, 'unmatched', 'needs_attention', 0),
  (5075, 207, '85618177', 'Liam', 'Davis', '184969913', '1', 'Processed as Primary', 572.57, 413.12, 70.35, 89.1, 'matched', 'needs_attention', 0),
  (5076, 207, '47318872', 'Harper', 'Singh', '236541926', '1', 'Processed as Primary', 231.1, 158.27, 38.16, 34.67, 'unmatched', 'needs_attention', 0),
  (5077, 207, '58496935', 'Isabella', 'Kim', '939093900', '1', 'Processed as Primary', 454.3, 335.78, 98.04, 20.48, 'unmatched', 'manually_posted', 1),
  (5078, 207, '11847937', 'Maria', 'Alvarez', '883444872', '1', 'Processed as Primary', 645.28, 292.33, 102.22, 250.73, 'unmatched', 'posted', 1),
  (5079, 207, '59174815', 'Ava', 'Garcia', '419883787', '1', 'Processed as Primary', 459.09, 345.45, 57.13, 56.51, 'unmatched', 'manually_posted', 1),
  (5080, 208, '93165484', 'Benjamin', 'Patel', '476549208', '1', 'Processed as Primary', 653.57, 511.57, 133.1, 8.9, 'matched', 'needs_attention', 0),
  (5081, 208, '62746831', 'Ava', 'Garcia', '610988390', '1', 'Processed as Primary', 169.34, 123.12, 46.46, -0.24, 'unmatched', 'needs_attention', 0),
  (5082, 208, '83402844', 'Amelia', 'Okafor', '968816531', '1', 'Processed as Primary', 759.62, 418.52, 159.61, 181.49, 'ambiguous', 'edited', 0),
  (5083, 208, '46773386', 'Charlotte', 'Martinez', '730212688', '1', 'Processed as Primary', 556.27, 366.96, 72.58, 116.73, 'unmatched', 'manually_posted', 1),
  (5084, 208, '53708795', 'Benjamin', 'Patel', '641401851', '1', 'Processed as Primary', 416.98, 332.75, 92.13, -7.9, 'matched', 'edited', 0),
  (5085, 208, '27844682', 'James', 'Brown', '875434914', '1', 'Processed as Primary', 461.59, 339, 52.48, 70.11, 'ambiguous', 'posted', 1),
  (5086, 208, '79996471', 'Noah', 'Fischer', '916569137', '1', 'Processed as Primary', 778.34, 527.12, 191.95, 59.27, 'ambiguous', 'manually_posted', 1),
  (5087, 208, '65336589', 'Ava', 'Garcia', '652141952', '1', 'Processed as Primary', 492.1, 354.41, 100.69, 37, 'matched', 'edited', 0),
  (5088, 208, '68642082', 'Mason', 'Lopez', '809583008', '1', 'Processed as Primary', 537.05, 264.36, 79.82, 192.87, 'ambiguous', 'ready', 0),
  (5089, 208, '19981647', 'Noah', 'Fischer', '701357403', '1', 'Processed as Primary', 713.26, 461.69, 176.11, 75.46, 'unmatched', 'posted', 1),
  (5090, 208, '31046237', 'Ethan', 'Huang', '650734088', '1', 'Processed as Primary', 391.45, 251.32, 67.85, 72.28, 'matched', 'posted', 1),
  (5091, 208, '71576609', 'Liam', 'Davis', '717166853', '1', 'Processed as Primary', 680.33, 318.06, 194.38, 167.89, 'matched', 'posted', 1),
  (5092, 208, '16457123', 'Harper', 'Singh', '363028332', '1', 'Processed as Primary', 469.42, 308.74, 72.51, 88.17, 'matched', 'ready', 0),
  (5093, 208, '35524641', 'Isabella', 'Kim', '405671513', '1', 'Processed as Primary', 299.57, 176.96, 40.63, 81.98, 'ambiguous', 'needs_attention', 0),
  (5094, 208, '35005880', 'Noah', 'Fischer', '204089558', '1', 'Processed as Primary', 631.6, 456.79, 113.91, 60.9, 'matched', 'edited', 0),
  (5095, 209, '53467439', 'Harper', 'Singh', '334378612', '1', 'Processed as Primary', 410.31, 203.66, 121.94, 84.71, 'matched', 'posted', 1),
  (5096, 209, '54607346', 'Isabella', 'Kim', '438748192', '1', 'Processed as Primary', 250.33, 121.62, 34.16, 94.55, 'unmatched', 'posted', 1),
  (5097, 209, '45472332', 'James', 'Brown', '616086304', '1', 'Processed as Primary', 740.21, 423.5, 185.85, 130.86, 'unmatched', 'edited', 0),
  (5098, 209, '34147479', 'Benjamin', 'Patel', '631327903', '1', 'Processed as Primary', 300.09, 163.27, 30.37, 106.45, 'matched', 'ready', 0),
  (5099, 209, '72349751', 'Harper', 'Singh', '156387543', '1', 'Processed as Primary', 752.8, 572.21, 98.94, 81.65, 'matched', 'edited', 0),
  (5100, 209, '82209765', 'Daniel', 'Tanaka', '707832122', '1', 'Processed as Primary', 420.92, 331.54, 110.99, -21.61, 'ambiguous', 'edited', 0),
  (5101, 209, '64402043', 'Noah', 'Fischer', '138967776', '1', 'Processed as Primary', 497.06, 355.92, 97.2, 43.94, 'matched', 'needs_attention', 0),
  (5102, 209, '79363169', 'Mason', 'Lopez', '724829817', '1', 'Processed as Primary', 397.79, 284.99, 49.89, 62.91, 'matched', 'manually_posted', 1),
  (5103, 209, '22430129', 'Sebastian', 'Rodriguez', '953264788', '1', 'Processed as Primary', 165.54, 130.22, 17.01, 18.31, 'matched', 'edited', 0),
  (5104, 209, '32916986', 'Ethan', 'Huang', '202848553', '1', 'Processed as Primary', 723.32, 331.56, 94.72, 297.04, 'matched', 'needs_attention', 0),
  (5105, 209, '66767741', 'Isabella', 'Kim', '251641905', '1', 'Processed as Primary', 416.84, 288.37, 119.12, 9.35, 'unmatched', 'manually_posted', 1),
  (5106, 209, '88114584', 'Henry', 'Nguyen', '960484731', '1', 'Processed as Primary', 315.41, 217.46, 63.78, 34.17, 'matched', 'manually_posted', 1),
  (5107, 209, '96569594', 'Isabella', 'Kim', '622734105', '1', 'Processed as Primary', 662.58, 406.92, 171.55, 84.11, 'matched', 'manually_posted', 1),
  (5108, 209, '82523520', 'Mason', 'Lopez', '531489110', '1', 'Processed as Primary', 744.65, 583.09, 202.72, -41.16, 'matched', 'needs_attention', 0),
  (5109, 209, '42118669', 'Maria', 'Alvarez', '163768017', '1', 'Processed as Primary', 501.6, 379.44, 135.06, -12.9, 'matched', 'edited', 0),
  (5110, 209, '33036420', 'Henry', 'Nguyen', '612742877', '1', 'Processed as Primary', 258.5, 133.39, 65.58, 59.53, 'matched', 'edited', 0),
  (5111, 210, '46978757', 'Harper', 'Singh', '815749621', '1', 'Processed as Primary', 636.86, 325.8, 128.71, 182.35, 'ambiguous', 'posted', 1),
  (5112, 210, '82212601', 'Mason', 'Lopez', '612580979', '1', 'Processed as Primary', 834.1, 501.89, 225.36, 106.85, 'unmatched', 'ready', 0),
  (5113, 210, '61276969', 'James', 'Brown', '327253913', '1', 'Processed as Primary', 679.65, 501.12, 116.2, 62.33, 'matched', 'posted', 1),
  (5114, 210, '15961327', 'Noah', 'Fischer', '349487951', '1', 'Processed as Primary', 751.5, 360.32, 218.91, 172.27, 'matched', 'needs_attention', 0),
  (5115, 210, '56088236', 'Ava', 'Garcia', '405573880', '1', 'Processed as Primary', 776.16, 459.64, 158.7, 157.82, 'matched', 'needs_attention', 0),
  (5116, 210, '64513025', 'Mia', 'Iyer', '606323063', '1', 'Processed as Primary', 626.79, 475.26, 89.85, 61.68, 'unmatched', 'ready', 0),
  (5117, 211, '43123902', 'Ethan', 'Huang', '996102160', '1', 'Processed as Primary', 518.93, 231.33, 115.99, 171.61, 'matched', 'ready', 0),
  (5118, 211, '81415166', 'Ava', 'Garcia', '785554600', '1', 'Processed as Primary', 257.1, 179.9, 77.02, 0.18, 'matched', 'needs_attention', 0),
  (5119, 211, '14205510', 'Mason', 'Lopez', '380996611', '1', 'Processed as Primary', 716.75, 556, 85.42, 75.33, 'matched', 'needs_attention', 0),
  (5120, 211, '93623504', 'Mason', 'Lopez', '513568091', '1', 'Processed as Primary', 199.79, 126.94, 43.21, 29.64, 'matched', 'posted', 1),
  (5121, 211, '11431891', 'Mia', 'Iyer', '509070586', '1', 'Processed as Primary', 467.61, 368.39, 128.89, -29.67, 'matched', 'posted', 1),
  (5122, 211, '41264525', 'Sebastian', 'Rodriguez', '746007788', '1', 'Processed as Primary', 587.33, 257.39, 130.63, 199.31, 'ambiguous', 'manually_posted', 1),
  (5123, 211, '25612392', 'Charlotte', 'Martinez', '102672687', '1', 'Processed as Primary', 638.5, 339.96, 124.72, 173.82, 'matched', 'ready', 0),
  (5124, 211, '81990489', 'Amelia', 'Okafor', '755674362', '1', 'Processed as Primary', 390.33, 167.59, 43.57, 179.17, 'matched', 'needs_attention', 0),
  (5125, 211, '97878898', 'Olivia', 'Chen', '185495948', '1', 'Processed as Primary', 717.98, 399.94, 169.41, 148.63, 'matched', 'posted', 1),
  (5126, 211, '42880443', 'Daniel', 'Tanaka', '998139352', '1', 'Processed as Primary', 555.49, 351.77, 116.59, 87.13, 'matched', 'ready', 0),
  (5127, 211, '60329270', 'Emma', 'Quintero', '351365900', '1', 'Processed as Primary', 371.35, 158.59, 96.84, 115.92, 'ambiguous', 'manually_posted', 1),
  (5128, 211, '34610257', 'Sebastian', 'Rodriguez', '221469360', '1', 'Processed as Primary', 462.91, 204.78, 58.47, 199.66, 'unmatched', 'ready', 0),
  (5129, 211, '56957100', 'Sofia', 'Esposito', '359911096', '1', 'Processed as Primary', 293.01, 202.72, 30.71, 59.58, 'matched', 'needs_attention', 0),
  (5130, 211, '82965655', 'Mia', 'Iyer', '845875120', '1', 'Processed as Primary', 847.13, 358.18, 251.73, 237.22, 'matched', 'needs_attention', 0),
  (5131, 211, '82778887', 'Charlotte', 'Martinez', '248548460', '1', 'Processed as Primary', 826.49, 504.17, 201.35, 120.97, 'ambiguous', 'needs_attention', 0),
  (5132, 211, '24686177', 'Mason', 'Lopez', '595518508', '1', 'Processed as Primary', 572.19, 332.16, 88.06, 151.97, 'matched', 'manually_posted', 1),
  (5133, 211, '55378237', 'Charlotte', 'Martinez', '364833271', '1', 'Processed as Primary', 413.78, 229.3, 64.33, 120.15, 'ambiguous', 'ready', 0),
  (5134, 212, '25582132', 'Benjamin', 'Patel', '462214973', '1', 'Processed as Primary', 518.94, 414.61, 142.35, -38.02, 'ambiguous', 'edited', 0),
  (5135, 212, '99178817', 'Sofia', 'Esposito', '898005676', '1', 'Processed as Primary', 187.15, 118.64, 27.89, 40.62, 'ambiguous', 'posted', 1),
  (5136, 212, '73353409', 'Amelia', 'Okafor', '219102418', '1', 'Processed as Primary', 612.6, 398.38, 70.77, 143.45, 'matched', 'ready', 0),
  (5137, 212, '35914047', 'James', 'Brown', '930030715', '1', 'Processed as Primary', 611.74, 305.01, 144.38, 162.35, 'matched', 'posted', 1),
  (5138, 212, '40462459', 'Mason', 'Lopez', '562026488', '1', 'Processed as Primary', 829.38, 546.25, 169.6, 113.53, 'ambiguous', 'needs_attention', 0),
  (5139, 212, '69547228', 'Amelia', 'Okafor', '528383970', '1', 'Processed as Primary', 371.21, 171.7, 46.25, 153.26, 'ambiguous', 'posted', 1),
  (5140, 212, '20904982', 'Olivia', 'Chen', '327634385', '1', 'Processed as Primary', 431.64, 266.88, 126.03, 38.73, 'matched', 'needs_attention', 0),
  (5141, 212, '15547806', 'Sebastian', 'Rodriguez', '843958226', '1', 'Processed as Primary', 783.75, 450.9, 186.98, 145.87, 'matched', 'needs_attention', 0),
  (5142, 212, '14324187', 'Amelia', 'Okafor', '589813181', '1', 'Processed as Primary', 347.05, 182.81, 82.3, 81.94, 'matched', 'ready', 0),
  (5143, 212, '84538323', 'Mia', 'Iyer', '208720231', '1', 'Processed as Primary', 705.61, 458.73, 192.45, 54.43, 'matched', 'ready', 0),
  (5144, 212, '12488360', 'Harper', 'Singh', '919373679', '1', 'Processed as Primary', 427.76, 207.73, 87.76, 132.27, 'ambiguous', 'edited', 0),
  (5145, 212, '59125065', 'Daniel', 'Tanaka', '458216524', '1', 'Processed as Primary', 717.84, 493.81, 142.09, 81.94, 'unmatched', 'posted', 1),
  (5146, 212, '17298172', 'Sofia', 'Esposito', '786953130', '1', 'Processed as Primary', 636.6, 382.88, 95.43, 158.29, 'ambiguous', 'needs_attention', 0),
  (5147, 212, '37724967', 'Liam', 'Davis', '936611998', '1', 'Processed as Primary', 209.93, 110.32, 47.45, 52.16, 'ambiguous', 'ready', 0),
  (5148, 212, '14583047', 'Emma', 'Quintero', '565040031', '1', 'Processed as Primary', 847.58, 408.44, 126.95, 312.19, 'matched', 'manually_posted', 1),
  (5149, 212, '80578585', 'Lucas', 'Johnson', '604876387', '1', 'Processed as Primary', 834.76, 509.97, 155.87, 168.92, 'matched', 'needs_attention', 0),
  (5150, 212, '43502120', 'Maria', 'Alvarez', '620832634', '1', 'Processed as Primary', 359.94, 182.75, 106.17, 71.02, 'matched', 'edited', 0),
  (5151, 212, '62795486', 'Sebastian', 'Rodriguez', '549819755', '1', 'Processed as Primary', 614.01, 313.33, 106.84, 193.84, 'unmatched', 'needs_attention', 0);

INSERT IGNORE INTO practice_rule_settings (setting_key, setting_value, setting_type, category, description) VALUES
  ('era_auto_post_threshold',     '500.00', 'number', 'thresholds', 'Auto-post ERAs below this amount'),
  ('era_unmatched_alert_count',   '3',      'number', 'thresholds', 'Alert if ERA has >N unmatched claims')
ON DUPLICATE KEY UPDATE setting_value=VALUES(setting_value);

INSERT IGNORE INTO custom_code_descriptions
  (code_type, code, description, is_active, created_by) VALUES
  ('CARC', '45',  'Charge exceeds fee schedule/maximum allowable',                     1, 13),
  ('CARC', '96',  'Non-covered charge(s)',                                              1, 13),
  ('CARC', '234', 'This procedure is not paid separately',                              1, 13),
  ('CARC', 'PR',  'Patient Responsibility',                                             1, 13),
  ('CARC', 'CO',  'Contractual Obligation',                                             1, 13),
  ('CARC', 'OA',  'Other Adjustment',                                                   1, 13),
  ('CARC', 'PI',  'Payer Initiated Reductions',                                         1, 13),
  ('RARC', 'N522','Duplicate of a claim processed, or to be processed, as a crossover', 1, 13),
  ('RARC', 'N130','Consult plan benefits documents/guidelines for information',         1, 13),
  ('RARC', 'N56', 'Procedure code billed is not correct/valid for service rendered',    1, 13);

INSERT IGNORE INTO carrier_rules
  (payer_id, rule_type, condition_json, action_json, description, is_active, created_by) VALUES
  ('94094',  'CAS_REMAP',         JSON_OBJECT('from','PI-45'), JSON_OBJECT('to','CO-45'),                'Delta: remap PI-45 to CO-45',                  1, 13),
  ('62308',  'WRITEOFF_OVERRIDE', JSON_OBJECT('proc_code','D2740'), JSON_OBJECT('strategy','no_writeoff'), 'Cigna: never write off crown procedures',    1, 13),
  ('60054',  'AUTO_APPROVE',      JSON_OBJECT('max_amount',300), JSON_OBJECT('action','auto_post'),       'Aetna: auto-post claims under $300',         1, 13);

-- ==== REFUNDS MODULE ==== --

INSERT IGNORE INTO insurance_address_book
  (insurance_name, address_line1, city, state, zip, country, is_active, created_by_user_id) VALUES
  ('Delta Dental of CA', '100 First St', 'San Francisco', 'CA', '94105', 'USA', 1, 13),
  ('Blue Shield of CA', '601 12th St', 'Oakland', 'CA', '94607', 'USA', 1, 13),
  ('Cigna Healthcare', '900 Cottage Grove', 'Bloomfield', 'CT', '06002', 'USA', 1, 13),
  ('Aetna Inc', '151 Farmington Ave', 'Hartford', 'CT', '06156', 'USA', 1, 13),
  ('MetLife Dental', '200 Park Ave', 'New York', 'NY', '10166', 'USA', 1, 13),
  ('Guardian Life', '7 Hanover Sq', 'New York', 'NY', '10004', 'USA', 1, 13),
  ('UnitedHealthcare', '9900 Bren Rd E', 'Minnetonka', 'MN', '55343', 'USA', 1, 13),
  ('Premera Blue Cross', '7001 220th St SW', 'Mountlake Terrace', 'WA', '98043', 'USA', 1, 13),
  ('Principal Financial', '711 High St', 'Des Moines', 'IA', '50392', 'USA', 1, 13),
  ('Ameritas Life Ins', '5900 O St', 'Lincoln', 'NE', '68510', 'USA', 1, 13),
  ('Delta Dental of CA', '100 First St', 'SAN FRANCISCO', 'CA', '94105', 'USA', 1, 13),
  ('Blue Shield of Cal.', '601 12th Street', 'Oakland', 'CA', '94607', 'USA', 1, 13);

INSERT IGNORE INTO refund_requests
  (record_type, patnum, patient_name, patient_address_line1, patient_city, patient_state, patient_zip,
   refund_amount, refund_type, request_notes, status, address_verified, created_by_user_id) VALUES
  ('patient', 90922, 'Amelia Okafor', '101 Pine Ln', 'Carmel', 'CA', '93901', 622.77, 'check', 'Patient cancelled service', 'check_created', 1, 13),
  ('insurance', NULL, NULL, '456 Oak Ave', 'Soledad', 'CA', '93901', 563.07, 'check', 'Duplicate payment from insurance', 'pending', 0, 13),
  ('patient', 88133, 'Isabella Kim', '789 Elm Dr', 'Soledad', 'CA', '93901', 730.25, 'check', 'Duplicate payment from insurance', 'pending', 0, 13),
  ('insurance', NULL, NULL, '789 Elm Dr', 'Monterey', 'CA', '93901', 789.84, 'check', 'Duplicate payment from insurance', 'processing', 1, 13),
  ('patient', 91085, 'Daniel Tanaka', '202 Maple Ct', 'Salinas', 'CA', '93901', 311.77, 'check', 'Duplicate payment from insurance', 'rejected', 1, 13),
  ('patient', 44743, 'Sofia Esposito', '789 Elm Dr', 'Monterey', 'CA', '93901', 430.82, 'credit_card', 'Patient cancelled service', 'completed', 1, 13),
  ('insurance', NULL, NULL, '789 Elm Dr', 'Carmel', 'CA', '93901', 235.65, 'check', 'Overpayment on insurance claim', 'check_created', 1, 13),
  ('patient', 23881, 'Emma Quintero', '202 Maple Ct', 'Salinas', 'CA', '93901', 810.59, 'check', 'Overpayment on insurance claim', 'pending', 0, 13),
  ('patient', 15693, 'Ava Garcia', '789 Elm Dr', 'Carmel', 'CA', '93901', 495.07, 'check', 'Refund per office policy', 'pending', 0, 13),
  ('patient', 43001, 'Maria Alvarez', '202 Maple Ct', 'Monterey', 'CA', '93901', 310.82, 'credit_card', 'Overpayment on insurance claim', 'pending', 0, 13),
  ('patient', 42454, 'Sofia Esposito', '789 Elm Dr', 'Soledad', 'CA', '93901', 826.49, 'check', 'Patient cancelled service', 'pending', 0, 13),
  ('patient', 55238, 'Sofia Esposito', '789 Elm Dr', 'Greenfield', 'CA', '93901', 48.16, 'check', 'Refund per office policy', 'completed', 1, 13),
  ('insurance', NULL, NULL, '789 Elm Dr', 'Greenfield', 'CA', '93901', 730.06, 'check', 'Patient cancelled service', 'pending', 0, 13),
  ('insurance', NULL, NULL, '202 Maple Ct', 'Monterey', 'CA', '93901', 152.47, 'credit_card', 'Patient cancelled service', 'check_created', 1, 13),
  ('insurance', NULL, NULL, '123 Main St', 'Monterey', 'CA', '93901', 56.30, 'check', 'Treatment not completed', 'check_created', 1, 13),
  ('patient', 65749, 'Emma Quintero', '202 Maple Ct', 'Soledad', 'CA', '93901', 219.18, 'check', 'Treatment not completed', 'approved', 1, 13),
  ('patient', 65013, 'Amelia Okafor', '123 Main St', 'Greenfield', 'CA', '93901', 255.13, 'check', 'Treatment not completed', 'completed', 1, 13),
  ('patient', 90084, 'James Brown', '123 Main St', 'Monterey', 'CA', '93901', 449.78, 'check', 'Treatment not completed', 'pending', 0, 13),
  ('insurance', NULL, NULL, '101 Pine Ln', 'Salinas', 'CA', '93901', 632.41, 'check', 'Patient cancelled service', 'completed', 1, 13),
  ('patient', 82570, 'Henry Nguyen', '789 Elm Dr', 'Salinas', 'CA', '93901', 513.98, 'check', 'Duplicate payment from insurance', 'check_created', 1, 13),
  ('patient', 57300, 'Ethan Huang', '456 Oak Ave', 'Carmel', 'CA', '93901', 590.39, 'check', 'Treatment not completed', 'completed', 1, 13),
  ('insurance', NULL, NULL, '123 Main St', 'Greenfield', 'CA', '93901', 214.05, 'credit_card', 'Duplicate payment from insurance', 'approved', 1, 13),
  ('patient', 28198, 'Henry Nguyen', '202 Maple Ct', 'Salinas', 'CA', '93901', 633.23, 'check', 'Refund per office policy', 'pending', 0, 13),
  ('patient', 46053, 'Ethan Huang', '123 Main St', 'Carmel', 'CA', '93901', 172.90, 'check', 'Overpayment on insurance claim', 'pending', 0, 13),
  ('patient', 40432, 'Benjamin Patel', '123 Main St', 'Carmel', 'CA', '93901', 762.12, 'check', 'Duplicate payment from insurance', 'approved', 1, 13),
  ('insurance', NULL, NULL, '123 Main St', 'Monterey', 'CA', '93901', 107.67, 'credit_card', 'Refund per office policy', 'check_pending', 1, 13),
  ('patient', 29956, 'Mason Lopez', '456 Oak Ave', 'Carmel', 'CA', '93901', 773.36, 'check', 'Refund per office policy', 'check_created', 1, 13),
  ('patient', 19579, 'Harper Singh', '456 Oak Ave', 'Salinas', 'CA', '93901', 548.98, 'check', 'Overpayment on insurance claim', 'check_pending', 1, 13),
  ('insurance', NULL, NULL, '456 Oak Ave', 'Salinas', 'CA', '93901', 610.16, 'check', 'Treatment not completed', 'pending', 0, 13),
  ('patient', 99657, 'Liam Davis', '123 Main St', 'Salinas', 'CA', '93901', 21.05, 'check', 'Overpayment on insurance claim', 'approved', 1, 13),
  ('patient', 28739, 'Ava Garcia', '202 Maple Ct', 'Carmel', 'CA', '93901', 22.05, 'credit_card', 'Patient cancelled service', 'approved', 1, 13),
  ('patient', 82030, 'Harper Singh', '202 Maple Ct', 'Salinas', 'CA', '93901', 839.69, 'credit_card', 'Patient cancelled service', 'processing', 1, 13),
  ('insurance', NULL, NULL, '202 Maple Ct', 'Carmel', 'CA', '93901', 523.37, 'check', 'Patient cancelled service', 'approved', 1, 13),
  ('patient', 48597, 'Benjamin Patel', '123 Main St', 'Greenfield', 'CA', '93901', 36.80, 'check', 'Treatment not completed', 'completed', 1, 13),
  ('insurance', NULL, NULL, '202 Maple Ct', 'Salinas', 'CA', '93901', 809.54, 'credit_card', 'Duplicate payment from insurance', 'processing', 1, 13);

INSERT IGNORE INTO refund_notification_settings
  (notification_type, recipient_emails, is_enabled) VALUES
  ('new_request',         'admin@example.local,matthew@svdc.dental', 1),
  ('failed_processing',   'admin@example.local',                      1),
  ('check_delivered',     'matthew@svdc.dental',                      1);

INSERT IGNORE INTO check_settings (setting_key, setting_value, description, updated_by_user_id) VALUES
  ('default_payee_country', 'USA',                'Default country on issued checks',           13),
  ('check_provider',        'checkeeper',         'Active check-print provider',                13),
  ('signer_name',           'SVDC Operations',    'Default signer on printed checks',           13),
  ('reissue_threshold_days','60',                 'Days before voided check needs reissue',     13),
  ('void_review_threshold', '500.00',             'Voids over this $ amount require review',   13)
ON DUPLICATE KEY UPDATE setting_value=VALUES(setting_value);

INSERT IGNORE INTO api_logs
  (service, endpoint, http_method, request_payload, response_status, response_payload,
   response_time_ms, is_error, error_message, user_id, ip_address, created_at) VALUES
  ('checkeeper', '/api/v3/checks', 'POST', JSON_OBJECT('amount',119.64), 200, JSON_OBJECT('check_id','chk_0000'), 1454, 0, NULL, 13, '127.0.0.1', '2026-04-15 00:00:00'),
  ('checkeeper', '/api/v3/checks', 'POST', JSON_OBJECT('amount',143.77), 200, JSON_OBJECT('check_id','chk_0001'), 684, 0, NULL, 14, '127.0.0.1', '2026-04-23 00:00:00'),
  ('checkeeper', '/api/v3/checks', 'POST', JSON_OBJECT('amount',430.54), 201, JSON_OBJECT('check_id','chk_0002'), 1066, 0, NULL, 13, '127.0.0.1', '2026-04-13 00:00:00'),
  ('checkeeper', '/api/v3/checks', 'POST', JSON_OBJECT('amount',117.00), 200, JSON_OBJECT('check_id','chk_0003'), 893, 0, NULL, 13, '127.0.0.1', '2026-05-10 00:00:00'),
  ('checkeeper', '/api/v3/checks', 'POST', JSON_OBJECT('amount',420.13), 201, JSON_OBJECT('check_id','chk_0004'), 1306, 0, NULL, 15, '127.0.0.1', '2026-05-02 00:00:00'),
  ('checkeeper', '/api/v3/checks', 'POST', JSON_OBJECT('amount',237.32), 200, JSON_OBJECT('check_id','chk_0005'), 1061, 0, NULL, 15, '127.0.0.1', '2026-04-23 00:00:00'),
  ('checkeeper', '/api/v3/checks', 'POST', JSON_OBJECT('amount',81.37), 201, JSON_OBJECT('check_id','chk_0006'), 1007, 0, NULL, 14, '127.0.0.1', '2026-04-24 00:00:00'),
  ('checkeeper', '/api/v3/checks', 'POST', JSON_OBJECT('amount',414.68), 200, JSON_OBJECT('check_id','chk_0007'), 930, 0, NULL, 14, '127.0.0.1', '2026-04-25 00:00:00'),
  ('checkeeper', '/api/v3/checks', 'POST', JSON_OBJECT('amount',146.36), 201, JSON_OBJECT('check_id','chk_0008'), 544, 0, NULL, 14, '127.0.0.1', '2026-04-20 00:00:00'),
  ('checkeeper', '/api/v3/checks', 'POST', JSON_OBJECT('amount',354.42), 201, JSON_OBJECT('check_id','chk_0009'), 1162, 0, NULL, 14, '127.0.0.1', '2026-05-10 00:00:00'),
  ('checkeeper', '/api/v3/checks', 'POST', JSON_OBJECT('amount',76.04), 201, JSON_OBJECT('check_id','chk_0010'), 54, 0, NULL, 14, '127.0.0.1', '2026-04-15 00:00:00'),
  ('checkeeper', '/api/v3/checks', 'POST', JSON_OBJECT('amount',365.91), 200, JSON_OBJECT('check_id','chk_0011'), 549, 0, NULL, 15, '127.0.0.1', '2026-05-05 00:00:00'),
  ('checkeeper', '/api/v3/checks', 'POST', JSON_OBJECT('amount',480.09), 500, JSON_OBJECT('check_id','chk_0012'), 750, 1, 'Bad request: missing field', 15, '127.0.0.1', '2026-04-19 00:00:00'),
  ('checkeeper', '/api/v3/checks', 'POST', JSON_OBJECT('amount',330.44), 201, JSON_OBJECT('check_id','chk_0013'), 525, 0, NULL, 13, '127.0.0.1', '2026-04-30 00:00:00'),
  ('checkeeper', '/api/v3/checks', 'POST', JSON_OBJECT('amount',160.67), 201, JSON_OBJECT('check_id','chk_0014'), 581, 0, NULL, 13, '127.0.0.1', '2026-04-27 00:00:00'),
  ('checkeeper', '/api/v3/checks', 'POST', JSON_OBJECT('amount',232.06), 201, JSON_OBJECT('check_id','chk_0015'), 649, 0, NULL, 15, '127.0.0.1', '2026-04-23 00:00:00'),
  ('checkeeper', '/api/v3/checks', 'POST', JSON_OBJECT('amount',108.95), 201, JSON_OBJECT('check_id','chk_0016'), 159, 0, NULL, 13, '127.0.0.1', '2026-05-04 00:00:00'),
  ('checkeeper', '/api/v3/checks', 'POST', JSON_OBJECT('amount',367.71), 200, JSON_OBJECT('check_id','chk_0017'), 1256, 0, NULL, 15, '127.0.0.1', '2026-04-20 00:00:00'),
  ('checkeeper', '/api/v3/checks', 'POST', JSON_OBJECT('amount',251.23), 200, JSON_OBJECT('check_id','chk_0018'), 717, 0, NULL, 13, '127.0.0.1', '2026-05-04 00:00:00'),
  ('checkeeper', '/api/v3/checks', 'POST', JSON_OBJECT('amount',121.23), 201, JSON_OBJECT('check_id','chk_0019'), 1236, 0, NULL, 15, '127.0.0.1', '2026-04-29 00:00:00'),
  ('checkeeper', '/api/v3/checks', 'POST', JSON_OBJECT('amount',391.25), 201, JSON_OBJECT('check_id','chk_0020'), 991, 0, NULL, 15, '127.0.0.1', '2026-04-16 00:00:00'),
  ('checkeeper', '/api/v3/checks', 'POST', JSON_OBJECT('amount',220.95), 200, JSON_OBJECT('check_id','chk_0021'), 1096, 0, NULL, 14, '127.0.0.1', '2026-04-15 00:00:00'),
  ('checkeeper', '/api/v3/checks', 'POST', JSON_OBJECT('amount',314.16), 201, JSON_OBJECT('check_id','chk_0022'), 1333, 0, NULL, 13, '127.0.0.1', '2026-05-13 00:00:00'),
  ('checkeeper', '/api/v3/checks', 'POST', JSON_OBJECT('amount',414.86), 400, JSON_OBJECT('check_id','chk_0023'), 372, 1, 'Bad request: missing field', 15, '127.0.0.1', '2026-04-15 00:00:00'),
  ('checkeeper', '/api/v3/checks', 'POST', JSON_OBJECT('amount',304.64), 201, JSON_OBJECT('check_id','chk_0024'), 1259, 0, NULL, 13, '127.0.0.1', '2026-05-13 00:00:00'),
  ('checkeeper', '/api/v3/checks', 'POST', JSON_OBJECT('amount',63.80), 201, JSON_OBJECT('check_id','chk_0025'), 469, 0, NULL, 13, '127.0.0.1', '2026-04-28 00:00:00'),
  ('checkeeper', '/api/v3/checks', 'POST', JSON_OBJECT('amount',427.33), 500, JSON_OBJECT('check_id','chk_0026'), 508, 1, 'Invalid API key', 13, '127.0.0.1', '2026-05-07 00:00:00'),
  ('checkeeper', '/api/v3/checks', 'POST', JSON_OBJECT('amount',450.04), 200, JSON_OBJECT('check_id','chk_0027'), 427, 0, NULL, 14, '127.0.0.1', '2026-05-12 00:00:00'),
  ('checkeeper', '/api/v3/checks', 'POST', JSON_OBJECT('amount',361.82), 400, JSON_OBJECT('check_id','chk_0028'), 90, 1, 'Invalid API key', 14, '127.0.0.1', '2026-05-09 00:00:00'),
  ('checkeeper', '/api/v3/checks', 'POST', JSON_OBJECT('amount',214.76), 201, JSON_OBJECT('check_id','chk_0029'), 1112, 0, NULL, 15, '127.0.0.1', '2026-04-22 00:00:00');

-- ==== AUDIT LOGS + USER ACTIVITY + LOGIN ATTEMPTS ==== --

INSERT IGNORE INTO audit_logs
  (user_id, action_type, resource_type, resource_id, details, ip_address, user_agent, timestamp) VALUES
  (13, 'login_success', 'session', '52', JSON_OBJECT('source','seed','seq',0), '73.254.0.12', 'Mozilla/5.0', '2026-04-29 06:32:18'),
  (14, 'payroll_calculated', 'payroll', '131', JSON_OBJECT('source','seed','seq',1), '192.168.1.50', 'Mozilla/5.0', '2026-04-06 20:41:13'),
  (13, 'login_failure', 'session', '117', JSON_OBJECT('source','seed','seq',2), '10.0.0.45', 'Mozilla/5.0', '2026-04-26 22:06:27'),
  (14, 'refund_approved', 'refund', '253', JSON_OBJECT('source','seed','seq',3), '73.254.0.12', 'Mozilla/5.0', '2026-02-13 08:57:50'),
  (13, 'login_failure', 'session', '271', JSON_OBJECT('source','seed','seq',4), '192.168.1.50', 'Mozilla/5.0', '2026-03-11 13:11:40'),
  (15, 'grooming_run_started', 'grooming', '6', JSON_OBJECT('source','seed','seq',5), '192.168.1.50', 'Mozilla/5.0', '2026-04-24 05:42:03'),
  (14, 'refund_approved', 'refund', '470', JSON_OBJECT('source','seed','seq',6), '73.254.0.12', 'Mozilla/5.0', '2026-04-01 17:08:44'),
  (13, 'era_posted', 'era', '294', JSON_OBJECT('source','seed','seq',7), '73.254.0.12', 'Mozilla/5.0', '2026-04-12 05:07:53'),
  (15, 'payroll_calculated', 'payroll', '500', JSON_OBJECT('source','seed','seq',8), '192.168.1.50', 'Mozilla/5.0', '2026-02-18 19:08:37'),
  (14, 'logout', 'session', '131', JSON_OBJECT('source','seed','seq',9), '73.254.0.12', 'Mozilla/5.0', '2026-03-19 04:53:00'),
  (15, 'role_assigned', 'user', '441', JSON_OBJECT('source','seed','seq',10), '10.0.0.45', 'Mozilla/5.0', '2026-03-01 20:43:47'),
  (13, 'refund_approved', 'refund', '404', JSON_OBJECT('source','seed','seq',11), '73.254.0.12', 'Mozilla/5.0', '2026-03-19 04:08:52'),
  (14, 'password_changed', 'user', '475', JSON_OBJECT('source','seed','seq',12), '73.254.0.12', 'Mozilla/5.0', '2026-05-09 20:04:55'),
  (15, 'login_success', 'session', '185', JSON_OBJECT('source','seed','seq',13), '192.168.1.50', 'Mozilla/5.0', '2026-04-02 00:29:41'),
  (14, 'grooming_run_started', 'grooming', '431', JSON_OBJECT('source','seed','seq',14), '10.0.0.45', 'Mozilla/5.0', '2026-05-07 10:02:58'),
  (14, 'payroll_calculated', 'payroll', '223', JSON_OBJECT('source','seed','seq',15), '73.254.0.12', 'Mozilla/5.0', '2026-05-07 05:25:39'),
  (15, 'role_revoked', 'user', '368', JSON_OBJECT('source','seed','seq',16), '73.254.0.12', 'Mozilla/5.0', '2026-03-26 04:05:22'),
  (15, 'login_success', 'session', '477', JSON_OBJECT('source','seed','seq',17), '73.254.0.12', 'Mozilla/5.0', '2026-02-14 07:19:56'),
  (13, 'payroll_calculated', 'payroll', '96', JSON_OBJECT('source','seed','seq',18), '192.168.1.50', 'Mozilla/5.0', '2026-04-09 09:02:23'),
  (15, 'logout', 'session', '333', JSON_OBJECT('source','seed','seq',19), '73.254.0.12', 'Mozilla/5.0', '2026-05-13 17:49:59'),
  (13, 'password_changed', 'user', '49', JSON_OBJECT('source','seed','seq',20), '73.254.0.12', 'Mozilla/5.0', '2026-03-18 18:02:01'),
  (14, 'logout', 'session', '254', JSON_OBJECT('source','seed','seq',21), '192.168.1.50', 'Mozilla/5.0', '2026-04-17 12:20:20'),
  (14, 'permission_granted', 'role', '473', JSON_OBJECT('source','seed','seq',22), '73.254.0.12', 'Mozilla/5.0', '2026-04-16 09:42:11'),
  (13, 'grooming_run_started', 'grooming', '269', JSON_OBJECT('source','seed','seq',23), '10.0.0.45', 'Mozilla/5.0', '2026-03-20 08:07:10'),
  (13, 'user_created', 'user', '98', JSON_OBJECT('source','seed','seq',24), '192.168.1.50', 'Mozilla/5.0', '2026-05-12 06:20:00'),
  (15, 'refund_approved', 'refund', '423', JSON_OBJECT('source','seed','seq',25), '73.254.0.12', 'Mozilla/5.0', '2026-04-06 07:01:09'),
  (13, 'permission_granted', 'role', '220', JSON_OBJECT('source','seed','seq',26), '73.254.0.12', 'Mozilla/5.0', '2026-03-01 02:31:05'),
  (15, 'role_revoked', 'user', '381', JSON_OBJECT('source','seed','seq',27), '192.168.1.50', 'Mozilla/5.0', '2026-04-22 09:48:35'),
  (15, 'password_changed', 'user', '353', JSON_OBJECT('source','seed','seq',28), '24.36.79.5', 'Mozilla/5.0', '2026-03-31 17:25:43'),
  (13, 'refund_approved', 'refund', '17', JSON_OBJECT('source','seed','seq',29), '24.36.79.5', 'Mozilla/5.0', '2026-05-13 11:25:07'),
  (13, 'password_changed', 'user', '477', JSON_OBJECT('source','seed','seq',30), '24.36.79.5', 'Mozilla/5.0', '2026-04-27 22:16:51'),
  (13, 'user_deactivated', 'user', '373', JSON_OBJECT('source','seed','seq',31), '24.36.79.5', 'Mozilla/5.0', '2026-03-05 18:12:15'),
  (15, 'logout', 'session', '92', JSON_OBJECT('source','seed','seq',32), '10.0.0.45', 'Mozilla/5.0', '2026-04-03 14:01:08'),
  (15, 'user_deactivated', 'user', '170', JSON_OBJECT('source','seed','seq',33), '73.254.0.12', 'Mozilla/5.0', '2026-05-05 19:36:58'),
  (14, 'login_failure', 'session', '18', JSON_OBJECT('source','seed','seq',34), '192.168.1.50', 'Mozilla/5.0', '2026-03-21 05:29:26'),
  (14, 'login_failure', 'session', '101', JSON_OBJECT('source','seed','seq',35), '10.0.0.45', 'Mozilla/5.0', '2026-03-01 11:52:24'),
  (13, 'logout', 'session', '317', JSON_OBJECT('source','seed','seq',36), '192.168.1.50', 'Mozilla/5.0', '2026-04-03 02:27:41'),
  (15, 'user_created', 'user', '277', JSON_OBJECT('source','seed','seq',37), '192.168.1.50', 'Mozilla/5.0', '2026-04-21 13:55:12'),
  (14, 'role_assigned', 'user', '418', JSON_OBJECT('source','seed','seq',38), '73.254.0.12', 'Mozilla/5.0', '2026-03-18 00:54:44'),
  (15, 'login_failure', 'session', '19', JSON_OBJECT('source','seed','seq',39), '24.36.79.5', 'Mozilla/5.0', '2026-04-23 11:33:14'),
  (13, 'grooming_run_started', 'grooming', '162', JSON_OBJECT('source','seed','seq',40), '24.36.79.5', 'Mozilla/5.0', '2026-05-03 17:43:53'),
  (14, 'role_assigned', 'user', '159', JSON_OBJECT('source','seed','seq',41), '24.36.79.5', 'Mozilla/5.0', '2026-05-04 13:02:20'),
  (15, 'password_changed', 'user', '219', JSON_OBJECT('source','seed','seq',42), '10.0.0.45', 'Mozilla/5.0', '2026-03-19 04:15:23'),
  (13, 'payroll_calculated', 'payroll', '470', JSON_OBJECT('source','seed','seq',43), '73.254.0.12', 'Mozilla/5.0', '2026-03-12 07:51:48'),
  (13, 'login_failure', 'session', '264', JSON_OBJECT('source','seed','seq',44), '192.168.1.50', 'Mozilla/5.0', '2026-03-19 02:23:46'),
  (13, 'permission_granted', 'role', '114', JSON_OBJECT('source','seed','seq',45), '73.254.0.12', 'Mozilla/5.0', '2026-02-28 02:19:57'),
  (13, 'password_changed', 'user', '432', JSON_OBJECT('source','seed','seq',46), '10.0.0.45', 'Mozilla/5.0', '2026-03-21 18:04:44'),
  (14, 'role_revoked', 'user', '219', JSON_OBJECT('source','seed','seq',47), '24.36.79.5', 'Mozilla/5.0', '2026-03-25 21:38:17'),
  (15, 'permission_granted', 'role', '323', JSON_OBJECT('source','seed','seq',48), '73.254.0.12', 'Mozilla/5.0', '2026-02-17 05:31:40'),
  (14, 'settings_updated', 'system', '29', JSON_OBJECT('source','seed','seq',49), '73.254.0.12', 'Mozilla/5.0', '2026-04-09 08:54:18'),
  (15, 'era_posted', 'era', '216', JSON_OBJECT('source','seed','seq',50), '192.168.1.50', 'Mozilla/5.0', '2026-03-06 23:43:53'),
  (13, 'login_success', 'session', '68', JSON_OBJECT('source','seed','seq',51), '192.168.1.50', 'Mozilla/5.0', '2026-03-17 00:27:31'),
  (15, 'payroll_calculated', 'payroll', '263', JSON_OBJECT('source','seed','seq',52), '24.36.79.5', 'Mozilla/5.0', '2026-04-20 05:47:25'),
  (15, 'user_deactivated', 'user', '206', JSON_OBJECT('source','seed','seq',53), '73.254.0.12', 'Mozilla/5.0', '2026-04-30 20:49:40'),
  (14, 'role_assigned', 'user', '55', JSON_OBJECT('source','seed','seq',54), '10.0.0.45', 'Mozilla/5.0', '2026-04-25 14:35:05'),
  (14, 'settings_updated', 'system', '205', JSON_OBJECT('source','seed','seq',55), '192.168.1.50', 'Mozilla/5.0', '2026-03-20 22:00:50'),
  (13, 'user_created', 'user', '273', JSON_OBJECT('source','seed','seq',56), '24.36.79.5', 'Mozilla/5.0', '2026-02-27 12:56:22'),
  (14, 'settings_updated', 'system', '377', JSON_OBJECT('source','seed','seq',57), '73.254.0.12', 'Mozilla/5.0', '2026-03-02 14:03:13'),
  (15, 'grooming_run_started', 'grooming', '223', JSON_OBJECT('source','seed','seq',58), '10.0.0.45', 'Mozilla/5.0', '2026-03-22 02:31:30'),
  (13, 'user_deactivated', 'user', '394', JSON_OBJECT('source','seed','seq',59), '73.254.0.12', 'Mozilla/5.0', '2026-05-08 06:34:55'),
  (13, 'password_changed', 'user', '25', JSON_OBJECT('source','seed','seq',60), '10.0.0.45', 'Mozilla/5.0', '2026-04-02 20:40:56'),
  (15, 'payroll_calculated', 'payroll', '67', JSON_OBJECT('source','seed','seq',61), '73.254.0.12', 'Mozilla/5.0', '2026-03-10 18:09:46'),
  (14, 'grooming_run_started', 'grooming', '336', JSON_OBJECT('source','seed','seq',62), '73.254.0.12', 'Mozilla/5.0', '2026-04-05 10:46:14'),
  (13, 'role_revoked', 'user', '352', JSON_OBJECT('source','seed','seq',63), '73.254.0.12', 'Mozilla/5.0', '2026-03-11 16:19:48'),
  (14, 'grooming_run_started', 'grooming', '17', JSON_OBJECT('source','seed','seq',64), '24.36.79.5', 'Mozilla/5.0', '2026-04-18 16:10:03'),
  (13, 'role_assigned', 'user', '377', JSON_OBJECT('source','seed','seq',65), '192.168.1.50', 'Mozilla/5.0', '2026-05-06 21:05:19'),
  (15, 'user_deactivated', 'user', '84', JSON_OBJECT('source','seed','seq',66), '73.254.0.12', 'Mozilla/5.0', '2026-05-13 20:10:55'),
  (14, 'grooming_run_started', 'grooming', '133', JSON_OBJECT('source','seed','seq',67), '10.0.0.45', 'Mozilla/5.0', '2026-03-09 20:28:01'),
  (14, 'settings_updated', 'system', '429', JSON_OBJECT('source','seed','seq',68), '24.36.79.5', 'Mozilla/5.0', '2026-05-09 18:19:17'),
  (14, 'login_success', 'session', '482', JSON_OBJECT('source','seed','seq',69), '10.0.0.45', 'Mozilla/5.0', '2026-02-21 00:48:23'),
  (15, 'grooming_run_started', 'grooming', '359', JSON_OBJECT('source','seed','seq',70), '192.168.1.50', 'Mozilla/5.0', '2026-03-09 01:27:28'),
  (13, 'logout', 'session', '111', JSON_OBJECT('source','seed','seq',71), '24.36.79.5', 'Mozilla/5.0', '2026-05-06 03:48:03'),
  (14, 'settings_updated', 'system', '122', JSON_OBJECT('source','seed','seq',72), '24.36.79.5', 'Mozilla/5.0', '2026-04-08 15:21:26'),
  (13, 'login_success', 'session', '311', JSON_OBJECT('source','seed','seq',73), '73.254.0.12', 'Mozilla/5.0', '2026-03-09 11:39:30'),
  (15, 'user_deactivated', 'user', '26', JSON_OBJECT('source','seed','seq',74), '24.36.79.5', 'Mozilla/5.0', '2026-02-28 12:39:54'),
  (14, 'role_assigned', 'user', '388', JSON_OBJECT('source','seed','seq',75), '73.254.0.12', 'Mozilla/5.0', '2026-05-11 10:55:27'),
  (14, 'role_revoked', 'user', '348', JSON_OBJECT('source','seed','seq',76), '24.36.79.5', 'Mozilla/5.0', '2026-03-11 03:43:27'),
  (13, 'role_assigned', 'user', '315', JSON_OBJECT('source','seed','seq',77), '24.36.79.5', 'Mozilla/5.0', '2026-03-03 13:59:08'),
  (14, 'login_success', 'session', '55', JSON_OBJECT('source','seed','seq',78), '73.254.0.12', 'Mozilla/5.0', '2026-04-03 05:37:52'),
  (13, 'login_success', 'session', '50', JSON_OBJECT('source','seed','seq',79), '192.168.1.50', 'Mozilla/5.0', '2026-02-18 03:46:50'),
  (13, 'password_changed', 'user', '83', JSON_OBJECT('source','seed','seq',80), '24.36.79.5', 'Mozilla/5.0', '2026-03-10 17:35:40'),
  (15, 'login_failure', 'session', '158', JSON_OBJECT('source','seed','seq',81), '24.36.79.5', 'Mozilla/5.0', '2026-05-11 09:06:27'),
  (15, 'refund_approved', 'refund', '307', JSON_OBJECT('source','seed','seq',82), '192.168.1.50', 'Mozilla/5.0', '2026-04-01 23:52:52'),
  (15, 'refund_approved', 'refund', '15', JSON_OBJECT('source','seed','seq',83), '192.168.1.50', 'Mozilla/5.0', '2026-04-17 20:10:12'),
  (15, 'login_failure', 'session', '294', JSON_OBJECT('source','seed','seq',84), '73.254.0.12', 'Mozilla/5.0', '2026-03-04 06:04:11'),
  (13, 'user_created', 'user', '202', JSON_OBJECT('source','seed','seq',85), '192.168.1.50', 'Mozilla/5.0', '2026-05-13 23:57:42'),
  (13, 'user_created', 'user', '156', JSON_OBJECT('source','seed','seq',86), '73.254.0.12', 'Mozilla/5.0', '2026-03-27 17:26:17'),
  (13, 'logout', 'session', '160', JSON_OBJECT('source','seed','seq',87), '192.168.1.50', 'Mozilla/5.0', '2026-05-10 05:27:53'),
  (13, 'permission_granted', 'role', '490', JSON_OBJECT('source','seed','seq',88), '73.254.0.12', 'Mozilla/5.0', '2026-04-02 17:05:31'),
  (14, 'role_assigned', 'user', '10', JSON_OBJECT('source','seed','seq',89), '73.254.0.12', 'Mozilla/5.0', '2026-05-10 17:34:23'),
  (15, 'refund_approved', 'refund', '144', JSON_OBJECT('source','seed','seq',90), '10.0.0.45', 'Mozilla/5.0', '2026-04-21 08:57:50'),
  (13, 'role_revoked', 'user', '431', JSON_OBJECT('source','seed','seq',91), '192.168.1.50', 'Mozilla/5.0', '2026-04-27 04:48:28'),
  (15, 'user_created', 'user', '360', JSON_OBJECT('source','seed','seq',92), '73.254.0.12', 'Mozilla/5.0', '2026-05-08 12:22:45'),
  (15, 'user_created', 'user', '464', JSON_OBJECT('source','seed','seq',93), '24.36.79.5', 'Mozilla/5.0', '2026-03-23 13:27:37'),
  (15, 'login_success', 'session', '279', JSON_OBJECT('source','seed','seq',94), '192.168.1.50', 'Mozilla/5.0', '2026-03-07 19:18:36'),
  (14, 'settings_updated', 'system', '46', JSON_OBJECT('source','seed','seq',95), '24.36.79.5', 'Mozilla/5.0', '2026-02-22 21:11:31'),
  (15, 'grooming_run_started', 'grooming', '440', JSON_OBJECT('source','seed','seq',96), '73.254.0.12', 'Mozilla/5.0', '2026-02-27 00:43:24'),
  (15, 'role_revoked', 'user', '30', JSON_OBJECT('source','seed','seq',97), '24.36.79.5', 'Mozilla/5.0', '2026-05-11 22:32:19'),
  (15, 'login_success', 'session', '133', JSON_OBJECT('source','seed','seq',98), '73.254.0.12', 'Mozilla/5.0', '2026-03-18 09:09:56'),
  (15, 'login_success', 'session', '483', JSON_OBJECT('source','seed','seq',99), '73.254.0.12', 'Mozilla/5.0', '2026-02-28 15:30:50'),
  (14, 'login_success', 'session', '252', JSON_OBJECT('source','seed','seq',100), '73.254.0.12', 'Mozilla/5.0', '2026-05-03 13:03:32'),
  (15, 'role_assigned', 'user', '89', JSON_OBJECT('source','seed','seq',101), '192.168.1.50', 'Mozilla/5.0', '2026-04-25 12:07:20'),
  (14, 'password_changed', 'user', '480', JSON_OBJECT('source','seed','seq',102), '10.0.0.45', 'Mozilla/5.0', '2026-03-08 18:36:23'),
  (15, 'user_deactivated', 'user', '187', JSON_OBJECT('source','seed','seq',103), '192.168.1.50', 'Mozilla/5.0', '2026-03-09 15:07:45'),
  (13, 'refund_approved', 'refund', '189', JSON_OBJECT('source','seed','seq',104), '73.254.0.12', 'Mozilla/5.0', '2026-04-15 10:06:44'),
  (14, 'refund_approved', 'refund', '332', JSON_OBJECT('source','seed','seq',105), '10.0.0.45', 'Mozilla/5.0', '2026-05-13 06:23:13'),
  (15, 'role_assigned', 'user', '233', JSON_OBJECT('source','seed','seq',106), '73.254.0.12', 'Mozilla/5.0', '2026-02-17 00:13:34'),
  (14, 'user_deactivated', 'user', '408', JSON_OBJECT('source','seed','seq',107), '73.254.0.12', 'Mozilla/5.0', '2026-04-20 23:16:07'),
  (13, 'login_failure', 'session', '300', JSON_OBJECT('source','seed','seq',108), '73.254.0.12', 'Mozilla/5.0', '2026-03-11 10:13:41'),
  (13, 'permission_granted', 'role', '199', JSON_OBJECT('source','seed','seq',109), '10.0.0.45', 'Mozilla/5.0', '2026-02-13 14:11:34'),
  (14, 'permission_granted', 'role', '303', JSON_OBJECT('source','seed','seq',110), '24.36.79.5', 'Mozilla/5.0', '2026-03-28 05:44:47'),
  (14, 'login_success', 'session', '472', JSON_OBJECT('source','seed','seq',111), '73.254.0.12', 'Mozilla/5.0', '2026-04-24 23:06:30'),
  (14, 'role_assigned', 'user', '327', JSON_OBJECT('source','seed','seq',112), '192.168.1.50', 'Mozilla/5.0', '2026-04-18 12:42:52'),
  (14, 'refund_approved', 'refund', '83', JSON_OBJECT('source','seed','seq',113), '10.0.0.45', 'Mozilla/5.0', '2026-04-12 15:46:13'),
  (14, 'permission_granted', 'role', '164', JSON_OBJECT('source','seed','seq',114), '73.254.0.12', 'Mozilla/5.0', '2026-05-10 12:59:52'),
  (13, 'logout', 'session', '18', JSON_OBJECT('source','seed','seq',115), '73.254.0.12', 'Mozilla/5.0', '2026-03-12 21:18:52'),
  (15, 'login_success', 'session', '45', JSON_OBJECT('source','seed','seq',116), '73.254.0.12', 'Mozilla/5.0', '2026-03-15 01:59:53'),
  (15, 'role_revoked', 'user', '61', JSON_OBJECT('source','seed','seq',117), '10.0.0.45', 'Mozilla/5.0', '2026-02-27 06:00:51'),
  (13, 'logout', 'session', '123', JSON_OBJECT('source','seed','seq',118), '10.0.0.45', 'Mozilla/5.0', '2026-03-07 18:19:47'),
  (15, 'permission_granted', 'role', '351', JSON_OBJECT('source','seed','seq',119), '24.36.79.5', 'Mozilla/5.0', '2026-03-04 09:17:28'),
  (14, 'login_success', 'session', '144', JSON_OBJECT('source','seed','seq',120), '192.168.1.50', 'Mozilla/5.0', '2026-03-21 06:18:51'),
  (13, 'settings_updated', 'system', '371', JSON_OBJECT('source','seed','seq',121), '10.0.0.45', 'Mozilla/5.0', '2026-03-15 07:22:47'),
  (13, 'role_revoked', 'user', '260', JSON_OBJECT('source','seed','seq',122), '192.168.1.50', 'Mozilla/5.0', '2026-04-25 06:15:02'),
  (15, 'settings_updated', 'system', '129', JSON_OBJECT('source','seed','seq',123), '73.254.0.12', 'Mozilla/5.0', '2026-03-14 10:14:01'),
  (13, 'role_assigned', 'user', '387', JSON_OBJECT('source','seed','seq',124), '24.36.79.5', 'Mozilla/5.0', '2026-03-24 17:50:35'),
  (15, 'user_deactivated', 'user', '74', JSON_OBJECT('source','seed','seq',125), '192.168.1.50', 'Mozilla/5.0', '2026-04-03 16:09:53'),
  (15, 'payroll_calculated', 'payroll', '379', JSON_OBJECT('source','seed','seq',126), '10.0.0.45', 'Mozilla/5.0', '2026-04-04 00:16:01'),
  (15, 'login_success', 'session', '252', JSON_OBJECT('source','seed','seq',127), '192.168.1.50', 'Mozilla/5.0', '2026-02-16 03:14:02'),
  (15, 'permission_granted', 'role', '415', JSON_OBJECT('source','seed','seq',128), '73.254.0.12', 'Mozilla/5.0', '2026-04-13 00:47:20'),
  (15, 'refund_approved', 'refund', '90', JSON_OBJECT('source','seed','seq',129), '192.168.1.50', 'Mozilla/5.0', '2026-04-28 14:59:01'),
  (15, 'grooming_run_started', 'grooming', '466', JSON_OBJECT('source','seed','seq',130), '24.36.79.5', 'Mozilla/5.0', '2026-04-08 15:40:44'),
  (15, 'role_assigned', 'user', '254', JSON_OBJECT('source','seed','seq',131), '10.0.0.45', 'Mozilla/5.0', '2026-04-03 18:02:20'),
  (14, 'role_revoked', 'user', '104', JSON_OBJECT('source','seed','seq',132), '24.36.79.5', 'Mozilla/5.0', '2026-04-20 18:01:31'),
  (15, 'login_success', 'session', '280', JSON_OBJECT('source','seed','seq',133), '192.168.1.50', 'Mozilla/5.0', '2026-05-07 02:38:12'),
  (15, 'permission_granted', 'role', '411', JSON_OBJECT('source','seed','seq',134), '73.254.0.12', 'Mozilla/5.0', '2026-05-11 21:03:11'),
  (14, 'role_revoked', 'user', '226', JSON_OBJECT('source','seed','seq',135), '24.36.79.5', 'Mozilla/5.0', '2026-03-12 16:55:36'),
  (13, 'role_assigned', 'user', '288', JSON_OBJECT('source','seed','seq',136), '24.36.79.5', 'Mozilla/5.0', '2026-03-11 14:04:44'),
  (13, 'logout', 'session', '306', JSON_OBJECT('source','seed','seq',137), '192.168.1.50', 'Mozilla/5.0', '2026-04-24 21:53:35'),
  (13, 'user_deactivated', 'user', '286', JSON_OBJECT('source','seed','seq',138), '10.0.0.45', 'Mozilla/5.0', '2026-05-01 15:13:30'),
  (15, 'logout', 'session', '325', JSON_OBJECT('source','seed','seq',139), '10.0.0.45', 'Mozilla/5.0', '2026-02-23 23:36:02'),
  (15, 'login_failure', 'session', '84', JSON_OBJECT('source','seed','seq',140), '10.0.0.45', 'Mozilla/5.0', '2026-02-19 14:02:35'),
  (14, 'settings_updated', 'system', '381', JSON_OBJECT('source','seed','seq',141), '73.254.0.12', 'Mozilla/5.0', '2026-04-22 09:41:34'),
  (13, 'role_assigned', 'user', '239', JSON_OBJECT('source','seed','seq',142), '192.168.1.50', 'Mozilla/5.0', '2026-02-21 20:56:38'),
  (15, 'era_posted', 'era', '418', JSON_OBJECT('source','seed','seq',143), '24.36.79.5', 'Mozilla/5.0', '2026-03-29 09:20:48'),
  (13, 'user_deactivated', 'user', '83', JSON_OBJECT('source','seed','seq',144), '73.254.0.12', 'Mozilla/5.0', '2026-03-19 20:47:20'),
  (14, 'login_success', 'session', '445', JSON_OBJECT('source','seed','seq',145), '192.168.1.50', 'Mozilla/5.0', '2026-02-28 23:48:02'),
  (15, 'payroll_calculated', 'payroll', '471', JSON_OBJECT('source','seed','seq',146), '24.36.79.5', 'Mozilla/5.0', '2026-03-20 05:39:11'),
  (15, 'login_success', 'session', '3', JSON_OBJECT('source','seed','seq',147), '192.168.1.50', 'Mozilla/5.0', '2026-05-07 02:43:47'),
  (13, 'password_changed', 'user', '259', JSON_OBJECT('source','seed','seq',148), '10.0.0.45', 'Mozilla/5.0', '2026-04-03 03:10:11'),
  (14, 'role_revoked', 'user', '157', JSON_OBJECT('source','seed','seq',149), '24.36.79.5', 'Mozilla/5.0', '2026-03-19 22:17:32'),
  (13, 'login_success', 'session', '284', JSON_OBJECT('source','seed','seq',150), '10.0.0.45', 'Mozilla/5.0', '2026-04-18 06:09:59'),
  (14, 'settings_updated', 'system', '273', JSON_OBJECT('source','seed','seq',151), '24.36.79.5', 'Mozilla/5.0', '2026-02-26 03:40:16'),
  (13, 'permission_granted', 'role', '350', JSON_OBJECT('source','seed','seq',152), '10.0.0.45', 'Mozilla/5.0', '2026-04-06 15:53:51'),
  (13, 'login_success', 'session', '311', JSON_OBJECT('source','seed','seq',153), '10.0.0.45', 'Mozilla/5.0', '2026-04-26 09:09:02'),
  (13, 'payroll_calculated', 'payroll', '428', JSON_OBJECT('source','seed','seq',154), '24.36.79.5', 'Mozilla/5.0', '2026-04-18 16:59:20'),
  (15, 'era_posted', 'era', '222', JSON_OBJECT('source','seed','seq',155), '10.0.0.45', 'Mozilla/5.0', '2026-04-18 09:58:30'),
  (13, 'grooming_run_started', 'grooming', '80', JSON_OBJECT('source','seed','seq',156), '192.168.1.50', 'Mozilla/5.0', '2026-03-11 17:33:21'),
  (14, 'settings_updated', 'system', '391', JSON_OBJECT('source','seed','seq',157), '73.254.0.12', 'Mozilla/5.0', '2026-05-03 22:14:51'),
  (13, 'settings_updated', 'system', '335', JSON_OBJECT('source','seed','seq',158), '192.168.1.50', 'Mozilla/5.0', '2026-03-15 06:17:32'),
  (13, 'settings_updated', 'system', '228', JSON_OBJECT('source','seed','seq',159), '192.168.1.50', 'Mozilla/5.0', '2026-04-20 13:58:35'),
  (15, 'password_changed', 'user', '489', JSON_OBJECT('source','seed','seq',160), '10.0.0.45', 'Mozilla/5.0', '2026-03-04 02:19:04'),
  (14, 'settings_updated', 'system', '430', JSON_OBJECT('source','seed','seq',161), '73.254.0.12', 'Mozilla/5.0', '2026-04-20 15:06:21'),
  (13, 'settings_updated', 'system', '383', JSON_OBJECT('source','seed','seq',162), '73.254.0.12', 'Mozilla/5.0', '2026-03-06 08:24:07'),
  (14, 'password_changed', 'user', '86', JSON_OBJECT('source','seed','seq',163), '10.0.0.45', 'Mozilla/5.0', '2026-04-12 16:54:48'),
  (14, 'era_posted', 'era', '34', JSON_OBJECT('source','seed','seq',164), '73.254.0.12', 'Mozilla/5.0', '2026-04-02 22:20:16'),
  (14, 'role_revoked', 'user', '239', JSON_OBJECT('source','seed','seq',165), '192.168.1.50', 'Mozilla/5.0', '2026-03-29 07:21:58'),
  (13, 'settings_updated', 'system', '342', JSON_OBJECT('source','seed','seq',166), '10.0.0.45', 'Mozilla/5.0', '2026-04-30 22:48:00'),
  (13, 'user_deactivated', 'user', '44', JSON_OBJECT('source','seed','seq',167), '24.36.79.5', 'Mozilla/5.0', '2026-02-18 22:14:48'),
  (13, 'permission_granted', 'role', '63', JSON_OBJECT('source','seed','seq',168), '192.168.1.50', 'Mozilla/5.0', '2026-03-06 11:41:37'),
  (14, 'role_assigned', 'user', '219', JSON_OBJECT('source','seed','seq',169), '24.36.79.5', 'Mozilla/5.0', '2026-03-16 06:02:08'),
  (15, 'permission_granted', 'role', '266', JSON_OBJECT('source','seed','seq',170), '73.254.0.12', 'Mozilla/5.0', '2026-05-05 08:20:32'),
  (15, 'login_failure', 'session', '198', JSON_OBJECT('source','seed','seq',171), '73.254.0.12', 'Mozilla/5.0', '2026-05-13 10:27:03'),
  (14, 'user_created', 'user', '3', JSON_OBJECT('source','seed','seq',172), '73.254.0.12', 'Mozilla/5.0', '2026-02-28 06:57:19'),
  (15, 'login_success', 'session', '490', JSON_OBJECT('source','seed','seq',173), '73.254.0.12', 'Mozilla/5.0', '2026-05-09 07:51:15'),
  (13, 'user_created', 'user', '117', JSON_OBJECT('source','seed','seq',174), '24.36.79.5', 'Mozilla/5.0', '2026-04-28 16:21:22'),
  (13, 'role_revoked', 'user', '275', JSON_OBJECT('source','seed','seq',175), '192.168.1.50', 'Mozilla/5.0', '2026-04-24 01:44:02'),
  (15, 'refund_approved', 'refund', '32', JSON_OBJECT('source','seed','seq',176), '10.0.0.45', 'Mozilla/5.0', '2026-05-04 16:07:10'),
  (14, 'login_failure', 'session', '179', JSON_OBJECT('source','seed','seq',177), '24.36.79.5', 'Mozilla/5.0', '2026-04-06 17:57:34'),
  (13, 'password_changed', 'user', '185', JSON_OBJECT('source','seed','seq',178), '10.0.0.45', 'Mozilla/5.0', '2026-03-12 00:57:31'),
  (13, 'password_changed', 'user', '281', JSON_OBJECT('source','seed','seq',179), '10.0.0.45', 'Mozilla/5.0', '2026-03-30 00:18:58'),
  (15, 'settings_updated', 'system', '329', JSON_OBJECT('source','seed','seq',180), '24.36.79.5', 'Mozilla/5.0', '2026-03-27 02:32:10'),
  (14, 'login_failure', 'session', '56', JSON_OBJECT('source','seed','seq',181), '10.0.0.45', 'Mozilla/5.0', '2026-04-27 01:37:01'),
  (13, 'payroll_calculated', 'payroll', '170', JSON_OBJECT('source','seed','seq',182), '192.168.1.50', 'Mozilla/5.0', '2026-02-26 04:05:57'),
  (14, 'era_posted', 'era', '241', JSON_OBJECT('source','seed','seq',183), '24.36.79.5', 'Mozilla/5.0', '2026-05-10 08:50:21'),
  (15, 'login_success', 'session', '172', JSON_OBJECT('source','seed','seq',184), '73.254.0.12', 'Mozilla/5.0', '2026-04-10 15:43:09'),
  (15, 'permission_granted', 'role', '240', JSON_OBJECT('source','seed','seq',185), '73.254.0.12', 'Mozilla/5.0', '2026-02-20 21:15:20'),
  (13, 'login_failure', 'session', '414', JSON_OBJECT('source','seed','seq',186), '10.0.0.45', 'Mozilla/5.0', '2026-02-14 14:42:33'),
  (15, 'era_posted', 'era', '405', JSON_OBJECT('source','seed','seq',187), '192.168.1.50', 'Mozilla/5.0', '2026-04-22 07:19:59'),
  (14, 'logout', 'session', '466', JSON_OBJECT('source','seed','seq',188), '192.168.1.50', 'Mozilla/5.0', '2026-03-30 11:28:35'),
  (15, 'user_deactivated', 'user', '153', JSON_OBJECT('source','seed','seq',189), '10.0.0.45', 'Mozilla/5.0', '2026-03-22 22:22:54'),
  (15, 'login_success', 'session', '301', JSON_OBJECT('source','seed','seq',190), '192.168.1.50', 'Mozilla/5.0', '2026-03-09 13:42:00'),
  (14, 'logout', 'session', '299', JSON_OBJECT('source','seed','seq',191), '10.0.0.45', 'Mozilla/5.0', '2026-03-09 13:59:06'),
  (13, 'role_revoked', 'user', '435', JSON_OBJECT('source','seed','seq',192), '73.254.0.12', 'Mozilla/5.0', '2026-02-24 07:13:30'),
  (14, 'era_posted', 'era', '279', JSON_OBJECT('source','seed','seq',193), '192.168.1.50', 'Mozilla/5.0', '2026-02-24 22:26:00'),
  (14, 'role_assigned', 'user', '358', JSON_OBJECT('source','seed','seq',194), '73.254.0.12', 'Mozilla/5.0', '2026-05-07 06:32:53'),
  (13, 'role_assigned', 'user', '7', JSON_OBJECT('source','seed','seq',195), '192.168.1.50', 'Mozilla/5.0', '2026-04-05 04:21:00'),
  (13, 'role_assigned', 'user', '97', JSON_OBJECT('source','seed','seq',196), '10.0.0.45', 'Mozilla/5.0', '2026-03-07 10:21:48'),
  (13, 'user_deactivated', 'user', '415', JSON_OBJECT('source','seed','seq',197), '24.36.79.5', 'Mozilla/5.0', '2026-05-08 05:34:12'),
  (13, 'payroll_calculated', 'payroll', '412', JSON_OBJECT('source','seed','seq',198), '192.168.1.50', 'Mozilla/5.0', '2026-04-16 11:38:15'),
  (15, 'logout', 'session', '415', JSON_OBJECT('source','seed','seq',199), '73.254.0.12', 'Mozilla/5.0', '2026-03-22 18:30:53');

INSERT IGNORE INTO user_activity
  (user_id, activity_type, description, metadata, ip_address, created_at) VALUES
  (14, 'api_call', 'api_call - /payroll', JSON_OBJECT('seed',true), '127.0.0.1', '2026-04-13 22:04:23'),
  (13, 'permission_check', 'permission_check - /insurance-posting', JSON_OBJECT('seed',true), '127.0.0.1', '2026-04-15 20:22:34'),
  (14, 'button_click', 'button_click - /grooming', JSON_OBJECT('seed',true), '127.0.0.1', '2026-04-14 04:28:26'),
  (15, 'permission_check', 'permission_check - /grooming', JSON_OBJECT('seed',true), '127.0.0.1', '2026-04-22 19:20:53'),
  (15, 'button_click', 'button_click - /insurance-posting', JSON_OBJECT('seed',true), '127.0.0.1', '2026-04-17 07:28:48'),
  (14, 'api_call', 'api_call - /settings/users', JSON_OBJECT('seed',true), '127.0.0.1', '2026-05-10 22:09:32'),
  (15, 'permission_check', 'permission_check - /refunds', JSON_OBJECT('seed',true), '127.0.0.1', '2026-05-06 01:05:11'),
  (13, 'permission_check', 'permission_check - /grooming', JSON_OBJECT('seed',true), '127.0.0.1', '2026-05-05 23:45:58'),
  (15, 'session_refresh', 'session_refresh - /insurance-posting', JSON_OBJECT('seed',true), '127.0.0.1', '2026-04-28 06:22:33'),
  (13, 'button_click', 'button_click - /settings/users', JSON_OBJECT('seed',true), '127.0.0.1', '2026-04-22 13:24:38'),
  (13, 'api_call', 'api_call - /insurance-posting', JSON_OBJECT('seed',true), '127.0.0.1', '2026-04-20 21:24:39'),
  (14, 'page_view', 'page_view - /payroll', JSON_OBJECT('seed',true), '127.0.0.1', '2026-05-06 21:13:26'),
  (15, 'session_refresh', 'session_refresh - /refunds', JSON_OBJECT('seed',true), '127.0.0.1', '2026-04-27 21:39:13'),
  (15, 'api_call', 'api_call - /refunds', JSON_OBJECT('seed',true), '127.0.0.1', '2026-05-09 15:56:12'),
  (13, 'page_view', 'page_view - /insurance-posting', JSON_OBJECT('seed',true), '127.0.0.1', '2026-04-23 22:23:36'),
  (14, 'session_refresh', 'session_refresh - /grooming', JSON_OBJECT('seed',true), '127.0.0.1', '2026-05-01 18:43:28'),
  (14, 'session_refresh', 'session_refresh - /insurance-posting', JSON_OBJECT('seed',true), '127.0.0.1', '2026-04-16 04:23:19'),
  (13, 'session_refresh', 'session_refresh - /settings/users', JSON_OBJECT('seed',true), '127.0.0.1', '2026-04-20 11:34:17'),
  (15, 'permission_check', 'permission_check - /insurance-posting', JSON_OBJECT('seed',true), '127.0.0.1', '2026-04-18 23:49:19'),
  (14, 'permission_check', 'permission_check - /grooming', JSON_OBJECT('seed',true), '127.0.0.1', '2026-05-07 02:53:45'),
  (14, 'button_click', 'button_click - /refunds', JSON_OBJECT('seed',true), '127.0.0.1', '2026-05-08 08:46:28'),
  (15, 'api_call', 'api_call - /insurance-posting', JSON_OBJECT('seed',true), '127.0.0.1', '2026-04-23 09:05:12'),
  (13, 'button_click', 'button_click - /settings/users', JSON_OBJECT('seed',true), '127.0.0.1', '2026-05-07 12:20:20'),
  (15, 'page_view', 'page_view - /insurance-posting', JSON_OBJECT('seed',true), '127.0.0.1', '2026-04-15 08:15:43'),
  (15, 'button_click', 'button_click - /grooming', JSON_OBJECT('seed',true), '127.0.0.1', '2026-05-10 21:04:57'),
  (13, 'page_view', 'page_view - /settings/users', JSON_OBJECT('seed',true), '127.0.0.1', '2026-04-14 14:02:38'),
  (15, 'session_refresh', 'session_refresh - /settings/users', JSON_OBJECT('seed',true), '127.0.0.1', '2026-04-19 23:03:03'),
  (14, 'session_refresh', 'session_refresh - /payroll', JSON_OBJECT('seed',true), '127.0.0.1', '2026-04-14 02:29:35'),
  (15, 'api_call', 'api_call - /payroll', JSON_OBJECT('seed',true), '127.0.0.1', '2026-04-16 19:27:55'),
  (14, 'page_view', 'page_view - /grooming', JSON_OBJECT('seed',true), '127.0.0.1', '2026-05-13 10:16:27'),
  (13, 'page_view', 'page_view - /payroll', JSON_OBJECT('seed',true), '127.0.0.1', '2026-04-26 10:51:50'),
  (14, 'page_view', 'page_view - /insurance-posting', JSON_OBJECT('seed',true), '127.0.0.1', '2026-04-25 07:18:13'),
  (13, 'page_view', 'page_view - /settings/users', JSON_OBJECT('seed',true), '127.0.0.1', '2026-04-24 18:07:29'),
  (15, 'button_click', 'button_click - /insurance-posting', JSON_OBJECT('seed',true), '127.0.0.1', '2026-05-02 16:32:01'),
  (15, 'button_click', 'button_click - /insurance-posting', JSON_OBJECT('seed',true), '127.0.0.1', '2026-05-05 02:45:45'),
  (15, 'session_refresh', 'session_refresh - /payroll', JSON_OBJECT('seed',true), '127.0.0.1', '2026-04-18 22:04:56'),
  (13, 'page_view', 'page_view - /settings/users', JSON_OBJECT('seed',true), '127.0.0.1', '2026-04-14 18:58:35'),
  (13, 'page_view', 'page_view - /grooming', JSON_OBJECT('seed',true), '127.0.0.1', '2026-05-10 01:14:07'),
  (13, 'permission_check', 'permission_check - /settings/users', JSON_OBJECT('seed',true), '127.0.0.1', '2026-05-09 19:56:14'),
  (13, 'page_view', 'page_view - /grooming', JSON_OBJECT('seed',true), '127.0.0.1', '2026-04-22 22:03:30'),
  (15, 'button_click', 'button_click - /payroll', JSON_OBJECT('seed',true), '127.0.0.1', '2026-05-04 03:25:41'),
  (13, 'page_view', 'page_view - /insurance-posting', JSON_OBJECT('seed',true), '127.0.0.1', '2026-04-16 00:50:29'),
  (13, 'button_click', 'button_click - /grooming', JSON_OBJECT('seed',true), '127.0.0.1', '2026-04-16 14:14:01'),
  (14, 'page_view', 'page_view - /insurance-posting', JSON_OBJECT('seed',true), '127.0.0.1', '2026-05-08 17:10:58'),
  (14, 'button_click', 'button_click - /settings/users', JSON_OBJECT('seed',true), '127.0.0.1', '2026-04-14 22:46:55'),
  (13, 'permission_check', 'permission_check - /payroll', JSON_OBJECT('seed',true), '127.0.0.1', '2026-04-13 12:57:14'),
  (14, 'button_click', 'button_click - /refunds', JSON_OBJECT('seed',true), '127.0.0.1', '2026-05-06 18:09:36'),
  (13, 'button_click', 'button_click - /grooming', JSON_OBJECT('seed',true), '127.0.0.1', '2026-05-07 06:51:57'),
  (14, 'api_call', 'api_call - /payroll', JSON_OBJECT('seed',true), '127.0.0.1', '2026-04-18 17:31:04'),
  (15, 'api_call', 'api_call - /payroll', JSON_OBJECT('seed',true), '127.0.0.1', '2026-04-27 07:36:46'),
  (15, 'page_view', 'page_view - /grooming', JSON_OBJECT('seed',true), '127.0.0.1', '2026-05-06 14:02:54'),
  (14, 'api_call', 'api_call - /insurance-posting', JSON_OBJECT('seed',true), '127.0.0.1', '2026-05-10 00:45:41'),
  (13, 'button_click', 'button_click - /refunds', JSON_OBJECT('seed',true), '127.0.0.1', '2026-04-20 16:21:00'),
  (15, 'button_click', 'button_click - /grooming', JSON_OBJECT('seed',true), '127.0.0.1', '2026-05-07 12:44:15'),
  (14, 'page_view', 'page_view - /insurance-posting', JSON_OBJECT('seed',true), '127.0.0.1', '2026-05-13 05:34:09'),
  (14, 'session_refresh', 'session_refresh - /grooming', JSON_OBJECT('seed',true), '127.0.0.1', '2026-05-10 16:18:52'),
  (15, 'api_call', 'api_call - /grooming', JSON_OBJECT('seed',true), '127.0.0.1', '2026-04-16 00:07:19'),
  (14, 'page_view', 'page_view - /insurance-posting', JSON_OBJECT('seed',true), '127.0.0.1', '2026-05-10 03:25:57'),
  (13, 'permission_check', 'permission_check - /grooming', JSON_OBJECT('seed',true), '127.0.0.1', '2026-05-06 08:44:14'),
  (15, 'button_click', 'button_click - /insurance-posting', JSON_OBJECT('seed',true), '127.0.0.1', '2026-04-24 10:15:59'),
  (14, 'permission_check', 'permission_check - /insurance-posting', JSON_OBJECT('seed',true), '127.0.0.1', '2026-04-14 03:04:32'),
  (13, 'api_call', 'api_call - /settings/users', JSON_OBJECT('seed',true), '127.0.0.1', '2026-05-08 23:48:50'),
  (15, 'button_click', 'button_click - /payroll', JSON_OBJECT('seed',true), '127.0.0.1', '2026-04-15 20:41:23'),
  (13, 'api_call', 'api_call - /settings/users', JSON_OBJECT('seed',true), '127.0.0.1', '2026-04-17 23:23:28'),
  (14, 'session_refresh', 'session_refresh - /insurance-posting', JSON_OBJECT('seed',true), '127.0.0.1', '2026-04-22 21:40:46'),
  (13, 'permission_check', 'permission_check - /payroll', JSON_OBJECT('seed',true), '127.0.0.1', '2026-04-19 17:26:08'),
  (14, 'permission_check', 'permission_check - /settings/users', JSON_OBJECT('seed',true), '127.0.0.1', '2026-05-12 13:18:43'),
  (15, 'page_view', 'page_view - /refunds', JSON_OBJECT('seed',true), '127.0.0.1', '2026-04-25 11:01:58'),
  (15, 'session_refresh', 'session_refresh - /settings/users', JSON_OBJECT('seed',true), '127.0.0.1', '2026-05-05 07:02:24'),
  (13, 'session_refresh', 'session_refresh - /settings/users', JSON_OBJECT('seed',true), '127.0.0.1', '2026-05-03 23:37:09'),
  (13, 'session_refresh', 'session_refresh - /refunds', JSON_OBJECT('seed',true), '127.0.0.1', '2026-04-24 08:48:35'),
  (14, 'page_view', 'page_view - /insurance-posting', JSON_OBJECT('seed',true), '127.0.0.1', '2026-05-02 19:35:55'),
  (14, 'permission_check', 'permission_check - /settings/users', JSON_OBJECT('seed',true), '127.0.0.1', '2026-04-28 04:21:29'),
  (14, 'permission_check', 'permission_check - /refunds', JSON_OBJECT('seed',true), '127.0.0.1', '2026-05-12 11:33:17'),
  (13, 'permission_check', 'permission_check - /payroll', JSON_OBJECT('seed',true), '127.0.0.1', '2026-04-13 12:17:12'),
  (15, 'page_view', 'page_view - /refunds', JSON_OBJECT('seed',true), '127.0.0.1', '2026-04-20 08:40:13'),
  (13, 'permission_check', 'permission_check - /refunds', JSON_OBJECT('seed',true), '127.0.0.1', '2026-05-13 15:57:59'),
  (13, 'api_call', 'api_call - /payroll', JSON_OBJECT('seed',true), '127.0.0.1', '2026-05-09 22:41:18'),
  (14, 'permission_check', 'permission_check - /payroll', JSON_OBJECT('seed',true), '127.0.0.1', '2026-05-09 04:32:47'),
  (13, 'api_call', 'api_call - /grooming', JSON_OBJECT('seed',true), '127.0.0.1', '2026-04-27 18:19:50'),
  (15, 'button_click', 'button_click - /insurance-posting', JSON_OBJECT('seed',true), '127.0.0.1', '2026-05-09 04:22:14'),
  (15, 'permission_check', 'permission_check - /payroll', JSON_OBJECT('seed',true), '127.0.0.1', '2026-05-04 04:08:05'),
  (13, 'button_click', 'button_click - /refunds', JSON_OBJECT('seed',true), '127.0.0.1', '2026-05-06 16:20:48'),
  (13, 'permission_check', 'permission_check - /grooming', JSON_OBJECT('seed',true), '127.0.0.1', '2026-04-26 00:00:34'),
  (13, 'permission_check', 'permission_check - /grooming', JSON_OBJECT('seed',true), '127.0.0.1', '2026-05-11 10:21:15'),
  (13, 'session_refresh', 'session_refresh - /refunds', JSON_OBJECT('seed',true), '127.0.0.1', '2026-04-28 21:22:47'),
  (15, 'page_view', 'page_view - /payroll', JSON_OBJECT('seed',true), '127.0.0.1', '2026-04-24 12:27:20'),
  (14, 'api_call', 'api_call - /refunds', JSON_OBJECT('seed',true), '127.0.0.1', '2026-05-01 06:53:27'),
  (14, 'session_refresh', 'session_refresh - /insurance-posting', JSON_OBJECT('seed',true), '127.0.0.1', '2026-04-13 18:25:26'),
  (13, 'button_click', 'button_click - /insurance-posting', JSON_OBJECT('seed',true), '127.0.0.1', '2026-05-06 22:16:24'),
  (14, 'session_refresh', 'session_refresh - /insurance-posting', JSON_OBJECT('seed',true), '127.0.0.1', '2026-05-01 21:02:55'),
  (13, 'page_view', 'page_view - /insurance-posting', JSON_OBJECT('seed',true), '127.0.0.1', '2026-04-27 06:47:03'),
  (15, 'page_view', 'page_view - /settings/users', JSON_OBJECT('seed',true), '127.0.0.1', '2026-05-11 17:45:18'),
  (15, 'session_refresh', 'session_refresh - /insurance-posting', JSON_OBJECT('seed',true), '127.0.0.1', '2026-04-23 08:15:57'),
  (15, 'button_click', 'button_click - /grooming', JSON_OBJECT('seed',true), '127.0.0.1', '2026-05-09 11:49:11'),
  (13, 'page_view', 'page_view - /insurance-posting', JSON_OBJECT('seed',true), '127.0.0.1', '2026-05-10 20:38:56'),
  (15, 'session_refresh', 'session_refresh - /insurance-posting', JSON_OBJECT('seed',true), '127.0.0.1', '2026-04-13 12:44:35'),
  (14, 'button_click', 'button_click - /grooming', JSON_OBJECT('seed',true), '127.0.0.1', '2026-04-26 17:26:22'),
  (13, 'api_call', 'api_call - /grooming', JSON_OBJECT('seed',true), '127.0.0.1', '2026-04-29 13:48:17'),
  (14, 'permission_check', 'permission_check - /insurance-posting', JSON_OBJECT('seed',true), '127.0.0.1', '2026-04-16 09:09:27');

INSERT IGNORE INTO login_attempts
  (username, ip_address, success, failure_reason, user_agent, timestamp) VALUES
  ('gary', '24.36.79.5', 1, NULL, 'Mozilla/5.0', '2026-04-17 18:04:37'),
  ('hackbot', '185.220.101.5', 0, 'Invalid password', 'Mozilla/5.0', '2026-05-03 05:48:33'),
  ('unknown', '185.220.101.5', 0, 'Rate limit', 'Mozilla/5.0', '2026-04-19 15:39:34'),
  ('matthew', '73.254.0.12', 1, NULL, 'Mozilla/5.0', '2026-05-06 20:59:44'),
  ('matthew', '73.254.0.12', 1, NULL, 'Mozilla/5.0', '2026-04-21 02:41:36'),
  ('gary', '24.36.79.5', 1, NULL, 'Mozilla/5.0', '2026-04-17 04:59:43'),
  ('hackbot', '45.155.205.211', 0, 'User not found', 'Mozilla/5.0', '2026-04-21 03:40:01'),
  ('admin', '73.254.0.12', 1, NULL, 'Mozilla/5.0', '2026-05-09 14:01:25'),
  ('admin', '73.254.0.12', 1, NULL, 'Mozilla/5.0', '2026-04-29 21:17:43'),
  ('admin', '24.36.79.5', 1, NULL, 'Mozilla/5.0', '2026-04-22 13:29:45'),
  ('gary', '73.254.0.12', 1, NULL, 'Mozilla/5.0', '2026-05-01 08:59:59'),
  ('gary', '24.36.79.5', 1, NULL, 'Mozilla/5.0', '2026-05-12 03:44:05'),
  ('unknown', '185.220.101.5', 0, 'User not found', 'Mozilla/5.0', '2026-05-09 20:43:04'),
  ('hackbot', '185.220.101.5', 0, 'Account locked', 'Mozilla/5.0', '2026-04-20 12:55:12'),
  ('gary', '73.254.0.12', 1, NULL, 'Mozilla/5.0', '2026-05-11 07:04:08'),
  ('admin', '73.254.0.12', 1, NULL, 'Mozilla/5.0', '2026-05-02 13:10:50'),
  ('gary', '73.254.0.12', 1, NULL, 'Mozilla/5.0', '2026-04-15 15:45:21'),
  ('gary', '103.245.89.10', 0, 'User not found', 'Mozilla/5.0', '2026-04-21 04:29:23'),
  ('admin', '73.254.0.12', 1, NULL, 'Mozilla/5.0', '2026-05-04 13:38:41'),
  ('admin', '73.254.0.12', 1, NULL, 'Mozilla/5.0', '2026-05-02 07:56:26'),
  ('gary', '73.254.0.12', 1, NULL, 'Mozilla/5.0', '2026-05-11 02:03:24'),
  ('admin', '24.36.79.5', 1, NULL, 'Mozilla/5.0', '2026-05-10 08:19:05'),
  ('gary', '73.254.0.12', 1, NULL, 'Mozilla/5.0', '2026-05-10 03:29:54'),
  ('matthew', '73.254.0.12', 1, NULL, 'Mozilla/5.0', '2026-05-09 09:05:37'),
  ('gary', '73.254.0.12', 1, NULL, 'Mozilla/5.0', '2026-04-24 02:55:14'),
  ('gary', '45.155.205.211', 0, 'User not found', 'Mozilla/5.0', '2026-05-05 00:13:59'),
  ('admin', '73.254.0.12', 1, NULL, 'Mozilla/5.0', '2026-05-07 07:05:13'),
  ('admin', '73.254.0.12', 1, NULL, 'Mozilla/5.0', '2026-04-21 15:56:49'),
  ('hackbot', '185.220.101.5', 0, 'Rate limit', 'Mozilla/5.0', '2026-04-23 11:05:25'),
  ('matthew', '73.254.0.12', 1, NULL, 'Mozilla/5.0', '2026-04-23 13:19:27'),
  ('gary', '73.254.0.12', 1, NULL, 'Mozilla/5.0', '2026-05-05 11:03:24'),
  ('gary', '45.155.205.211', 0, 'Account locked', 'Mozilla/5.0', '2026-04-23 01:29:23'),
  ('unknown', '103.245.89.10', 0, 'Invalid password', 'Mozilla/5.0', '2026-04-16 15:56:44'),
  ('gary', '24.36.79.5', 1, NULL, 'Mozilla/5.0', '2026-05-08 06:12:01'),
  ('gary', '45.155.205.211', 0, 'Account locked', 'Mozilla/5.0', '2026-04-19 08:09:31'),
  ('admin', '73.254.0.12', 1, NULL, 'Mozilla/5.0', '2026-04-15 09:01:07'),
  ('hackbot', '45.155.205.211', 0, 'Invalid password', 'Mozilla/5.0', '2026-05-02 05:23:24'),
  ('hackbot', '103.245.89.10', 0, 'Rate limit', 'Mozilla/5.0', '2026-04-19 16:31:34'),
  ('admin', '24.36.79.5', 1, NULL, 'Mozilla/5.0', '2026-04-25 22:08:38'),
  ('gary', '73.254.0.12', 1, NULL, 'Mozilla/5.0', '2026-04-24 15:27:11'),
  ('admin', '45.155.205.211', 0, 'Rate limit', 'Mozilla/5.0', '2026-04-17 01:49:00'),
  ('admin', '24.36.79.5', 1, NULL, 'Mozilla/5.0', '2026-05-03 10:42:38'),
  ('unknown', '45.155.205.211', 0, 'Rate limit', 'Mozilla/5.0', '2026-05-08 22:50:38'),
  ('gary', '73.254.0.12', 1, NULL, 'Mozilla/5.0', '2026-04-22 01:40:39'),
  ('admin', '24.36.79.5', 1, NULL, 'Mozilla/5.0', '2026-05-03 22:54:05'),
  ('gary', '73.254.0.12', 1, NULL, 'Mozilla/5.0', '2026-04-18 08:13:30'),
  ('unknown', '45.155.205.211', 0, 'Account locked', 'Mozilla/5.0', '2026-04-22 11:47:44'),
  ('gary', '24.36.79.5', 1, NULL, 'Mozilla/5.0', '2026-05-08 00:29:50'),
  ('admin', '73.254.0.12', 1, NULL, 'Mozilla/5.0', '2026-05-12 12:12:30'),
  ('gary', '73.254.0.12', 1, NULL, 'Mozilla/5.0', '2026-05-02 16:43:09'),
  ('gary', '73.254.0.12', 1, NULL, 'Mozilla/5.0', '2026-05-06 13:55:23'),
  ('matthew', '24.36.79.5', 1, NULL, 'Mozilla/5.0', '2026-04-16 10:34:56'),
  ('admin', '45.155.205.211', 0, 'Invalid password', 'Mozilla/5.0', '2026-05-07 17:22:10'),
  ('matthew', '73.254.0.12', 1, NULL, 'Mozilla/5.0', '2026-05-09 03:12:19'),
  ('admin', '73.254.0.12', 1, NULL, 'Mozilla/5.0', '2026-05-07 17:29:10'),
  ('gary', '73.254.0.12', 1, NULL, 'Mozilla/5.0', '2026-04-30 23:02:41'),
  ('admin', '73.254.0.12', 1, NULL, 'Mozilla/5.0', '2026-05-05 14:04:18'),
  ('unknown', '45.155.205.211', 0, 'Account locked', 'Mozilla/5.0', '2026-04-21 04:15:15'),
  ('admin', '73.254.0.12', 1, NULL, 'Mozilla/5.0', '2026-04-20 07:05:01'),
  ('gary', '73.254.0.12', 1, NULL, 'Mozilla/5.0', '2026-04-19 03:23:20'),
  ('hackbot', '185.220.101.5', 0, 'Invalid password', 'Mozilla/5.0', '2026-04-19 15:47:50'),
  ('admin', '73.254.0.12', 1, NULL, 'Mozilla/5.0', '2026-04-13 11:16:38'),
  ('admin', '24.36.79.5', 1, NULL, 'Mozilla/5.0', '2026-04-17 15:22:49'),
  ('hackbot', '185.220.101.5', 0, 'User not found', 'Mozilla/5.0', '2026-04-27 00:04:24'),
  ('admin', '73.254.0.12', 1, NULL, 'Mozilla/5.0', '2026-05-03 17:52:40'),
  ('gary', '24.36.79.5', 1, NULL, 'Mozilla/5.0', '2026-05-05 07:42:15'),
  ('matthew', '24.36.79.5', 1, NULL, 'Mozilla/5.0', '2026-05-09 06:44:33'),
  ('matthew', '73.254.0.12', 1, NULL, 'Mozilla/5.0', '2026-05-02 20:13:12'),
  ('gary', '24.36.79.5', 1, NULL, 'Mozilla/5.0', '2026-04-19 08:02:02'),
  ('gary', '73.254.0.12', 1, NULL, 'Mozilla/5.0', '2026-05-06 08:16:16'),
  ('gary', '24.36.79.5', 1, NULL, 'Mozilla/5.0', '2026-05-11 07:17:24'),
  ('gary', '73.254.0.12', 1, NULL, 'Mozilla/5.0', '2026-05-01 03:27:18'),
  ('unknown', '103.245.89.10', 0, 'Rate limit', 'Mozilla/5.0', '2026-04-23 21:36:42'),
  ('matthew', '24.36.79.5', 1, NULL, 'Mozilla/5.0', '2026-04-20 14:51:44'),
  ('admin', '24.36.79.5', 1, NULL, 'Mozilla/5.0', '2026-04-24 21:24:46'),
  ('admin', '24.36.79.5', 1, NULL, 'Mozilla/5.0', '2026-04-13 03:38:47'),
  ('admin', '24.36.79.5', 1, NULL, 'Mozilla/5.0', '2026-04-28 10:18:29'),
  ('unknown', '45.155.205.211', 0, 'Invalid password', 'Mozilla/5.0', '2026-04-14 03:36:02'),
  ('hackbot', '185.220.101.5', 0, 'Account locked', 'Mozilla/5.0', '2026-05-01 13:05:51'),
  ('admin', '24.36.79.5', 1, NULL, 'Mozilla/5.0', '2026-04-14 05:47:52');

INSERT IGNORE INTO phi_access_log
  (username, user_id, action_type, PatNum, description, success, ip_address, timestamp) VALUES
  ('matthew', 15, 'view_balance', 70126, 'Operator accessed patient 70126 for view_balance', 1, '127.0.0.1', '2026-04-07 10:25:16'),
  ('gary', 14, 'view_payment_history', 30846, 'Operator accessed patient 30846 for view_payment_history', 1, '127.0.0.1', '2026-04-03 06:18:37'),
  ('admin', 13, 'view_balance', 48008, 'Operator accessed patient 48008 for view_balance', 1, '127.0.0.1', '2026-05-09 10:47:06'),
  ('gary', 14, 'view_patient', 28433, 'Operator accessed patient 28433 for view_patient', 1, '127.0.0.1', '2026-03-11 06:01:48'),
  ('gary', 14, 'view_chart', 92028, 'Operator accessed patient 92028 for view_chart', 1, '127.0.0.1', '2026-02-13 09:03:36'),
  ('gary', 14, 'view_patient', 78590, 'Operator accessed patient 78590 for view_patient', 1, '127.0.0.1', '2026-02-17 00:27:26'),
  ('matthew', 15, 'view_balance', 54333, 'Operator accessed patient 54333 for view_balance', 1, '127.0.0.1', '2026-05-10 11:32:46'),
  ('matthew', 15, 'view_patient', 60292, 'Operator accessed patient 60292 for view_patient', 1, '127.0.0.1', '2026-03-29 10:47:16'),
  ('matthew', 15, 'view_chart', 90830, 'Operator accessed patient 90830 for view_chart', 1, '127.0.0.1', '2026-02-25 05:31:04'),
  ('gary', 14, 'view_payment_history', 70110, 'Operator accessed patient 70110 for view_payment_history', 1, '127.0.0.1', '2026-02-20 16:09:32'),
  ('admin', 13, 'view_patient', 23833, 'Operator accessed patient 23833 for view_patient', 1, '127.0.0.1', '2026-03-24 19:21:19'),
  ('matthew', 15, 'export_patient_data', 12624, 'Operator accessed patient 12624 for export_patient_data', 1, '127.0.0.1', '2026-02-14 11:20:07'),
  ('matthew', 15, 'view_balance', 34153, 'Operator accessed patient 34153 for view_balance', 1, '127.0.0.1', '2026-05-05 19:59:46'),
  ('gary', 14, 'view_payment_history', 57176, 'Operator accessed patient 57176 for view_payment_history', 1, '127.0.0.1', '2026-02-25 04:55:24'),
  ('admin', 13, 'view_patient', 98074, 'Operator accessed patient 98074 for view_patient', 1, '127.0.0.1', '2026-04-03 17:57:54'),
  ('matthew', 15, 'view_chart', 37098, 'Operator accessed patient 37098 for view_chart', 1, '127.0.0.1', '2026-03-03 06:51:27'),
  ('matthew', 15, 'view_payment_history', 87289, 'Operator accessed patient 87289 for view_payment_history', 1, '127.0.0.1', '2026-04-20 13:01:12'),
  ('admin', 13, 'view_balance', 80521, 'Operator accessed patient 80521 for view_balance', 1, '127.0.0.1', '2026-04-02 20:21:29'),
  ('matthew', 15, 'view_chart', 19274, 'Operator accessed patient 19274 for view_chart', 1, '127.0.0.1', '2026-04-21 09:13:14'),
  ('gary', 14, 'view_patient', 48834, 'Operator accessed patient 48834 for view_patient', 1, '127.0.0.1', '2026-05-06 22:56:21'),
  ('gary', 14, 'view_payment_history', 85821, 'Operator accessed patient 85821 for view_payment_history', 1, '127.0.0.1', '2026-02-26 22:32:07'),
  ('admin', 13, 'view_payment_history', 37908, 'Operator accessed patient 37908 for view_payment_history', 1, '127.0.0.1', '2026-03-27 13:24:19'),
  ('gary', 14, 'view_balance', 57229, 'Operator accessed patient 57229 for view_balance', 1, '127.0.0.1', '2026-04-28 07:13:32'),
  ('admin', 13, 'export_patient_data', 38494, 'Operator accessed patient 38494 for export_patient_data', 1, '127.0.0.1', '2026-05-03 05:01:40'),
  ('admin', 13, 'view_patient', 18394, 'Operator accessed patient 18394 for view_patient', 1, '127.0.0.1', '2026-03-31 23:23:32'),
  ('gary', 14, 'export_patient_data', 47995, 'Operator accessed patient 47995 for export_patient_data', 1, '127.0.0.1', '2026-04-10 04:47:37'),
  ('matthew', 15, 'view_payment_history', 35980, 'Operator accessed patient 35980 for view_payment_history', 1, '127.0.0.1', '2026-03-09 12:04:43'),
  ('gary', 14, 'view_patient', 98043, 'Operator accessed patient 98043 for view_patient', 1, '127.0.0.1', '2026-04-28 14:15:45'),
  ('gary', 14, 'view_patient', 67787, 'Operator accessed patient 67787 for view_patient', 1, '127.0.0.1', '2026-05-01 08:29:36'),
  ('admin', 13, 'view_patient', 84425, 'Operator accessed patient 84425 for view_patient', 1, '127.0.0.1', '2026-03-05 22:34:10'),
  ('matthew', 15, 'view_patient', 23835, 'Operator accessed patient 23835 for view_patient', 1, '127.0.0.1', '2026-04-02 04:25:54'),
  ('admin', 13, 'view_payment_history', 61999, 'Operator accessed patient 61999 for view_payment_history', 1, '127.0.0.1', '2026-04-22 10:21:03'),
  ('admin', 13, 'view_patient', 15622, 'Operator accessed patient 15622 for view_patient', 1, '127.0.0.1', '2026-04-16 16:53:48'),
  ('gary', 14, 'view_payment_history', 42432, 'Operator accessed patient 42432 for view_payment_history', 1, '127.0.0.1', '2026-03-11 22:41:51'),
  ('gary', 14, 'view_chart', 10295, 'Operator accessed patient 10295 for view_chart', 1, '127.0.0.1', '2026-03-29 00:51:30'),
  ('matthew', 15, 'view_payment_history', 55756, 'Operator accessed patient 55756 for view_payment_history', 1, '127.0.0.1', '2026-04-25 16:55:48'),
  ('admin', 13, 'view_payment_history', 27460, 'Operator accessed patient 27460 for view_payment_history', 1, '127.0.0.1', '2026-04-04 18:17:09'),
  ('gary', 14, 'view_balance', 47386, 'Operator accessed patient 47386 for view_balance', 1, '127.0.0.1', '2026-03-26 01:49:03'),
  ('gary', 14, 'view_chart', 78336, 'Operator accessed patient 78336 for view_chart', 1, '127.0.0.1', '2026-05-08 19:48:12'),
  ('matthew', 15, 'view_balance', 63960, 'Operator accessed patient 63960 for view_balance', 1, '127.0.0.1', '2026-04-16 23:53:35'),
  ('gary', 14, 'view_balance', 27863, 'Operator accessed patient 27863 for view_balance', 1, '127.0.0.1', '2026-04-04 13:00:21'),
  ('matthew', 15, 'export_patient_data', 36181, 'Operator accessed patient 36181 for export_patient_data', 1, '127.0.0.1', '2026-04-19 06:51:34'),
  ('matthew', 15, 'export_patient_data', 97961, 'Operator accessed patient 97961 for export_patient_data', 1, '127.0.0.1', '2026-04-22 07:49:39'),
  ('matthew', 15, 'view_patient', 90322, 'Operator accessed patient 90322 for view_patient', 1, '127.0.0.1', '2026-04-01 10:19:25'),
  ('admin', 13, 'view_payment_history', 28681, 'Operator accessed patient 28681 for view_payment_history', 1, '127.0.0.1', '2026-03-22 22:40:13'),
  ('admin', 13, 'view_chart', 83975, 'Operator accessed patient 83975 for view_chart', 1, '127.0.0.1', '2026-02-15 04:48:24'),
  ('matthew', 15, 'view_chart', 48605, 'Operator accessed patient 48605 for view_chart', 1, '127.0.0.1', '2026-04-14 04:54:54'),
  ('admin', 13, 'export_patient_data', 20481, 'Operator accessed patient 20481 for export_patient_data', 1, '127.0.0.1', '2026-03-13 15:29:47'),
  ('matthew', 15, 'view_chart', 47709, 'Operator accessed patient 47709 for view_chart', 1, '127.0.0.1', '2026-02-17 08:21:47'),
  ('gary', 14, 'view_chart', 11664, 'Operator accessed patient 11664 for view_chart', 1, '127.0.0.1', '2026-03-05 16:34:38');

SET FOREIGN_KEY_CHECKS = 1;


SET FOREIGN_KEY_CHECKS = 1;

-- =====================================================================
-- END SEED DATA
-- =====================================================================
